ICAO,Airport Name,City,State,Country,Airport Link
,White Willow,Great Meadows,NJ ,USA,https://acukwik.com/Airport-Info/JY27
,Great Valley,Great Valley,NY ,USA,https://acukwik.com/Airport-Info/N56
,Ajc,Greeley,CO ,USA,https://acukwik.com/Airport-Info/CO66
,Easton/Valley View,Greeley,CO ,USA,https://acukwik.com/Airport-Info/11V
,Greeley Municipal,Greeley,NE ,USA,https://acukwik.com/Airport-Info/NE46
KGXY,Greeley-Weld County,Greeley,CO ,USA,https://acukwik.com/Airport-Info/KGXY
,Ncmc,Greeley,CO ,USA,https://acukwik.com/Airport-Info/98CO
,Green Bank Observatory,Green Bank,WV ,USA,https://acukwik.com/Airport-Info/WV52
,Aegis,Green Bay,WI ,USA,https://acukwik.com/Airport-Info/4WN7
KGRB,Green Bay/Austin Straubel International,Green Bay,WI ,USA,https://acukwik.com/Airport-Info/KGRB
,Martins Aerodrome,Green Bay,WI ,USA,https://acukwik.com/Airport-Info/WI78
,Nicolet,Green Bay,WI ,USA,https://acukwik.com/Airport-Info/88WI
,St Mary's Hospital,Green Bay,WI ,USA,https://acukwik.com/Airport-Info/33WI
,St Vincent Hospital,Green Bay,WI ,USA,https://acukwik.com/Airport-Info/7WI3
,Haller Airpark,Green Cove Springs,FL ,USA,https://acukwik.com/Airport-Info/7FL4
,Reynolds Airpark,Green Cove Springs,FL ,USA,https://acukwik.com/Airport-Info/FL60
,Paramount Air,Green Creek,NJ ,USA,https://acukwik.com/Airport-Info/JY04
,Hostetler's Airfield,Green Forest,AR ,USA,https://acukwik.com/Airport-Info/5AR8
,Green River Municipal,Green River,UT ,USA,https://acukwik.com/Airport-Info/U34
,Gtr Green River Intergalactic Spaceport,Green River,WY ,USA,https://acukwik.com/Airport-Info/48U
,Green Sea,Green Sea,SC ,USA,https://acukwik.com/Airport-Info/79SC
,Ruby Star Airpark,Green Valley,AZ ,USA,https://acukwik.com/Airport-Info/14AZ
,Santa Cruz Valley Regional Hospital,Green Valley,AZ ,USA,https://acukwik.com/Airport-Info/AZ69
,Mcgraw's Backyard,Greenback,TN ,USA,https://acukwik.com/Airport-Info/5TN4
,Village,Greenback,TN ,USA,https://acukwik.com/Airport-Info/0TN2
,Ira's Airstrip,Greenbrier,AR ,USA,https://acukwik.com/Airport-Info/52AR
,Greencastle Usar Center,Greencastle,PA ,USA,https://acukwik.com/Airport-Info/52PN
,Hampton Field,Greencastle,IN ,USA,https://acukwik.com/Airport-Info/38II
,Jj & Pk,Greencastle,PA ,USA,https://acukwik.com/Airport-Info/PA08
KGPC,Putnam County Regional,Greencastle,IN ,USA,https://acukwik.com/Airport-Info/KGPC
,Greene,Greene,NY ,USA,https://acukwik.com/Airport-Info/4N7
,Riconn,Greene,RI ,USA,https://acukwik.com/Airport-Info/RI11
,Rocky Ridge,Greene,ME ,USA,https://acukwik.com/Airport-Info/ME39
KGCY,Greeneville Municipal,Greeneville,TN ,USA,https://acukwik.com/Airport-Info/KGCY
,Adair County Memorial Hospital,Greenfield,IA ,USA,https://acukwik.com/Airport-Info/75IA
,Frost Field,Greenfield,IN ,USA,https://acukwik.com/Airport-Info/0II7
KGFZ,Greenfield Municipal,Greenfield,IA ,USA,https://acukwik.com/Airport-Info/KGFZ
,Hancock Regional Hospital,Greenfield,IN ,USA,https://acukwik.com/Airport-Info/8IN4
,Harter Flying Field,Greenfield,IN ,USA,https://acukwik.com/Airport-Info/79II
,Metz,Greenfield,CA ,USA,https://acukwik.com/Airport-Info/3CA7
,Parker International,Greenfield,NH ,USA,https://acukwik.com/Airport-Info/NH14
KGFD,Pope Field,Greenfield,IN ,USA,https://acukwik.com/Airport-Info/KGFD
,Ross Field,Greenfield,OH ,USA,https://acukwik.com/Airport-Info/OI25
,Schleter Field,Greenfield,IN ,USA,https://acukwik.com/Airport-Info/IN09
,Willis,Greenfield,IN ,USA,https://acukwik.com/Airport-Info/4II8
,Willis Site Nr 2,Greenfield,IN ,USA,https://acukwik.com/Airport-Info/6II2
,C R Acres,Greenleaf,WI ,USA,https://acukwik.com/Airport-Info/2WS3
,Greenleaf Air Ranch,Greenleaf,ID ,USA,https://acukwik.com/Airport-Info/ID90
,Eastern Long Island,Greenport,NY ,USA,https://acukwik.com/Airport-Info/NK48
,Air Harbor,Greensboro,NC ,USA,https://acukwik.com/Airport-Info/W88
,Atrium Health Wake Forest GSO Hospital,Greensboro,NC ,USA,https://acukwik.com/Airport-Info/29NR
KCPP,Greene County Regional,Greensboro,GA ,USA,https://acukwik.com/Airport-Info/KCPP
,Greensboro Exec,Greensboro,NC ,USA,https://acukwik.com/Airport-Info/3A4
,Greensboro Municipal,Greensboro,AL ,USA,https://acukwik.com/Airport-Info/7A0
,Meylor Field,Greensboro,NC ,USA,https://acukwik.com/Airport-Info/9NC9
KGSO,Piedmont Triad International,Greensboro,NC ,USA,https://acukwik.com/Airport-Info/KGSO
,Spiering,Greensboro,MD ,USA,https://acukwik.com/Airport-Info/8MD4
,Decatur County Memorial Hospital,Greensburg,IN ,USA,https://acukwik.com/Airport-Info/IN35
,Excela Health,Greensburg,PA ,USA,https://acukwik.com/Airport-Info/PA28
,Greensburg Municipal,Greensburg,IN ,USA,https://acukwik.com/Airport-Info/I34
,Greensburg Municipal,Greensburg,KS ,USA,https://acukwik.com/Airport-Info/9KS
,Jane Todd Crawford Hospital,Greensburg,KY ,USA,https://acukwik.com/Airport-Info/6KY2
,St Helena Parish Hospital,Greensburg,LA ,USA,https://acukwik.com/Airport-Info/LS22
,West Penn Power,Greensburg,PA ,USA,https://acukwik.com/Airport-Info/PA22
,Fowler Field /Pvt,Greentown,IN ,USA,https://acukwik.com/Airport-Info/62IN
,Mountain Bay Air Park Inc,Greentown,PA ,USA,https://acukwik.com/Airport-Info/PA49
,Abide Airpark,Greenville,MS ,USA,https://acukwik.com/Airport-Info/MS30
,Bon Secours St Francis Hospital,Greenville,SC ,USA,https://acukwik.com/Airport-Info/1SC5
,Burgess Lake,Greenville,MI ,USA,https://acukwik.com/Airport-Info/50MI
,C A Dean Memorial Hospital,Greenville,ME ,USA,https://acukwik.com/Airport-Info/ME49
,Delta Regional Medical Center,Greenville,MS ,USA,https://acukwik.com/Airport-Info/MS05
KGYH,Donaldson Field,Greenville,SC ,USA,https://acukwik.com/Airport-Info/KGYH
,ECU Health Medical Center,Greenville,NC ,USA,https://acukwik.com/Airport-Info/NC91
,Fairplains Airpark,Greenville,MI ,USA,https://acukwik.com/Airport-Info/02MI
,Finlayson Farm,Greenville,FL ,USA,https://acukwik.com/Airport-Info/9FL8
,Flyers Field,Greenville,TX ,USA,https://acukwik.com/Airport-Info/31TS
KGRE,Greenville,Greenville,IL ,USA,https://acukwik.com/Airport-Info/KGRE
KGMU,Greenville Downtown,Greenville,SC ,USA,https://acukwik.com/Airport-Info/KGMU
,Greenville Forestry,Greenville,ME ,USA,https://acukwik.com/Airport-Info/ME30
,Greenville Memorial Hospital,Greenville,SC ,USA,https://acukwik.com/Airport-Info/15SC
KGLH,Greenville Mid-Delta,Greenville,MS ,USA,https://acukwik.com/Airport-Info/KGLH
,Greenville Municipal,Greenville,ME ,USA,https://acukwik.com/Airport-Info/3B1
,Greenville Municipal,Greenville,MI ,USA,https://acukwik.com/Airport-Info/6D6
,Greenville Municipal,Greenville,PA ,USA,https://acukwik.com/Airport-Info/4G1
,Greenville-Rainbow,Greenville,NY ,USA,https://acukwik.com/Airport-Info/1H4
,Hartness,Greenville,SC ,USA,https://acukwik.com/Airport-Info/10SC
,Heart Of Dixie Aero Estates,Greenville,AL ,USA,https://acukwik.com/Airport-Info/68AL
,Horizon Hospital System Greenville,Greenville,PA ,USA,https://acukwik.com/Airport-Info/PA46
,Hshs Holy Family Hospital,Greenville,IL ,USA,https://acukwik.com/Airport-Info/59IS
,Hunt Regional Medical Center,Greenville,TX ,USA,https://acukwik.com/Airport-Info/XA56
,Jlinn,Greenville,TX ,USA,https://acukwik.com/Airport-Info/37TS
KPRN,Mac Crenshaw Memorial,Greenville,AL ,USA,https://acukwik.com/Airport-Info/KPRN
KGVT,Majors,Greenville,TX ,USA,https://acukwik.com/Airport-Info/KGVT
,Mcgee 02,Greenville,NC ,USA,https://acukwik.com/Airport-Info/02NR
,Moosehead Aero Marine,Greenville,ME ,USA,https://acukwik.com/Airport-Info/52B
,Mountain Ridge,Greenville,SC ,USA,https://acukwik.com/Airport-Info/25SC
,Muhlenberg County,Greenville,KY ,USA,https://acukwik.com/Airport-Info/M21
,Palmetto,Greenville,SC ,USA,https://acukwik.com/Airport-Info/SC59
KPGV,Pitt-Greenville,Greenville,NC ,USA,https://acukwik.com/Airport-Info/KPGV
,Plumas Hospital District,Greenville,CA ,USA,https://acukwik.com/Airport-Info/30CA
,Pratt,Greenville,FL ,USA,https://acukwik.com/Airport-Info/20FD
,Quality Care Er,Greenville,TX ,USA,https://acukwik.com/Airport-Info/XA35
,Ragmuff,Greenville,ME ,USA,https://acukwik.com/Airport-Info/ME26
,Regional Medical Cntr Of Cntrl Alabama,Greenville,AL ,USA,https://acukwik.com/Airport-Info/29AL
,Rough Country,Greenville,GA ,USA,https://acukwik.com/Airport-Info/7GE7
,Sword's Landing,Greenville,TX ,USA,https://acukwik.com/Airport-Info/77TA
,Tommy's Field,Greenville,TN ,USA,https://acukwik.com/Airport-Info/4TN5
,Trump,Greenville,OH ,USA,https://acukwik.com/Airport-Info/16OI
,Wabasis Lake,Greenville,MI ,USA,https://acukwik.com/Airport-Info/MI80
,Weese International,Greenville,TX ,USA,https://acukwik.com/Airport-Info/XS14
,Currier's,Greenville Junction,ME ,USA,https://acukwik.com/Airport-Info/21M
,Pcfd Nr 26,Greenwater,WA ,USA,https://acukwik.com/Airport-Info/2WA0
,Ranger Creek,Greenwater,WA ,USA,https://acukwik.com/Airport-Info/21W
,Archdale Meadows,Greenwich,NY ,USA,https://acukwik.com/Airport-Info/NY63
,Tracy Field,Greenwich,NY ,USA,https://acukwik.com/Airport-Info/4NK2
,Chipola Airpark,Greenwood,FL ,USA,https://acukwik.com/Airport-Info/5FL8
KGRD,Greenwood County,Greenwood,SC ,USA,https://acukwik.com/Airport-Info/KGRD
KGWO,Greenwood Leflore,Greenwood,MS ,USA,https://acukwik.com/Airport-Info/KGWO
,Greenwood-Leflore Hospital,Greenwood,MS ,USA,https://acukwik.com/Airport-Info/MS16
,Henderson,Greenwood,MS ,USA,https://acukwik.com/Airport-Info/8MS1
,Robinson Field,Greenwood,IN ,USA,https://acukwik.com/Airport-Info/8IN2
,Sugar Hill,Greenwood,DE ,USA,https://acukwik.com/Airport-Info/DE17
,Town Line,Greenwood,WI ,USA,https://acukwik.com/Airport-Info/WI79
,Yankee Port,Greenwood Village,CO ,USA,https://acukwik.com/Airport-Info/CO44
,Galt Field,Greenwood/Wonder Lake,IL ,USA,https://acukwik.com/Airport-Info/10C
,Chandelle,Greer,SC ,USA,https://acukwik.com/Airport-Info/SC72
KGSP,Greenville Spartanburg International,Greer,SC ,USA,https://acukwik.com/Airport-Info/KGSP
,Greer Memorial Hospital,Greer,SC ,USA,https://acukwik.com/Airport-Info/75SC
,The Flying Few,Greer,SC ,USA,https://acukwik.com/Airport-Info/66SC
,Diamond Bluff,Greers Ferry,AR ,USA,https://acukwik.com/Airport-Info/1AR6
,Phalanx,Greers Ferry,AR ,USA,https://acukwik.com/Airport-Info/30AR
,Skypoint Estates,Greers Ferry,AR ,USA,https://acukwik.com/Airport-Info/33AR
,Verser's Landing,Greers Ferry,AR ,USA,https://acukwik.com/Airport-Info/7AR2
,David Stanley Memorial,Gregory,AR ,USA,https://acukwik.com/Airport-Info/36AR
,Galloway Farms,Gregory,AR ,USA,https://acukwik.com/Airport-Info/94AR
,Gregory Municipal - Flynn Field,Gregory,SD ,USA,https://acukwik.com/Airport-Info/9D1
,Richmond Field,Gregory,MI ,USA,https://acukwik.com/Airport-Info/69G
KGNF,Grenada Municipal,Grenada,MS ,USA,https://acukwik.com/Airport-Info/KGNF
,Spencer Field,Grenada,MS ,USA,https://acukwik.com/Airport-Info/2MS8
,Peterson,Grendra,ND ,USA,https://acukwik.com/Airport-Info/ND86
,Storseth Airstrip,Grenora,ND ,USA,https://acukwik.com/Airport-Info/NA63
,Mount Hood Medical Center,Gresham,OR ,USA,https://acukwik.com/Airport-Info/56OR
,Bresette,Gretna,NE ,USA,https://acukwik.com/Airport-Info/NE24
,Koke,Gretna,NE ,USA,https://acukwik.com/Airport-Info/NE49
,Lockerman,Gretna,VA ,USA,https://acukwik.com/Airport-Info/VA48
KGEY,South Big Horn County,Greybull,WY ,USA,https://acukwik.com/Airport-Info/KGEY
,Kuntz,Gridley,IL ,USA,https://acukwik.com/Airport-Info/3IL8
,Beaverbrook Aerodrome,Griffin,GA ,USA,https://acukwik.com/Airport-Info/10GA
,Cedar Ridge,Griffin,GA ,USA,https://acukwik.com/Airport-Info/GA62
,Griffin-Spalding County,Griffin,GA ,USA,https://acukwik.com/Airport-Info/6A2
,Kitchens Field,Griffin,GA ,USA,https://acukwik.com/Airport-Info/4GA7
,Pinebrook Estates,Griffin,GA ,USA,https://acukwik.com/Airport-Info/5GA5
,S & S Landing Strip,Griffin,GA ,USA,https://acukwik.com/Airport-Info/8GA6
,Spalding Regional Medical Center,Griffin,GA ,USA,https://acukwik.com/Airport-Info/45GA
,Griffith-Merrillville,Griffith,IN ,USA,https://acukwik.com/Airport-Info/05C
,Tripp Strip,Griffithville,AR ,USA,https://acukwik.com/Airport-Info/3AR5
,Balsdon,Grimes,CA ,USA,https://acukwik.com/Airport-Info/44CL
,Thayer Aviation,Grimes,CA ,USA,https://acukwik.com/Airport-Info/53CN
,Boyd Field,Grimesland,NC ,USA,https://acukwik.com/Airport-Info/NC49
KGGI,Grinnell Regional,Grinnell,IA ,USA,https://acukwik.com/Airport-Info/KGGI
,Grinnell Regional Medical Center,Grinnell,IA ,USA,https://acukwik.com/Airport-Info/IA09
,Fort Parker Flying Field,Groesbeck,TX ,USA,https://acukwik.com/Airport-Info/01TS
,Groton Municipal,Groton,SD ,USA,https://acukwik.com/Airport-Info/2E6
KGON,Groton New London,Groton New London,CT ,USA,https://acukwik.com/Airport-Info/KGON
,Mount Horeb Field,Grottoes,VA ,USA,https://acukwik.com/Airport-Info/06VA
,Albert Lodge,Grove,OK ,USA,https://acukwik.com/Airport-Info/06OK
,Grove General Hospital,Grove,OK ,USA,https://acukwik.com/Airport-Info/8OK5
KGMJ,Grove Regional,Grove,OK ,USA,https://acukwik.com/Airport-Info/KGMJ
,Flying M Ranch,Grove City,PA ,USA,https://acukwik.com/Airport-Info/4PN0
,Grove City,Grove City,PA ,USA,https://acukwik.com/Airport-Info/29D
,Grove City Medical Ctr,Grove City,PA ,USA,https://acukwik.com/Airport-Info/PA57
,Hermitage,Groveland,CA ,USA,https://acukwik.com/Airport-Info/45CN
,Kennedy,Groveland,FL ,USA,https://acukwik.com/Airport-Info/FD78
,Osborn Airfield,Groveland,FL ,USA,https://acukwik.com/Airport-Info/02FA
,Pine Mountain Lake,Groveland,CA ,USA,https://acukwik.com/Airport-Info/E45
,Seven Gullies,Groveland,NY ,USA,https://acukwik.com/Airport-Info/0NK3
,Sheets,Groveland,FL ,USA,https://acukwik.com/Airport-Info/FA42
,Groveton-Trinity County,Groveton,TX ,USA,https://acukwik.com/Airport-Info/33R
,AU Health Columbia County Hospital,Grovetown,GA ,USA,https://acukwik.com/Airport-Info/20GE
,Grundy Center Municipal,Grundy Center,IA ,USA,https://acukwik.com/Airport-Info/6K7
,Grundy County Memorial Hospital,Grundy Center,IA ,USA,https://acukwik.com/Airport-Info/IA28
,Gruver Municipal,Gruver,TX ,USA,https://acukwik.com/Airport-Info/E19
,Grygla Municipal - Mel Wilkens Field,Grygla,MN ,USA,https://acukwik.com/Airport-Info/3G2
,Ocean Ridge,Gualala,CA ,USA,https://acukwik.com/Airport-Info/E55
,Redwood Coast Medical Services,Gualala,CA ,USA,https://acukwik.com/Airport-Info/85CA
KGUR,Camp Guernsey,Guernsey,WY ,USA,https://acukwik.com/Airport-Info/KGUR
,Venissat Airstrip,Gueydan,LA ,USA,https://acukwik.com/Airport-Info/46LS
,Desiderata Ranch,Guffey,CO ,USA,https://acukwik.com/Airport-Info/30CO
,Hecox,Guffey,CO ,USA,https://acukwik.com/Airport-Info/CD71
,Schutte,Guide Rock,NE ,USA,https://acukwik.com/Airport-Info/NE01
,Gulf Breeze Hospital,Gulf Breeze,FL ,USA,https://acukwik.com/Airport-Info/FD47
,Bon Secour,Gulf Shores,AL ,USA,https://acukwik.com/Airport-Info/AL96
KJKA,Gulf Shores International/Jack Edwards Field,Gulf Shores,AL ,USA,https://acukwik.com/Airport-Info/KJKA
,Gulf State Park,Gulf Shores,AL ,USA,https://acukwik.com/Airport-Info/AL75
,Little Lagoon,Gulf Shores,AL ,USA,https://acukwik.com/Airport-Info/08AL
,South Baldwin Coastal Fed,Gulf Shores,AL ,USA,https://acukwik.com/Airport-Info/90AL
,Gulfport Jail,Gulfport,MS ,USA,https://acukwik.com/Airport-Info/MS89
KGPT,Gulfport-Biloxi International,Gulfport,MS ,USA,https://acukwik.com/Airport-Info/KGPT
,Memorial Hospital,Gulfport,MS ,USA,https://acukwik.com/Airport-Info/MS17
,Shade Tree Field,Gulfport,MS ,USA,https://acukwik.com/Airport-Info/MS82
PAGK,Gulkana,Gulkana,AK ,USA,https://acukwik.com/Airport-Info/PAGK
,Jacobus Field,Gulkana,AK ,USA,https://acukwik.com/Airport-Info/8AK1
,Gun Barrel City Airpark,Gun Barrel City,TX ,USA,https://acukwik.com/Airport-Info/74XA
,Medical Emergency Gbc,Gun Barrel City,TX ,USA,https://acukwik.com/Airport-Info/8TX1
,Ut Health East Texas Cedar Creek Lake,Gun Barrel City,TX ,USA,https://acukwik.com/Airport-Info/TS72
,Gunnison Valley Hospital,Gunnison,CO ,USA,https://acukwik.com/Airport-Info/CD12
KGUC,Gunnison/Crested Butte Regional,Gunnison,CO ,USA,https://acukwik.com/Airport-Info/KGUC
,Guntersville Municipal/Joe Starnes Field,Guntersville,AL ,USA,https://acukwik.com/Airport-Info/8A1
,Marshall Medical Center North,Guntersville,AL ,USA,https://acukwik.com/Airport-Info/5AL0
,Gurdon Lowe Field Municipal,Gurdon,AR ,USA,https://acukwik.com/Airport-Info/5M8
,Frerichs,Gurley,AL ,USA,https://acukwik.com/Airport-Info/AL10
PAGS,Gustavus,Gustavus,AK ,USA,https://acukwik.com/Airport-Info/PAGS
,Gustine Municipal,Gustine,CA ,USA,https://acukwik.com/Airport-Info/3O1
,6666 Ranch,Guthrie,TX ,USA,https://acukwik.com/Airport-Info/6TE6
,Beggs Ranch,Guthrie,TX ,USA,https://acukwik.com/Airport-Info/1TX3
,Chappell,Guthrie,OK ,USA,https://acukwik.com/Airport-Info/0OK5
,Ellis/Harvey,Guthrie,OK ,USA,https://acukwik.com/Airport-Info/0OK6
,Gk Edwards,Guthrie,OK ,USA,https://acukwik.com/Airport-Info/OL56
KGOK,Guthrie/Edmond Regional,Guthrie,OK ,USA,https://acukwik.com/Airport-Info/KGOK
,Higley Field,Guthrie,OK ,USA,https://acukwik.com/Airport-Info/55OL
,Pegasus Airpark,Guthrie,OK ,USA,https://acukwik.com/Airport-Info/74OK
KGCT,Guthrie County Regional,Guthrie Center,IA ,USA,https://acukwik.com/Airport-Info/KGCT
,Gaa Private,Guttenberg,IA ,USA,https://acukwik.com/Airport-Info/IA23
,Guttenberg Municipal Hosp,Guttenberg,IA ,USA,https://acukwik.com/Airport-Info/IA60
,Rak,Guy,AR ,USA,https://acukwik.com/Airport-Info/20AR
KGUY,Guymon Municipal,Guymon,OK ,USA,https://acukwik.com/Airport-Info/KGUY
,Briggs Field,Guyton,GA ,USA,https://acukwik.com/Airport-Info/GA43
,Lesterson-Dempsey Airstrip,Gwinn,MI ,USA,https://acukwik.com/Airport-Info/0MI4
KGWR,Gwinner-Roger Melroe Field,Gwinner,ND ,USA,https://acukwik.com/Airport-Info/KGWR
,Goldys Field,Gypsum,CO ,USA,https://acukwik.com/Airport-Info/CO47
,Southwell H Q,Hachita,NM ,USA,https://acukwik.com/Airport-Info/NM43
,Music Mountain Air Ranch,Hackberry,AZ ,USA,https://acukwik.com/Airport-Info/68AZ
,West Hackberry,Hackberry,LA ,USA,https://acukwik.com/Airport-Info/0LA0
,Creamer,Hackensack,NJ ,USA,https://acukwik.com/Airport-Info/98NJ
,Hackensack Medical Center,Hackensack,NJ ,USA,https://acukwik.com/Airport-Info/NJ22
,Sunnyside,Hackensack,MN ,USA,https://acukwik.com/Airport-Info/3MN5
,Webb Lake,Hackensack,MN ,USA,https://acukwik.com/Airport-Info/MN00
,Hackettstown,Hackettstown,NJ ,USA,https://acukwik.com/Airport-Info/N05
,Hackettstown Community Hospital,Hackettstown,NJ ,USA,https://acukwik.com/Airport-Info/NJ66
,Pio Costa Sand & Gravel,Hackettstown/Great Meadows,NJ ,USA,https://acukwik.com/Airport-Info/94NJ
,Hadley,Hadley,MA ,USA,https://acukwik.com/Airport-Info/03MA
,Craig Company,Hagerstown,MD ,USA,https://acukwik.com/Airport-Info/MD30
,Hagerstown,Hagerstown,IN ,USA,https://acukwik.com/Airport-Info/I61
KHGR,Hagerstown Regional /Richard A Henson Field,Hagerstown,MD ,USA,https://acukwik.com/Airport-Info/KHGR
,Laura's Landing,Hagerstown,MD ,USA,https://acukwik.com/Airport-Info/22MD
,Meritus Hospital,Hagerstown,MD ,USA,https://acukwik.com/Airport-Info/5MD3
,Vinayaka Missions America University,Hagerstown,MD ,USA,https://acukwik.com/Airport-Info/7MD4
,Wilbur Wright Birthplace,Hagerstown,IN ,USA,https://acukwik.com/Airport-Info/II9
,Schumacher Strip,Hague,ND ,USA,https://acukwik.com/Airport-Info/0ND6
,Triche Field,Hahnville,LA ,USA,https://acukwik.com/Airport-Info/1LA1
,4z Ranch,Hailey,ID ,USA,https://acukwik.com/Airport-Info/30ID
KSUN,Friedman Memorial,Hailey,ID ,USA,https://acukwik.com/Airport-Info/KSUN
,Magic Reservoir,Hailey,ID ,USA,https://acukwik.com/Airport-Info/U93
,18 Meadows Aerodrome,Haines,AK ,USA,https://acukwik.com/Airport-Info/18AA
,35 Mile Lodge,Haines,AK ,USA,https://acukwik.com/Airport-Info/AA35
,Airkat Airpark,Haines,AK ,USA,https://acukwik.com/Airport-Info/9AA9
,Big Salmon,Haines,AK ,USA,https://acukwik.com/Airport-Info/0AA6
PAHN,Haines,Haines,AK ,USA,https://acukwik.com/Airport-Info/PAHN
,Jensens Strip,Haines,OR ,USA,https://acukwik.com/Airport-Info/OR11
,Muddy Creek,Haines,OR ,USA,https://acukwik.com/Airport-Info/OG27
,Adventhealth Heart of Florida,Haines City,FL ,USA,https://acukwik.com/Airport-Info/2FL9
,Gore,Haines City,FL ,USA,https://acukwik.com/Airport-Info/4FL9
,Oak Harbor,Haines City,FL ,USA,https://acukwik.com/Airport-Info/FA73
,Mount Pleasant Landing Strip,Hainesburg,NJ ,USA,https://acukwik.com/Airport-Info/67NJ
,Field Of Dreams,Hale,MI ,USA,https://acukwik.com/Airport-Info/H80
,Sage Lake,Hale,MI ,USA,https://acukwik.com/Airport-Info/M47
,Laney Farm,Hale Center,TX ,USA,https://acukwik.com/Airport-Info/1TX5
,Carleton,Hales Location,NH ,USA,https://acukwik.com/Airport-Info/62NH
,Cheney,Hales Location,NH ,USA,https://acukwik.com/Airport-Info/NH91
,Lakeland Community Hospital,Haleyville,AL ,USA,https://acukwik.com/Airport-Info/98AL
,Posey Field,Haleyville,AL ,USA,https://acukwik.com/Airport-Info/1M4
KHAF,Half Moon Bay,Half Moon Bay,CA ,USA,https://acukwik.com/Airport-Info/KHAF
,Pine Valley,Halfway,OR ,USA,https://acukwik.com/Airport-Info/OR70
,Smith Farms,Halfway,TX ,USA,https://acukwik.com/Airport-Info/0TA2
,Fox Fire,Halifax,VA ,USA,https://acukwik.com/Airport-Info/33VA
,Monponsett Pond,Halifax,MA ,USA,https://acukwik.com/Airport-Info/MA6
,Winters,Hall,IN ,USA,https://acukwik.com/Airport-Info/0II9
,Hallettsville Municipal,Hallettsville,TX ,USA,https://acukwik.com/Airport-Info/34R
,Fredericks Ranch,Halliday,ND ,USA,https://acukwik.com/Airport-Info/44ND
,Frei Private,Halliday,ND ,USA,https://acukwik.com/Airport-Info/ND16
,Smith Strip,Halliday,ND ,USA,https://acukwik.com/Airport-Info/10ND
KHCO,Hallock Municipal,Hallock,MN ,USA,https://acukwik.com/Airport-Info/KHCO
,Arnold Field,Halls,TN ,USA,https://acukwik.com/Airport-Info/M31
,Cal Black Memorial,Halls Crossing,UT ,USA,https://acukwik.com/Airport-Info/U96
,Jim's Airstrip,Halsey,OR ,USA,https://acukwik.com/Airport-Info/OG16
,Aslesen,Halstad,MN ,USA,https://acukwik.com/Airport-Info/8MN2
,Christianson Field,Halstad,MN ,USA,https://acukwik.com/Airport-Info/26MN
,Halstead,Halstead,KS ,USA,https://acukwik.com/Airport-Info/SN05
,Cooks Landing,Ham Lake,MN ,USA,https://acukwik.com/Airport-Info/MN87
,Lexington,Ham Lake,MN ,USA,https://acukwik.com/Airport-Info/4MN3
,Risovi Ranch Strip,Hamberg,ND ,USA,https://acukwik.com/Airport-Info/3NA6
,Blue Mountain Academy (Pvt),Hamburg,PA ,USA,https://acukwik.com/Airport-Info/PA92
,Don's Place Airpark,Hamburg,PA ,USA,https://acukwik.com/Airport-Info/68PA
,Gibraltar,Hamburg,NY ,USA,https://acukwik.com/Airport-Info/NK58
,Grape Community Hospital,Hamburg,IA ,USA,https://acukwik.com/Airport-Info/2IA5
,Hamburg,Hamburg,NY ,USA,https://acukwik.com/Airport-Info/4G2
,Bob Thomas Ford,Hamden,CT ,USA,https://acukwik.com/Airport-Info/CT40
,Mc Kinney Field,Hamersville,OH ,USA,https://acukwik.com/Airport-Info/OI57
,Ames,Hamilton,MA ,USA,https://acukwik.com/Airport-Info/92MA
,Av8-Orr Helicopters,Hamilton,MT ,USA,https://acukwik.com/Airport-Info/38MT
KHAO,Butler County Regional-Hogan Field,Hamilton,OH ,USA,https://acukwik.com/Airport-Info/KHAO
,Devon Glen,Hamilton,MA ,USA,https://acukwik.com/Airport-Info/47MA
,Flying Crown,Hamilton,IN ,USA,https://acukwik.com/Airport-Info/7IN2
,Flying K Field,Hamilton,MT ,USA,https://acukwik.com/Airport-Info/57MT
,Fort Hamilton Hospital,Hamilton,OH ,USA,https://acukwik.com/Airport-Info/OA15
,Fox Field,Hamilton,MT ,USA,https://acukwik.com/Airport-Info/99MT
,Hamilton Lake,Hamilton,IN ,USA,https://acukwik.com/Airport-Info/01F
KMNZ,Hamilton Municipal,Hamilton,TX ,USA,https://acukwik.com/Airport-Info/KMNZ
KVGC,Hamilton Municipal,Hamilton,NY ,USA,https://acukwik.com/Airport-Info/KVGC
,HH,Hamilton,MI ,USA,https://acukwik.com/Airport-Info/6MI2
,Kimp,Hamilton,MT ,USA,https://acukwik.com/Airport-Info/0MT4
,Lautzenhiser Airpark,Hamilton,IN ,USA,https://acukwik.com/Airport-Info/IN83
KHAB,Marion County-Rankin Fite,Hamilton,AL ,USA,https://acukwik.com/Airport-Info/KHAB
,Muxworthy,Hamilton,TX ,USA,https://acukwik.com/Airport-Info/1TX6
,North Mississippi Medical Center-Hamilton,Hamilton,AL ,USA,https://acukwik.com/Airport-Info/9AL8
KHRF,Ravalli County,Hamilton,MT ,USA,https://acukwik.com/Airport-Info/KHRF
,Ross Landing Zone 1,Hamilton,OH ,USA,https://acukwik.com/Airport-Info/1OH7
,Ross Landing Zone 2,Hamilton,OH ,USA,https://acukwik.com/Airport-Info/1OI7
,Rotorcraft,Hamilton,MT ,USA,https://acukwik.com/Airport-Info/M62
,Stock Farm,Hamilton,MT ,USA,https://acukwik.com/Airport-Info/0MT3
,Sullivan,Hamilton,IL ,USA,https://acukwik.com/Airport-Info/39LL
,The Christ Hospital Medical Center,Hamilton,OH ,USA,https://acukwik.com/Airport-Info/71OH
,Yacht Club,Hamilton,TX ,USA,https://acukwik.com/Airport-Info/8XA7
,Crazy Horse,Hamlin,WV ,USA,https://acukwik.com/Airport-Info/12WV
,Hamlin,Hamlin,TX ,USA,https://acukwik.com/Airport-Info/16TX
,Hamlin Memorial Hospital,Hamlin,TX ,USA,https://acukwik.com/Airport-Info/48TA
,Adkisson,Hammond,IL ,USA,https://acukwik.com/Airport-Info/IL32
,Davis Rla,Hammond,IL ,USA,https://acukwik.com/Airport-Info/0IL7
,Emmerson,Hammond,KS ,USA,https://acukwik.com/Airport-Info/SN69
,Escc,Hammond,IN ,USA,https://acukwik.com/Airport-Info/4II5
,Franciscan Health Hammond,Hammond,IN ,USA,https://acukwik.com/Airport-Info/7IN4
KHDC,Hammond Northshore Regional,Hammond,LA ,USA,https://acukwik.com/Airport-Info/KHDC
,North Oaks Medical Center,Hammond,LA ,USA,https://acukwik.com/Airport-Info/LS02
,Shaw Crop Service,Hammond,LA ,USA,https://acukwik.com/Airport-Info/LA13
,Loucks,Hammondsport,NY ,USA,https://acukwik.com/Airport-Info/25NK
,Bertino,Hammonton,NJ ,USA,https://acukwik.com/Airport-Info/49NJ
,Hammonton Municipal,Hammonton,NJ ,USA,https://acukwik.com/Airport-Info/N81
,Wm B Kessler Memorial Hospital,Hammonton,NJ ,USA,https://acukwik.com/Airport-Info/2JY3
,Casa De Aero Park,Hampshire,IL ,USA,https://acukwik.com/Airport-Info/68IS
,Edward Getzelman,Hampshire,IL ,USA,https://acukwik.com/Airport-Info/7IL7
,Clark,Hampstead,NH ,USA,https://acukwik.com/Airport-Info/10NH
KHMP,Atlanta Speedway,Hampton,GA ,USA,https://acukwik.com/Airport-Info/KHMP
,Beeds Lake,Hampton,IA ,USA,https://acukwik.com/Airport-Info/IA31
,Foss,Hampton,NH ,USA,https://acukwik.com/Airport-Info/NH45
,Halls Flying Ranch,Hampton,GA ,USA,https://acukwik.com/Airport-Info/0GA0
,Hampton Airfield,Hampton,NH ,USA,https://acukwik.com/Airport-Info/7B3
KHPT,Hampton Municipal,Hampton,IA ,USA,https://acukwik.com/Airport-Info/KHPT
,Hampton Municipal,Hampton,AR ,USA,https://acukwik.com/Airport-Info/0R6
,Hampton-Varnville,Hampton,SC ,USA,https://acukwik.com/Airport-Info/3J0
KLFI,Langley AFB,Hampton,VA ,USA,https://acukwik.com/Airport-Info/KLFI
,Sentara Hampton General Hospital,Hampton,VA ,USA,https://acukwik.com/Airport-Info/71VA
,Hamptonville,Hamptonville,NC ,USA,https://acukwik.com/Airport-Info/75NR
PHHN,Hana,Hana,HI ,USA,https://acukwik.com/Airport-Info/PHHN
,Princeville,Hanalei,HI ,USA,https://acukwik.com/Airport-Info/HI01
,Hanamaulu Airstrip,Hanamaulu,HI ,USA,https://acukwik.com/Airport-Info/HI03
PHPA,Port Allen,Hanapepe,HI ,USA,https://acukwik.com/Airport-Info/PHPA
,Mount Aero Lake Farm,Hanceville,AL ,USA,https://acukwik.com/Airport-Info/2AL7
KCMX,Houghton County Memorial,Hancock,MI ,USA,https://acukwik.com/Airport-Info/KCMX
,White Birch,Hancock,NY ,USA,https://acukwik.com/Airport-Info/NK68
,Adventist Medical Center Hanford,Hanford,CA ,USA,https://acukwik.com/Airport-Info/15CN
,Hanford Community Medical Center Helistop,Hanford,CA ,USA,https://acukwik.com/Airport-Info/4CL8
KHJO,Hanford Municipal,Hanford,CA ,USA,https://acukwik.com/Airport-Info/KHJO
,Kings County Houston Ave,Hanford,CA ,USA,https://acukwik.com/Airport-Info/CN53
,Franjo Jo Airways,Hankins,NY ,USA,https://acukwik.com/Airport-Info/NY58
KHVE,Hanksville,Hanksville,UT ,USA,https://acukwik.com/Airport-Info/KHVE
,Hite,Hanksville,UT ,USA,https://acukwik.com/Airport-Info/UT03
,Cyanamid-Hannibal,Hannibal,MO ,USA,https://acukwik.com/Airport-Info/34MO
KHAE,Hannibal Regional,Hannibal,MO ,USA,https://acukwik.com/Airport-Info/KHAE
,Hannibal Regional Hospital,Hannibal,MO ,USA,https://acukwik.com/Airport-Info/0MU3
,Hannibal Regional Hospital,Hannibal,MO ,USA,https://acukwik.com/Airport-Info/33MO
,Upper Hannum Creek,Hannum Creek,AK ,USA,https://acukwik.com/Airport-Info/AK74
,Lee Bottom,Hanover,IN ,USA,https://acukwik.com/Airport-Info/64I
,Merkle,Hanover,IL ,USA,https://acukwik.com/Airport-Info/3IS4
,Phantom One,Hanover,NH ,USA,https://acukwik.com/Airport-Info/27NH
,Simmons,Hanover,MA ,USA,https://acukwik.com/Airport-Info/MA45
,Upmc Hanover Hospital,Hanover,PA ,USA,https://acukwik.com/Airport-Info/37PN
,Woods Farm Airstrip,Hanover,VA ,USA,https://acukwik.com/Airport-Info/VA50
,Hanover Township Fire Station #5,Hanover Township,PA ,USA,https://acukwik.com/Airport-Info/PN87
,Cranland,Hanson,MA ,USA,https://acukwik.com/Airport-Info/28M
,Mirth,Hansville,WA ,USA,https://acukwik.com/Airport-Info/WA22
,Happy Camp,Happy Camp,CA ,USA,https://acukwik.com/Airport-Info/36S
,Happy Canyon,Happy Canyon,UT ,USA,https://acukwik.com/Airport-Info/UT97
,Fagundes Field,Haralson,GA ,USA,https://acukwik.com/Airport-Info/6GA1
,Gable Branch,Haralson,GA ,USA,https://acukwik.com/Airport-Info/5GA0
KMGN,Harbor Springs,Harbor Springs,MI ,USA,https://acukwik.com/Airport-Info/KMGN
,Stat Medevac Harborcreek,Harborcreek,PA ,USA,https://acukwik.com/Airport-Info/39PS
,Big Horn County,Hardin,MT ,USA,https://acukwik.com/Airport-Info/00U
,Circle C Ranch,Hardin,TX ,USA,https://acukwik.com/Airport-Info/TT19
,Village Of Hardin,Hardin,IL ,USA,https://acukwik.com/Airport-Info/36LL
,Cody Port,Harding,IL ,USA,https://acukwik.com/Airport-Info/7IL8
,Ae-92,Hardinsburg,KY ,USA,https://acukwik.com/Airport-Info/9KY2
,B M H,Hardinsburg,KY ,USA,https://acukwik.com/Airport-Info/47KY
,Breckinridge County,Hardinsburg,KY ,USA,https://acukwik.com/Airport-Info/I93
,Carilion Westlake Center,Hardy,VA ,USA,https://acukwik.com/Airport-Info/36VA
,Meyers Freedom Flight Hardy,Hardy,NE ,USA,https://acukwik.com/Airport-Info/85NE
,Msm,Harford,PA ,USA,https://acukwik.com/Airport-Info/PS50
,Seton Medical Center Harker Heights,Harker Heights,TX ,USA,https://acukwik.com/Airport-Info/28TS
,Harlan Hospital,Harlan,KY ,USA,https://acukwik.com/Airport-Info/6KY0
KHNR,Harlan Municipal,Harlan,IA ,USA,https://acukwik.com/Airport-Info/KHNR
,Hook Field,Harlan,IN ,USA,https://acukwik.com/Airport-Info/IN18
,Myrtue Memorial Hospital,Harlan,IA ,USA,https://acukwik.com/Airport-Info/IA55
,Tucker-Guthrie Memorial,Harlan,KY ,USA,https://acukwik.com/Airport-Info/I35
,Harlem,Harlem,MT ,USA,https://acukwik.com/Airport-Info/48S
,Axis,Harleysville,PA ,USA,https://acukwik.com/Airport-Info/4PA9
,Shofner Farms,Harlingen,TX ,USA,https://acukwik.com/Airport-Info/2TS2
,South Texas Emergency Care Foundation Inc,Harlingen,TX ,USA,https://acukwik.com/Airport-Info/78TS
,Valley Baptist Medical Center,Harlingen,TX ,USA,https://acukwik.com/Airport-Info/49TX
,Valley Baptist Medical Center (Vbmc),Harlingen,TX ,USA,https://acukwik.com/Airport-Info/TS68
KHRL,Valley International,Harlingen,TX ,USA,https://acukwik.com/Airport-Info/KHRL
KHWQ,Wheatland County At Harlowton,Harlowton,MT ,USA,https://acukwik.com/Airport-Info/KHWQ
,Schneider Haven Airstrip,Harmony,NC ,USA,https://acukwik.com/Airport-Info/NC75
,George T Mc Cutchan,Harold,FL ,USA,https://acukwik.com/Airport-Info/8FL6
KNZX,Harold Nolf,Harold,FL ,USA,https://acukwik.com/Airport-Info/KNZX
,Cottonwood Creek Ranch,Harper,OR ,USA,https://acukwik.com/Airport-Info/OG50
,Harper Municipal,Harper,KS ,USA,https://acukwik.com/Airport-Info/8K2
,Kaypod,Harper,KS ,USA,https://acukwik.com/Airport-Info/SN70
,Lone Star Flying Service,Harper,TX ,USA,https://acukwik.com/Airport-Info/XA41
,Needwood Farm,Harpers Ferry,WV ,USA,https://acukwik.com/Airport-Info/WV21
,Hawk Field,Harpersville,AL ,USA,https://acukwik.com/Airport-Info/AL92
,Farr Field,Harpswell,ME ,USA,https://acukwik.com/Airport-Info/ME33
,Steciak Strip,Harrah,OK ,USA,https://acukwik.com/Airport-Info/1OL2
,Eagles Landing,Harrietta,MI ,USA,https://acukwik.com/Airport-Info/4Y9
,Volare North,Harrietta,MI ,USA,https://acukwik.com/Airport-Info/3MI1
,Natural Selection,Harriman,TN ,USA,https://acukwik.com/Airport-Info/TN51
,Roane Medical Center,Harriman,TN ,USA,https://acukwik.com/Airport-Info/TN19
,Kramer Ranch,Harrington,WA ,USA,https://acukwik.com/Airport-Info/2WA8
,Boomerang,Harris,NC ,USA,https://acukwik.com/Airport-Info/NC02
,Catskill Regional Medical Center,Harris,NY ,USA,https://acukwik.com/Airport-Info/3NK1
,Graham Farms,Harris,KS ,USA,https://acukwik.com/Airport-Info/SN72
,Mc Gill Ranch,Harris,TX ,USA,https://acukwik.com/Airport-Info/8TE9
KCXY,Capital City Harrisburg,Harrisburg,PA ,USA,https://acukwik.com/Airport-Info/KCXY
,Daniels Field Llc,Harrisburg,OR ,USA,https://acukwik.com/Airport-Info/OR78
,Harrisburg Hospital,Harrisburg,NC ,USA,https://acukwik.com/Airport-Info/NR30
KMDT,Harrisburg International,Harrisburg,PA ,USA,https://acukwik.com/Airport-Info/KMDT
,Harrisburg Medical Center,Harrisburg,IL ,USA,https://acukwik.com/Airport-Info/4IS4
KHSB,Harrisburg-Raleigh,Harrisburg,IL ,USA,https://acukwik.com/Airport-Info/KHSB
,Holy Spirit A Geisinger Affiliate,Harrisburg,PA ,USA,https://acukwik.com/Airport-Info/PA48
,Mc Cachren Field,Harrisburg,NC ,USA,https://acukwik.com/Airport-Info/3NC6
,Schiavoni,Harrisburg,PA ,USA,https://acukwik.com/Airport-Info/06PN
,State Police Area Iii,Harrisburg,PA ,USA,https://acukwik.com/Airport-Info/05PN
,Turnpike Nr 1,Harrisburg,PA ,USA,https://acukwik.com/Airport-Info/PA95
,Upmc Pinnacle,Harrisburg,PA ,USA,https://acukwik.com/Airport-Info/5PN9
,Yingst,Harrisburg,PA ,USA,https://acukwik.com/Airport-Info/3PS8
KHRO,Boone County Regional,Harrison,AR ,USA,https://acukwik.com/Airport-Info/KHRO
,Cincinnati West,Harrison,OH ,USA,https://acukwik.com/Airport-Info/I67
,Clare County,Harrison,MI ,USA,https://acukwik.com/Airport-Info/80D
,Maple Ridge,Harrison,ME ,USA,https://acukwik.com/Airport-Info/03ME
,North Arkansas Medical Center,Harrison,AR ,USA,https://acukwik.com/Airport-Info/AR80
,Ridgeway Field,Harrison,AR ,USA,https://acukwik.com/Airport-Info/3AR2
,Frank Field,Harrisonburg,VA ,USA,https://acukwik.com/Airport-Info/VA52
,Linville-Edom,Harrisonburg,VA ,USA,https://acukwik.com/Airport-Info/2VG3
,Rockingham Memorial Hospital,Harrisonburg,VA ,USA,https://acukwik.com/Airport-Info/VA47
,Blue Haven,Harrisonville,PA ,USA,https://acukwik.com/Airport-Info/48PS
KLRY,Lawrence Smith Memorial,Harrisonville,MO ,USA,https://acukwik.com/Airport-Info/KLRY
,Ridgeview Ranch,Harrisonville,MO ,USA,https://acukwik.com/Airport-Info/MO37
,Stallone,Harrisonville,NJ ,USA,https://acukwik.com/Airport-Info/9NJ5
,Harrisville,Harrisville,MI ,USA,https://acukwik.com/Airport-Info/5MI2
,Haggin,Harrodsburg,KY ,USA,https://acukwik.com/Airport-Info/1KY6
,Harrold Municipal,Harrold,SD ,USA,https://acukwik.com/Airport-Info/SD50
,Tumbleweed Lodge,Harrold,SD ,USA,https://acukwik.com/Airport-Info/SD28
,Harsens Island,Harsens Island,MI ,USA,https://acukwik.com/Airport-Info/8MI6
,Harsens Island,Harsens Island,MI ,USA,https://acukwik.com/Airport-Info/92MI
,Oceana County,Hart/Shelby,MI ,USA,https://acukwik.com/Airport-Info/C04
,Cooper,Hartford,ME ,USA,https://acukwik.com/Airport-Info/ME11
,Delta One,Hartford,CT ,USA,https://acukwik.com/Airport-Info/CT06
,Erin Aero,Hartford,WI ,USA,https://acukwik.com/Airport-Info/WN75
,Flying H Ranch,Hartford,AL ,USA,https://acukwik.com/Airport-Info/3AL1
,Hartford Hospital,Hartford,CT ,USA,https://acukwik.com/Airport-Info/0CT9
KHXF,Hartford Municipal,Hartford,WI ,USA,https://acukwik.com/Airport-Info/KHXF
KHFD,Hartford/Brainard,Hartford,CT ,USA,https://acukwik.com/Airport-Info/KHFD
,Johnson Memorial Hospital,Hartford,CT ,USA,https://acukwik.com/Airport-Info/20CT
,Kenley,Hartford,OH ,USA,https://acukwik.com/Airport-Info/08OH
,Oakleaf,Hartford,SD ,USA,https://acukwik.com/Airport-Info/9SD8
KJQD,Ohio County,Hartford,KY ,USA,https://acukwik.com/Airport-Info/KJQD
,South Meadows,Hartford,CT ,USA,https://acukwik.com/Airport-Info/CT73
,St Francis Hospital,Hartford,CT ,USA,https://acukwik.com/Airport-Info/0CT5
,Striplin Airfield,Hartford,AL ,USA,https://acukwik.com/Airport-Info/AL62
,Thomsen Field,Hartford,KS ,USA,https://acukwik.com/Airport-Info/4KS6
,Hickory Hills,Hartford City,IN ,USA,https://acukwik.com/Airport-Info/II67
,Indiana University Health Blackford Hospital,Hartford City,IN ,USA,https://acukwik.com/Airport-Info/4IN0
,Hartington Municipal Bud Becker Field,Hartington,NE ,USA,https://acukwik.com/Airport-Info/0B4
,Payne Field,Hartland,ME ,USA,https://acukwik.com/Airport-Info/ME47
,Harps Haven,Hartland Township,MI ,USA,https://acukwik.com/Airport-Info/1MI1
,Central Custom Ag Aviation,Hartley,TX ,USA,https://acukwik.com/Airport-Info/TA95
,Hart,Hartline,WA ,USA,https://acukwik.com/Airport-Info/WT32
,Lux Field,Hartsel,CO ,USA,https://acukwik.com/Airport-Info/25CD
,Cullman Regional Medical Center Hartselle,Hartselle,AL ,USA,https://acukwik.com/Airport-Info/9AL0
,Froberg,Hartselle,AL ,USA,https://acukwik.com/Airport-Info/4AL4
,Hartselle/Morgan County Regional,Hartselle,AL ,USA,https://acukwik.com/Airport-Info/5M0
,Carolina Pines Regional Medical Center,Hartsville,SC ,USA,https://acukwik.com/Airport-Info/3SC3
,Curry,Hartsville,SC ,USA,https://acukwik.com/Airport-Info/SC16
,Flying W,Hartsville,SC ,USA,https://acukwik.com/Airport-Info/2Q0
KHVS,Hartsville Regional,Hartsville,SC ,USA,https://acukwik.com/Airport-Info/KHVS
,Robinson Nuclear Power Plant,Hartsville,SC ,USA,https://acukwik.com/Airport-Info/70SC
,Williams Flying Field,Hartsville,IN ,USA,https://acukwik.com/Airport-Info/24IN
,"Airnautique, Inc",Hartwell,GA ,USA,https://acukwik.com/Airport-Info/0GA2
,Mustang Field,Hartwell,GA ,USA,https://acukwik.com/Airport-Info/0GA1
,Adkins,Harvard,IL ,USA,https://acukwik.com/Airport-Info/8IL0
,Dacy,Harvard,IL ,USA,https://acukwik.com/Airport-Info/0C0
,Harvard State,Harvard,NE ,USA,https://acukwik.com/Airport-Info/08K
,Kirkpatrick,Harvard,IL ,USA,https://acukwik.com/Airport-Info/8IL2
,Mercy Harvard Hospital,Harvard,IL ,USA,https://acukwik.com/Airport-Info/8IL4
,Crestwood Medical Center Fsed,Harvest,AL ,USA,https://acukwik.com/Airport-Info/9AL9
,Epps Airpark,Harvest,AL ,USA,https://acukwik.com/Airport-Info/00AL
,Harvey Municipal,Harvey,ND ,USA,https://acukwik.com/Airport-Info/5H4
,Harvey Police Department,Harvey,IL ,USA,https://acukwik.com/Airport-Info/IS17
,Lonetree Airstrip,Harvey,ND ,USA,https://acukwik.com/Airport-Info/ND72
,St Aloisius Medical Center,Harvey,ND ,USA,https://acukwik.com/Airport-Info/ND27
,Uchicago Medicine Ingalls Memorial,Harvey,IL ,USA,https://acukwik.com/Airport-Info/IL92
,Soaring Sun,Harvey Cedars,NJ ,USA,https://acukwik.com/Airport-Info/21JY
,Shingle Mill,Harwinton,CT ,USA,https://acukwik.com/Airport-Info/04CT
,Flying W Ranch,Harwood,TX ,USA,https://acukwik.com/Airport-Info/32TA
,Gottwald Field,Harwood,TX ,USA,https://acukwik.com/Airport-Info/10TE
,Cherokee Ranch,Haskell,OK ,USA,https://acukwik.com/Airport-Info/OK25
,Haskell,Haskell,OK ,USA,https://acukwik.com/Airport-Info/2K9
,Haskell Municipal,Haskell,TX ,USA,https://acukwik.com/Airport-Info/15F
,Wingit,Haskell,OK ,USA,https://acukwik.com/Airport-Info/OL48
,Earle Airpark,Hastings,FL ,USA,https://acukwik.com/Airport-Info/13FA
,Frontier,Hastings,FL ,USA,https://acukwik.com/Airport-Info/2FA7
,Hastings,Hastings,MI ,USA,https://acukwik.com/Airport-Info/9D9
KHSI,Hastings Municipal,Hastings,NE ,USA,https://acukwik.com/Airport-Info/KHSI
,Hutson Airfield,Hastings,FL ,USA,https://acukwik.com/Airport-Info/8FL0
,Mary Lanning Memorial Hospital,Hastings,NE ,USA,https://acukwik.com/Airport-Info/NE90
,Miners Medical Center,Hastings,PA ,USA,https://acukwik.com/Airport-Info/90PN
,Ries Farms Runway,Hastings,MN ,USA,https://acukwik.com/Airport-Info/MY17
,Sky Meadow,Hastings,MN ,USA,https://acukwik.com/Airport-Info/MN58
,Willow Ridge,Hastings,MN ,USA,https://acukwik.com/Airport-Info/49MN
,Mahon,Hatboro,PA ,USA,https://acukwik.com/Airport-Info/5PN4
,Hatch Municipal,Hatch,NM ,USA,https://acukwik.com/Airport-Info/E05
KHSE,Billy Mitchell,Hatteras,NC ,USA,https://acukwik.com/Airport-Info/KHSE
,Forrest General Hospital,Hattiesburg,MS ,USA,https://acukwik.com/Airport-Info/MS81
KHBG,Hattiesburg Bobby L Chain Municipal,Hattiesburg,MS ,USA,https://acukwik.com/Airport-Info/KHBG
,Merit Health Wesley,Hattiesburg,MS ,USA,https://acukwik.com/Airport-Info/50MS
KPIB,Hattiesburg/Laurel Regional,Hattiesburg-Laurel,MS ,USA,https://acukwik.com/Airport-Info/KPIB
,Gensrich,Hatton,ND ,USA,https://acukwik.com/Airport-Info/ND20
,Smith Ranch,Hauser Lake,ID ,USA,https://acukwik.com/Airport-Info/ID21
,Sutherland,Hauser Lake,ID ,USA,https://acukwik.com/Airport-Info/ID38
,Dogwood Farm,Havana,FL ,USA,https://acukwik.com/Airport-Info/FA26
,Havana Regional,Havana,IL ,USA,https://acukwik.com/Airport-Info/9I0
,Mason District Hospital,Havana,IL ,USA,https://acukwik.com/Airport-Info/31IS
,Peavy Farms,Havana,FL ,USA,https://acukwik.com/Airport-Info/76FD
,Rutten Airstrip,Havana,FL ,USA,https://acukwik.com/Airport-Info/FD55
,Saranac Farm,Havana,FL ,USA,https://acukwik.com/Airport-Info/9FL2
,Hickory Hill,Havelock,NC ,USA,https://acukwik.com/Airport-Info/62NC
,Bug Field,Haven,KS ,USA,https://acukwik.com/Airport-Info/6KS7
,Dean Memorial,Haverhill,NH ,USA,https://acukwik.com/Airport-Info/5B9
,Goddard,Haverhill,MA ,USA,https://acukwik.com/Airport-Info/04MA
,Haverstraw,Haverstraw,NY ,USA,https://acukwik.com/Airport-Info/H43
,Gail Ballard,Haviland,KS ,USA,https://acukwik.com/Airport-Info/SN63
KHVR,Havre City-County,Havre,MT ,USA,https://acukwik.com/Airport-Info/KHVR
,Gregory May,Havre De Grace,MD ,USA,https://acukwik.com/Airport-Info/MD08
,Havre De Grace,Havre De Grace,MD ,USA,https://acukwik.com/Airport-Info/M06
PHUP,Upolu,Hawi,HI ,USA,https://acukwik.com/Airport-Info/PHUP
,Hawk Inlet,Hawk Inlet,AK ,USA,https://acukwik.com/Airport-Info/HWI
,Keeven Air Ranch,Hawk Point,MO ,USA,https://acukwik.com/Airport-Info/MO93
,Koala-T Field,Hawk Point,MO ,USA,https://acukwik.com/Airport-Info/74MU
,Monroe Field,Hawk Point,MO ,USA,https://acukwik.com/Airport-Info/2MU9
,Hawk Ranch,Hawkins,TX ,USA,https://acukwik.com/Airport-Info/1TX9
,Holly Lake Ranch,Hawkins,TX ,USA,https://acukwik.com/Airport-Info/16TE
,Hawkinsville-Pulaski County,Hawkinsville,GA ,USA,https://acukwik.com/Airport-Info/51A
,Hawley Municipal,Hawley,MN ,USA,https://acukwik.com/Airport-Info/04Y
,Johnston,Hawley,MN ,USA,https://acukwik.com/Airport-Info/MY99
KHTH,Hawthorne Industrial,Hawthorne,NV ,USA,https://acukwik.com/Airport-Info/KHTH
KHHR,Hawthorne Municipal/Jack Northrop Field,Hawthorne,CA ,USA,https://acukwik.com/Airport-Info/KHHR
,Mt Grant Hospital,Hawthorne,NV ,USA,https://acukwik.com/Airport-Info/NV28
,Nelson,Haxby / Fort Peck,MT ,USA,https://acukwik.com/Airport-Info/MT58
,Haxtun Municipal,Haxtun,CO ,USA,https://acukwik.com/Airport-Info/17V
,Hay Springs Municipal,Hay Springs,NE ,USA,https://acukwik.com/Airport-Info/4V6
,Orr Ranch,Hay Springs,NE ,USA,https://acukwik.com/Airport-Info/33NE
KHDN,Hayden Yampa Valley Regional,Hayden,CO ,USA,https://acukwik.com/Airport-Info/KHDN
,Goose Island,Hayes,LA ,USA,https://acukwik.com/Airport-Info/1LA3
,Hayes Emergency Airstrip,Hayes,SD ,USA,https://acukwik.com/Airport-Info/SD21
,Tusquittee Landing,Hayesville,NC ,USA,https://acukwik.com/Airport-Info/NC08
,Hayfork,Hayfork,CA ,USA,https://acukwik.com/Airport-Info/F62
,Uva Health/Haymarket Medical Center,Haymarket,VA ,USA,https://acukwik.com/Airport-Info/45VA
,Hays Medical Center,Hays,KS ,USA,https://acukwik.com/Airport-Info/SN74
KHYS,Hays Regional,Hays,KS ,USA,https://acukwik.com/Airport-Info/KHYS
,Moore Homestead,Hays,KS ,USA,https://acukwik.com/Airport-Info/0KS6
,Rans,Hays,KS ,USA,https://acukwik.com/Airport-Info/8KS4
,Mid Continent,Hayti,MO ,USA,https://acukwik.com/Airport-Info/M28
KHWD,Hayward Executive,Hayward,CA ,USA,https://acukwik.com/Airport-Info/KHWD
,Round Lake,Hayward,WI ,USA,https://acukwik.com/Airport-Info/WS24
KHYR,Sawyer County,Hayward,WI ,USA,https://acukwik.com/Airport-Info/KHYR
,Hazard Arh,Hazard,KY ,USA,https://acukwik.com/Airport-Info/9JY9
KCPF,Wendell H Ford,Hazard,KY ,USA,https://acukwik.com/Airport-Info/KCPF
,Laurie Field,Hazardville,CT ,USA,https://acukwik.com/Airport-Info/CT19
,Advocate South Suburban Hospital,Hazel Crest,IL ,USA,https://acukwik.com/Airport-Info/8IL8
,Elkwood Airpark,Hazel Green,AL ,USA,https://acukwik.com/Airport-Info/AL99
,Hazel Green,Hazel Green,AL ,USA,https://acukwik.com/Airport-Info/M38
,Hazel Green Acres,Hazel Green,AL ,USA,https://acukwik.com/Airport-Info/8AL7
,Rigdon Private,Hazel Green,WI ,USA,https://acukwik.com/Airport-Info/WI81
,Circle A Ranch,Hazelhurst,WI ,USA,https://acukwik.com/Airport-Info/48WI
,Hazelton Municipal,Hazelton,ID ,USA,https://acukwik.com/Airport-Info/U94
,Hazelton Municipal,Hazelton,ND ,USA,https://acukwik.com/Airport-Info/6H8
,Humann Private Airstrip,Hazelton,ND ,USA,https://acukwik.com/Airport-Info/ND85
,Snyders,Hazelton,ND ,USA,https://acukwik.com/Airport-Info/ND12
,Greenwalt Company,Hazen,AR ,USA,https://acukwik.com/Airport-Info/AR10
,Hazen Municipal,Hazen,AR ,USA,https://acukwik.com/Airport-Info/6M0
KHZE,Mercer County Regional,Hazen,ND ,USA,https://acukwik.com/Airport-Info/KHZE
,Sakakawea Medical Center,Hazen,ND ,USA,https://acukwik.com/Airport-Info/ND50
,Skarda/Tollville,Hazen,AR ,USA,https://acukwik.com/Airport-Info/21AR
KAZE,Hazlehurst,Hazlehurst,GA ,USA,https://acukwik.com/Airport-Info/KAZE
KHZL,Hazleton Regional,Hazleton,PA ,USA,https://acukwik.com/Airport-Info/KHZL
,Lehigh Vally Hospital - Hazleton,Hazleton,PA ,USA,https://acukwik.com/Airport-Info/PS22
KHDL,Headland Municipal,Headland,AL ,USA,https://acukwik.com/Airport-Info/KHDL
,Cptpa Headquarters,Headquarters,ID ,USA,https://acukwik.com/Airport-Info/ID84
KHES,Healdsburg Municipal,Healdsburg,CA ,USA,https://acukwik.com/Airport-Info/KHES
,Healdton Municipal,Healdton,OK ,USA,https://acukwik.com/Airport-Info/F32
PAHV,Healy River,Healy,AK ,USA,https://acukwik.com/Airport-Info/PAHV
,Temsco Helicopters Inc.,Healy,AK ,USA,https://acukwik.com/Airport-Info/7AK7
,Wilkens,Healy,KS ,USA,https://acukwik.com/Airport-Info/32KS
,Corpora,Hearne,TX ,USA,https://acukwik.com/Airport-Info/1TE5
KLHB,Hearne Municipal,Hearne,TX ,USA,https://acukwik.com/Airport-Info/KLHB
,Barronena East,Hebbronville,TX ,USA,https://acukwik.com/Airport-Info/TS69
,Barronena Ranch,Hebbronville,TX ,USA,https://acukwik.com/Airport-Info/03TE
KHBV,Jim Hogg County,Hebbronville,TX ,USA,https://acukwik.com/Airport-Info/KHBV
,Puesta Del Sol,Hebbronville,TX ,USA,https://acukwik.com/Airport-Info/TA44
KHCR,Heber Valley,Heber,UT ,USA,https://acukwik.com/Airport-Info/KHCR
,Wisky Ranch/Chevlon,Heber,AZ ,USA,https://acukwik.com/Airport-Info/6AZ2
,Heber Valley Hospital,Heber City,UT ,USA,https://acukwik.com/Airport-Info/2UT4
,Losee Villa,Heber City,UT ,USA,https://acukwik.com/Airport-Info/3UT7
,Baptist Health Medical Center-Heber Springs,Heber Springs,AR ,USA,https://acukwik.com/Airport-Info/6AR4
KHBZ,Heber Springs Municipal,Heber Springs,AR ,USA,https://acukwik.com/Airport-Info/KHBZ
,River Acres,Heber Springs,AR ,USA,https://acukwik.com/Airport-Info/3AR8
,Buckeye,Hebron,OH ,USA,https://acukwik.com/Airport-Info/9OA5
,Chase Airstrip,Hebron,ND ,USA,https://acukwik.com/Airport-Info/6NA5
KHJH,Hebron Municipal,Hebron,NE ,USA,https://acukwik.com/Airport-Info/KHJH
,M P W,Hebron,OH ,USA,https://acukwik.com/Airport-Info/83OI
,Spring Hill,Hebron,MD ,USA,https://acukwik.com/Airport-Info/MD35
,Smith,Hecker,IL ,USA,https://acukwik.com/Airport-Info/4IS5
,Hector Municipal,Hector,MN ,USA,https://acukwik.com/Airport-Info/1D6
,Green Landings,Hedgesville,WV ,USA,https://acukwik.com/Airport-Info/WV22
,Flying Tigers Winery & Resort,Heflin,AL ,USA,https://acukwik.com/Airport-Info/6AL0
,Bar E,Helena,MT ,USA,https://acukwik.com/Airport-Info/MT86
,Duncan,Helena,MT ,USA,https://acukwik.com/Airport-Info/MT06
,Fort Harrison Aaf,Helena,MT ,USA,https://acukwik.com/Airport-Info/MT15
,Helena Hospital,Helena,AR ,USA,https://acukwik.com/Airport-Info/AR77
KHLN,Helena Regional,Helena,MT ,USA,https://acukwik.com/Airport-Info/KHLN
,Nistler Helena,Helena,MT ,USA,https://acukwik.com/Airport-Info/30MT
,Port Smith,Helena,MT ,USA,https://acukwik.com/Airport-Info/4MT5
,Ram Ranch Runway,Helena,MT ,USA,https://acukwik.com/Airport-Info/MT96
,Silver Creek,Helena,MT ,USA,https://acukwik.com/Airport-Info/40MT
,St Peters Health,Helena,MT ,USA,https://acukwik.com/Airport-Info/MT35
,Ten Mile,Helena,MT ,USA,https://acukwik.com/Airport-Info/MT83
KHEE,Thompson-Robbins,Helena/West Helena,AR ,USA,https://acukwik.com/Airport-Info/KHEE
,Sun Hill Ranch,Helendale,CA ,USA,https://acukwik.com/Airport-Info/CA70
,Corral Creek,Helmer,ID ,USA,https://acukwik.com/Airport-Info/0ID9
,Ernst Field,Hemet,CA ,USA,https://acukwik.com/Airport-Info/86CL
KHMT,Hemet-Ryan,Hemet,CA ,USA,https://acukwik.com/Airport-Info/KHMT
,Phillips Private,Hemingford,NE ,USA,https://acukwik.com/Airport-Info/3NE2
,Ernie's Field,Hemlock,MI ,USA,https://acukwik.com/Airport-Info/1MI4
,Six Mile Volunteer Fire Department,Hemphill,TX ,USA,https://acukwik.com/Airport-Info/33XS
,Medical Center,Hempstead,NY ,USA,https://acukwik.com/Airport-Info/0NK4
,Pea Patch,Hempstead,TX ,USA,https://acukwik.com/Airport-Info/4TA4
,Weeski Ranch,Hempstead,TX ,USA,https://acukwik.com/Airport-Info/00XA
,Boardman Aerial,Henderson,NE ,USA,https://acukwik.com/Airport-Info/38NE
,Boardman Airfield,Henderson,NE ,USA,https://acukwik.com/Airport-Info/NE83
,Boyd Field,Henderson,NC ,USA,https://acukwik.com/Airport-Info/1NR7
,Community Methodist Hospital,Henderson,KY ,USA,https://acukwik.com/Airport-Info/1KY2
,Flying H Farms,Henderson,KY ,USA,https://acukwik.com/Airport-Info/03KY
KEHR,Henderson City-County,Henderson,KY ,USA,https://acukwik.com/Airport-Info/KEHR
,Henderson Hospital,Henderson,NV ,USA,https://acukwik.com/Airport-Info/32NV
,Maria Parham Health Hospital,Henderson,NC ,USA,https://acukwik.com/Airport-Info/0NC9
KRFI,Rusk County,Henderson,TX ,USA,https://acukwik.com/Airport-Info/KRFI
,St Rose Dominican Hospital,Henderson,NV ,USA,https://acukwik.com/Airport-Info/NV25
,The Bluffs,Henderson,AR ,USA,https://acukwik.com/Airport-Info/75AR
,Ut Health Henderson,Henderson,TX ,USA,https://acukwik.com/Airport-Info/60TA
,West Henderson Hospital,Henderson,NV ,USA,https://acukwik.com/Airport-Info/09NV
,Hendersonville,Hendersonville,NC ,USA,https://acukwik.com/Airport-Info/0A7
,Pardee Memorial Hospital,Hendersonville,NC ,USA,https://acukwik.com/Airport-Info/90NC
,W N C Air Museum,Hendersonville,NC ,USA,https://acukwik.com/Airport-Info/8NC9
,Woods Acres,Henessey,OK ,USA,https://acukwik.com/Airport-Info/9OK8
,Byram Ranch,Henly,TX ,USA,https://acukwik.com/Airport-Info/63XS
,1904 Private Runway,Hennessey,OK ,USA,https://acukwik.com/Airport-Info/4OK0
,Enix,Hennessey,OK ,USA,https://acukwik.com/Airport-Info/OK51
,Haymaker,Hennessey,OK ,USA,https://acukwik.com/Airport-Info/34OK
,Bear Hill,Henniker,NH ,USA,https://acukwik.com/Airport-Info/33NH
,Intervale,Henniker,NH ,USA,https://acukwik.com/Airport-Info/NH86
,Henning Municipal,Henning,MN ,USA,https://acukwik.com/Airport-Info/05Y
,Henrietta,Henrietta,TX ,USA,https://acukwik.com/Airport-Info/8TS2
,Mathews,Henrietta,TX ,USA,https://acukwik.com/Airport-Info/66XA
,Pierce,Henrietta,TX ,USA,https://acukwik.com/Airport-Info/TE10
,Villiger,Henry,IL ,USA,https://acukwik.com/Airport-Info/9IL0
,Henryetta Municipal,Henryetta,OK ,USA,https://acukwik.com/Airport-Info/F10
,Hillcrest Hospital,Henryetta,OK ,USA,https://acukwik.com/Airport-Info/OK73
,Heird Hill Farm,Hensley,AR ,USA,https://acukwik.com/Airport-Info/47AR
,Bottimore Ranch,Herald,CA ,USA,https://acukwik.com/Airport-Info/65CN
,Vietmeier,Herbster,WI ,USA,https://acukwik.com/Airport-Info/WS67
KHRX,Hereford Municipal,Hereford,TX ,USA,https://acukwik.com/Airport-Info/KHRX
,Kimball Farm Service Inc,Hereford,TX ,USA,https://acukwik.com/Airport-Info/5XS2
,Thompson International Aviation,Hereford,AZ ,USA,https://acukwik.com/Airport-Info/03AZ
,Herendeen Bay,Herendeen Bay,AK ,USA,https://acukwik.com/Airport-Info/AK33
KHRU,Herington Regional,Herington,KS ,USA,https://acukwik.com/Airport-Info/KHRU
,Sky-Ranch,Herkimer,NY ,USA,https://acukwik.com/Airport-Info/NY26
,Amedee AAF,Herlong,CA ,USA,https://acukwik.com/Airport-Info/AHC
,Herlong,Herlong,CA ,USA,https://acukwik.com/Airport-Info/H37
,Herman Municipal,Herman,MN ,USA,https://acukwik.com/Airport-Info/06Y
,Eu-Wish,Hermann,MO ,USA,https://acukwik.com/Airport-Info/MU68
,Hermann Area Hospital,Hermann,MO ,USA,https://acukwik.com/Airport-Info/59MO
,Hermann Municipal,Hermann,MO ,USA,https://acukwik.com/Airport-Info/63M
,Valley Of The Moon,Hermanville,MS ,USA,https://acukwik.com/Airport-Info/MS59
,Good Shepherd Hospital,Hermiston,OR ,USA,https://acukwik.com/Airport-Info/OG09
KHRI,Hermiston Municipal,Hermiston,OR ,USA,https://acukwik.com/Airport-Info/KHRI
,Desoto County Sheriff's Office,Hernando,MS ,USA,https://acukwik.com/Airport-Info/3MS2
,Drake Ranch,Hernando,FL ,USA,https://acukwik.com/Airport-Info/7FD2
,Eagles Ridge,Hernando,MS ,USA,https://acukwik.com/Airport-Info/MS9
,Hernando Village Airpark,Hernando,MS ,USA,https://acukwik.com/Airport-Info/H75
,Twelve Oaks,Hernando,FL ,USA,https://acukwik.com/Airport-Info/5FL7
,Vaiden Landing,Hernando,MS ,USA,https://acukwik.com/Airport-Info/MS64
,R & R Field,Heron,MT ,USA,https://acukwik.com/Airport-Info/41MT
,Herreid Municipal,Herreid,SD ,USA,https://acukwik.com/Airport-Info/5T4
,Kyle Norman,Herriman,UT ,USA,https://acukwik.com/Airport-Info/31UT
,Herrin Hospital,Herrin,IL ,USA,https://acukwik.com/Airport-Info/5IL0
,Evans Ranch,Hershey,NE ,USA,https://acukwik.com/Airport-Info/34NE
,Hershey Flying Service Field,Hershey,NE ,USA,https://acukwik.com/Airport-Info/NE64
,Hershey Medical Center,Hershey,PA ,USA,https://acukwik.com/Airport-Info/64PN
,Hmc Hangar,Hershey,PA ,USA,https://acukwik.com/Airport-Info/8PS5
,Craft,Hertford,NC ,USA,https://acukwik.com/Airport-Info/86NC
,Harvey Point Defense Testing Activity,Hertford,NC ,USA,https://acukwik.com/Airport-Info/NC01
,Isbell,Hertford,NC ,USA,https://acukwik.com/Airport-Info/21NC
,Hesperia,Hesperia,CA ,USA,https://acukwik.com/Airport-Info/L26
,Lugo Substation,Hesperia,CA ,USA,https://acukwik.com/Airport-Info/01CA
,Madden Peak,Hesperus,CO ,USA,https://acukwik.com/Airport-Info/CD44
,Albert J Lindberg,Hessel,MI ,USA,https://acukwik.com/Airport-Info/5Y1
,Detel,Hessmer,LA ,USA,https://acukwik.com/Airport-Info/LA50
,Weaver Ranch,Hesston,KS ,USA,https://acukwik.com/Airport-Info/53KS
KHEI,Hettinger Municipal,Hettinger,ND ,USA,https://acukwik.com/Airport-Info/KHEI
,Johnston,Heyworth,IL ,USA,https://acukwik.com/Airport-Info/9IS9
,Capeletti,Hialeah,FL ,USA,https://acukwik.com/Airport-Info/84FL
,Palmetto General Hospital,Hialeah,FL ,USA,https://acukwik.com/Airport-Info/1FA5
,Davis Airfield,Hiawatha,KS ,USA,https://acukwik.com/Airport-Info/8KS3
,Hiawatha Municipal,Hiawatha,KS ,USA,https://acukwik.com/Airport-Info/K87
,Carey Lake,Hibbing,MN ,USA,https://acukwik.com/Airport-Info/9MN0
,Gospel Ranch,Hibbing,MN ,USA,https://acukwik.com/Airport-Info/MN52
KHIB,Range Regional,Hibbing,MN ,USA,https://acukwik.com/Airport-Info/KHIB
,Range Regional Medical Center,Hibbing,MN ,USA,https://acukwik.com/Airport-Info/5MN3
,Robertson Field,Hibbing,MN ,USA,https://acukwik.com/Airport-Info/MY56
,Rusty Crankshaft,Hickman,NE ,USA,https://acukwik.com/Airport-Info/2NE3
,Walvoord Field,Hickman,NE ,USA,https://acukwik.com/Airport-Info/2NE8
,Catawba Valley Medical Center,Hickory,NC ,USA,https://acukwik.com/Airport-Info/7NC4
,Fly Sky,Hickory,NC ,USA,https://acukwik.com/Airport-Info/36NC
,Henry River Field,Hickory,NC ,USA,https://acukwik.com/Airport-Info/80NC
KHKY,Hickory Regional,Hickory,NC ,USA,https://acukwik.com/Airport-Info/KHKY
,Jarrett,Hickory,NC ,USA,https://acukwik.com/Airport-Info/NC68
,Propst,Hickory,NC ,USA,https://acukwik.com/Airport-Info/NC38
,Rose Field,Hickory,MS ,USA,https://acukwik.com/Airport-Info/14MS
,Wilson's,Hickory,NC ,USA,https://acukwik.com/Airport-Info/E40
,Ssj,Hickory Corners,MI ,USA,https://acukwik.com/Airport-Info/24MI
,Flying D,Hickory Valley,TN ,USA,https://acukwik.com/Airport-Info/7TN5
,Wings Field,Hickory Valley,TN ,USA,https://acukwik.com/Airport-Info/2TN2
,Ellig Field,Hickson,ND ,USA,https://acukwik.com/Airport-Info/ND99
,Little C Ranch,Hico,TX ,USA,https://acukwik.com/Airport-Info/4TX9
,Putty Ranch,Hico,TX ,USA,https://acukwik.com/Airport-Info/TA78
,White Stone Ranch,Hico,TX ,USA,https://acukwik.com/Airport-Info/22XA
,Hess-Mckeown,Higbee,MO ,USA,https://acukwik.com/Airport-Info/69MO
,Cy Bond Memorial,Higden,AR ,USA,https://acukwik.com/Airport-Info/06AR
,Higgins/Lipscomb County,Higgins,TX ,USA,https://acukwik.com/Airport-Info/1X1
,Bradbury-Rolf Memorial,Higginsville,MO ,USA,https://acukwik.com/Airport-Info/0MU6
KHIG,Higginsville Industrial Municipal,Higginsville,MO ,USA,https://acukwik.com/Airport-Info/KHIG
,Sheeley's Farm,High Falls,NY ,USA,https://acukwik.com/Airport-Info/NK08
,Arco High Island,High Island,TX ,USA,https://acukwik.com/Airport-Info/15TE
,Darr Field,High Point,NC ,USA,https://acukwik.com/Airport-Info/NC03
,Lazy S Farm,High Springs,FL ,USA,https://acukwik.com/Airport-Info/7FL7
KFSO,Franklin County State,Highgate,VT ,USA,https://acukwik.com/Airport-Info/KFSO
,Port Of Highgate Springs,Highgate Springs,VT ,USA,https://acukwik.com/Airport-Info/05VT
,Highland,Highland,MI ,USA,https://acukwik.com/Airport-Info/3MI6
,Highland-Winet,Highland,IL ,USA,https://acukwik.com/Airport-Info/H07
,Ponderosa,Highland,MI ,USA,https://acukwik.com/Airport-Info/13D
,Sommers,Highland,KS ,USA,https://acukwik.com/Airport-Info/SN75
,St Joseph's Hospital-Highland,Highland,IL ,USA,https://acukwik.com/Airport-Info/IL66
,Straeter Rla,Highland,IL ,USA,https://acukwik.com/Airport-Info/26IL
,Valley Grain,Highland,KS ,USA,https://acukwik.com/Airport-Info/03KS
,Midwest Community ,Highland Heights,KY ,USA,https://acukwik.com/Airport-Info/87KY
,City Of Highland Park,Highland Park,IL ,USA,https://acukwik.com/Airport-Info/9IL5
,Highlands - Cashiers Hospital,Highlands,NC ,USA,https://acukwik.com/Airport-Info/NR03
,Childrens Hospital Colorado,Highlands Ranch,CO ,USA,https://acukwik.com/Airport-Info/CO13
,Spencer Field,Highlandville,MO ,USA,https://acukwik.com/Airport-Info/MU73
,Highmore Municipal,Highmore,SD ,USA,https://acukwik.com/Airport-Info/9D0
,Peterson Ranch,Highwood,MT ,USA,https://acukwik.com/Airport-Info/MT77
,The Landing,Hill,TX ,USA,https://acukwik.com/Airport-Info/9XS1
KHLC,Hill City Municipal,Hill City,KS ,USA,https://acukwik.com/Airport-Info/KHLC
,Hill City/Quadna Mountain,Hill City,MN ,USA,https://acukwik.com/Airport-Info/07Y
,S Bar Ranch,Hill City,ID ,USA,https://acukwik.com/Airport-Info/ID09
,Tracy Ranch,Hill City,ID ,USA,https://acukwik.com/Airport-Info/ID88
,Hilliard Airpark,Hilliard,FL ,USA,https://acukwik.com/Airport-Info/01J
,Hillman,Hillman,MI ,USA,https://acukwik.com/Airport-Info/Y95
,Alfred Schroeder Field,Hillsboro,KS ,USA,https://acukwik.com/Airport-Info/M66
,Bell Air Ranch,Hillsboro,OH ,USA,https://acukwik.com/Airport-Info/OH41
,Christian Outreach Airfield,Hillsboro,MO ,USA,https://acukwik.com/Airport-Info/MO89
,Clarks Field,Hillsboro,KY ,USA,https://acukwik.com/Airport-Info/84KY
,Deck,Hillsboro,ND ,USA,https://acukwik.com/Airport-Info/5ND9
,Hawthorne-Feather Airpark,Hillsboro,NH ,USA,https://acukwik.com/Airport-Info/8B1
KHOC,Highland County,Hillsboro,OH ,USA,https://acukwik.com/Airport-Info/KHOC
,Highland District Medical,Hillsboro,OH ,USA,https://acukwik.com/Airport-Info/OH69
,Hillsboro Area Hospital,Hillsboro,IL ,USA,https://acukwik.com/Airport-Info/8IS4
,Hillsboro Ford,Hillsboro,NH ,USA,https://acukwik.com/Airport-Info/NH28
KINJ,Hillsboro Municipal,Hillsboro,TX ,USA,https://acukwik.com/Airport-Info/KINJ
,Hillsboro Municipal,Hillsboro,ND ,USA,https://acukwik.com/Airport-Info/3H4
,Justison,Hillsboro,IL ,USA,https://acukwik.com/Airport-Info/1LL5
,Krens Farm,Hillsboro,VA ,USA,https://acukwik.com/Airport-Info/14VA
,Olinger Airpark,Hillsboro,OR ,USA,https://acukwik.com/Airport-Info/OR81
,Sohler's Holly Hill,Hillsboro,OR ,USA,https://acukwik.com/Airport-Info/OR31
,St Joseph's Memorial Hospital,Hillsboro,WI ,USA,https://acukwik.com/Airport-Info/WI63
,Stark's Twin Oaks Airpark,Hillsboro,OR ,USA,https://acukwik.com/Airport-Info/7S3
,Tuality Hospital,Hillsboro,OR ,USA,https://acukwik.com/Airport-Info/OG46
,Woodland Farms,Hillsboro,WI ,USA,https://acukwik.com/Airport-Info/3WS9
,Smoke And Wings,Hillsborough,NC ,USA,https://acukwik.com/Airport-Info/9NR0
,Unc Hillsborough Helipad,Hillsborough,NC ,USA,https://acukwik.com/Airport-Info/3NR5
,Black,Hillsdale,IL ,USA,https://acukwik.com/Airport-Info/9IL7
,Hillsdale Hospital,Hillsdale,MI ,USA,https://acukwik.com/Airport-Info/MI49
KJYM,Hillsdale Municipal,Hillsdale,MI ,USA,https://acukwik.com/Airport-Info/KJYM
,Michael Skypark,Hillsdale,WY ,USA,https://acukwik.com/Airport-Info/WY45
,Lake Creek Ranch,Hillside,CO ,USA,https://acukwik.com/Airport-Info/92CO
,Groundhog Mountain,Hillsville,VA ,USA,https://acukwik.com/Airport-Info/00VI
,Wemmering,Hillsville,VA ,USA,https://acukwik.com/Airport-Info/57VA
,Hilltop Lakes,Hilltop Lakes,TX ,USA,https://acukwik.com/Airport-Info/0TE4
,Hartwell Ranch,Hillview,IL ,USA,https://acukwik.com/Airport-Info/79IS
,Ahlem Farms,Hilmar,CA ,USA,https://acukwik.com/Airport-Info/CL84
PHTO,Hilo International,Hilo,HI ,USA,https://acukwik.com/Airport-Info/PHTO
,Hilo Medical Center,Hilo,HI ,USA,https://acukwik.com/Airport-Info/HI04
,Melrose Landing,Hilton Head,SC ,USA,https://acukwik.com/Airport-Info/2SC3
,Salty Fare Landing,Hilton Head,SC ,USA,https://acukwik.com/Airport-Info/2SC4
KHXD,Hilton Head,Hilton Head Island,SC ,USA,https://acukwik.com/Airport-Info/KHXD
,Johnstone Point,Hinchinbrook,AK ,USA,https://acukwik.com/Airport-Info/2AK5
,Bush Field,Hinckley,MN ,USA,https://acukwik.com/Airport-Info/MN57
,Field Of Dreams,Hinckley,MN ,USA,https://acukwik.com/Airport-Info/04W
,Hinckley,Hinckley,IL ,USA,https://acukwik.com/Airport-Info/0C2
,Roland,Hineston,LA ,USA,https://acukwik.com/Airport-Info/70LA
,Heath Green Skyranch,Hinesville,GA ,USA,https://acukwik.com/Airport-Info/GA19
KLHW,Midcoast Regional Airport at Wright Army,Hinesville,GA ,USA,https://acukwik.com/Airport-Info/KLHW
,Hutchinson,Hingham,MT ,USA,https://acukwik.com/Airport-Info/26MT
,Lincolns Field,Hingham,MT ,USA,https://acukwik.com/Airport-Info/12MT
,Pester,Hingham,MT ,USA,https://acukwik.com/Airport-Info/45MT
,Zenith Landing,Hinkley,MN ,USA,https://acukwik.com/Airport-Info/33MN
,Adventist Hinsdale Hospital,Hinsdale,IL ,USA,https://acukwik.com/Airport-Info/1IL2
,Hinsdale,Hinsdale,MT ,USA,https://acukwik.com/Airport-Info/6U5
,Canadian River Corrientes,Hinton,OK ,USA,https://acukwik.com/Airport-Info/OK10
,Hinton Municipal,Hinton,OK ,USA,https://acukwik.com/Airport-Info/2O8
,Niles Canyon Ranch,Hinton,OK ,USA,https://acukwik.com/Airport-Info/OK70
,Ricker Ranch,Hinton,OK ,USA,https://acukwik.com/Airport-Info/46OK
,Smith Airpark,Hinton,OK ,USA,https://acukwik.com/Airport-Info/29OK
,Caffrey,Hiram,GA ,USA,https://acukwik.com/Airport-Info/00GE
,Far View,Hiram,OH ,USA,https://acukwik.com/Airport-Info/OI41
,Natchez Trace Farm,Hiseville,KY ,USA,https://acukwik.com/Airport-Info/04KY
,Freyer Field,Hitchcock,TX ,USA,https://acukwik.com/Airport-Info/37TE
,Hog Lot Landing,Hixson,TN ,USA,https://acukwik.com/Airport-Info/74TN
,Holt Field,Hoagland,IN ,USA,https://acukwik.com/Airport-Info/8II5
KHBR,Hobart Regional,Hobart,OK ,USA,https://acukwik.com/Airport-Info/KHBR
,Hobart Sky Ranch,Hobart,IN ,USA,https://acukwik.com/Airport-Info/3HO
,St Mary Medical Center,Hobart,IN ,USA,https://acukwik.com/Airport-Info/00IN
,Covenant Health Hobbs Hospital,Hobbs,NM ,USA,https://acukwik.com/Airport-Info/NM59
KHOB,Hobbs/Lea County Regional,Hobbs,NM ,USA,https://acukwik.com/Airport-Info/KHOB
,Industrial Airpark,Hobbs,NM ,USA,https://acukwik.com/Airport-Info/NM83
,Johnson Ranch,Hobe Sound,FL ,USA,https://acukwik.com/Airport-Info/81FA
,Ellis,Hobgood,NC ,USA,https://acukwik.com/Airport-Info/NC84
,Diamond N Ranch,Hockley,TX ,USA,https://acukwik.com/Airport-Info/06TX
,St Alexius Medical Center,Hoffman Estates,IL ,USA,https://acukwik.com/Airport-Info/IL03
,M K Field,Hogansville,GA ,USA,https://acukwik.com/Airport-Info/6GE4
,Hog River,Hogatza,AK ,USA,https://acukwik.com/Airport-Info/2AK6
,Hogeland,Hogeland,MT ,USA,https://acukwik.com/Airport-Info/6U6
,Palmer Village-Napier Lake,Hohenwald,TN ,USA,https://acukwik.com/Airport-Info/TN21
,Paul Bridges Field,Hohenwald,TN ,USA,https://acukwik.com/Airport-Info/0M3
,Holbrook Municipal,Holbrook,AZ ,USA,https://acukwik.com/Airport-Info/P14
,Creekside,Holcomb,NY ,USA,https://acukwik.com/Airport-Info/NY95
,Holden,Holden,MO ,USA,https://acukwik.com/Airport-Info/0MU5
,Holdenville General Hospital,Holdenville,OK ,USA,https://acukwik.com/Airport-Info/49OK
,Holdenville Municipal,Holdenville,OK ,USA,https://acukwik.com/Airport-Info/F99
,Fedor,Holdingford,MN ,USA,https://acukwik.com/Airport-Info/MY57
KHDE,Brewster Field,Holdrege,NE ,USA,https://acukwik.com/Airport-Info/KHDE
,Olson Field,Holdrege,NE ,USA,https://acukwik.com/Airport-Info/NE30
,Wells,Holdrege,NE ,USA,https://acukwik.com/Airport-Info/3NE3
,Island Health Clinic,Holiday Island,AR ,USA,https://acukwik.com/Airport-Info/2AR9
,Brandywyne Farms,Holland,VA ,USA,https://acukwik.com/Airport-Info/2VA8
,Grasso Salvage,Holland,VA ,USA,https://acukwik.com/Airport-Info/62VA
KBIV,West Michigan Regional,Holland,MI ,USA,https://acukwik.com/Airport-Info/KBIV
,Hollandale Municipal,Hollandale,MS ,USA,https://acukwik.com/Airport-Info/14M
,Steele Farms,Hollandale,MS ,USA,https://acukwik.com/Airport-Info/90MS
,Clark Bay,Hollis,AK ,USA,https://acukwik.com/Airport-Info/HYL
,Hollis Municipal,Hollis,OK ,USA,https://acukwik.com/Airport-Info/O35
,Christensen Ranch,Hollister,CA ,USA,https://acukwik.com/Airport-Info/9CL2
,Frazier Lake Airpark,Hollister,CA ,USA,https://acukwik.com/Airport-Info/1C9
,Hazel Hawkins Memorial Hospital,Hollister,CA ,USA,https://acukwik.com/Airport-Info/9CN1
KCVH,Hollister Municipal,Hollister,CA ,USA,https://acukwik.com/Airport-Info/KCVH
,High School,Holliston,MA ,USA,https://acukwik.com/Airport-Info/25MA
,Mellen Street,Holliston,MA ,USA,https://acukwik.com/Airport-Info/12MA
,Wellers Landing,Hollonville,GA ,USA,https://acukwik.com/Airport-Info/GA29
,Moyer,Holloway,MN ,USA,https://acukwik.com/Airport-Info/MY43
,Holly,Holly,CO ,USA,https://acukwik.com/Airport-Info/K08
,Baseline,Holly Grove,AR ,USA,https://acukwik.com/Airport-Info/5AR4
,Holly Grove Municipal,Holly Grove,AR ,USA,https://acukwik.com/Airport-Info/2A6
,Shiloh,Holly Grove,AR ,USA,https://acukwik.com/Airport-Info/7AR8
,Halifax River,Holly Hill,FL ,USA,https://acukwik.com/Airport-Info/F15
,Holly Hill,Holly Hill,SC ,USA,https://acukwik.com/Airport-Info/5J5
,Russell,Holly Hill,SC ,USA,https://acukwik.com/Airport-Info/SC17
,Camp Davis Mcolf,Holly Ridge,NC ,USA,https://acukwik.com/Airport-Info/14NC
,Holly Ridge/Topsail Island,Holly Ridge,NC ,USA,https://acukwik.com/Airport-Info/NR32
,Topsail Airpark,Holly Ridge,NC ,USA,https://acukwik.com/Airport-Info/01NC
,Holly Springs-Marshall County,Holly Springs,MS ,USA,https://acukwik.com/Airport-Info/M41
,Nichol Airpark,Holly Springs,MS ,USA,https://acukwik.com/Airport-Info/19MS
,Thomas Field,Holly Springs,MS ,USA,https://acukwik.com/Airport-Info/3MS1
,Hard Rock,Hollywood,FL ,USA,https://acukwik.com/Airport-Info/44FD
,Hollywood Helipad,Hollywood,FL ,USA,https://acukwik.com/Airport-Info/FL56
,Memorial Regional Hospital,Hollywood,FL ,USA,https://acukwik.com/Airport-Info/77FD
KHWO,North Perry,Hollywood,FL ,USA,https://acukwik.com/Airport-Info/KHWO
,Holmansville,Holmansville,NJ ,USA,https://acukwik.com/Airport-Info/NJ71
,Hop Brook Farm,Holmdel,NJ ,USA,https://acukwik.com/Airport-Info/NJ72
,State Police Holmdel Helispot,Holmdel,NJ ,USA,https://acukwik.com/Airport-Info/NJ73
,Vonage,Holmdel,NJ ,USA,https://acukwik.com/Airport-Info/NJ99
,Holland Air Park,Holmen,WI ,USA,https://acukwik.com/Airport-Info/36WI
,Parkway Farm Strip,Holmen,WI ,USA,https://acukwik.com/Airport-Info/09WI
,Block Air Village,Holt,MO ,USA,https://acukwik.com/Airport-Info/MO71
,Northwood,Holt,MO ,USA,https://acukwik.com/Airport-Info/2MO2
,Yellow River Airstrip,Holt,FL ,USA,https://acukwik.com/Airport-Info/FD93
,Francis,Holton,IN ,USA,https://acukwik.com/Airport-Info/9II8
,Monte Carlo,Holts Summit,MO ,USA,https://acukwik.com/Airport-Info/15MO
PAHC,Holy Cross,Holy Cross,AK ,USA,https://acukwik.com/Airport-Info/PAHC
KHEQ,Holyoke,Holyoke,CO ,USA,https://acukwik.com/Airport-Info/KHEQ
,Laminated,Holyoke,MA ,USA,https://acukwik.com/Airport-Info/29MA
,Melissa Memorial Hospital,Holyoke,CO ,USA,https://acukwik.com/Airport-Info/26CO
,Ruffner Field,Home,PA ,USA,https://acukwik.com/Airport-Info/PN36
,Homedale Municipal,Homedale,ID ,USA,https://acukwik.com/Airport-Info/S66
,Bear Cove Farm,Homer,AK ,USA,https://acukwik.com/Airport-Info/46AK
,Bootleggers Cove,Homer,AK ,USA,https://acukwik.com/Airport-Info/2AK4
,Bradley Lake Hydroelectric Project Airstrip,Homer,AK ,USA,https://acukwik.com/Airport-Info/0AK7
,Eastland,Homer,AK ,USA,https://acukwik.com/Airport-Info/98AK
,Emerald Ridge,Homer,AK ,USA,https://acukwik.com/Airport-Info/02AN
,Glacierview Strip,Homer,AK ,USA,https://acukwik.com/Airport-Info/AK17
PAHO,Homer,Homer,AK ,USA,https://acukwik.com/Airport-Info/PAHO
,Homer Municipal,Homer,LA ,USA,https://acukwik.com/Airport-Info/5F4
,Homer-Beluga Lake,Homer,AK ,USA,https://acukwik.com/Airport-Info/5BL
,Kachemak Landing,Homer,AK ,USA,https://acukwik.com/Airport-Info/09AN
,Lookout,Homer,AK ,USA,https://acukwik.com/Airport-Info/OL99
,South Peninsula Hospital,Homer,AK ,USA,https://acukwik.com/Airport-Info/4AA4
,Trisler,Homer,IL ,USA,https://acukwik.com/Airport-Info/6IS8
,Webster,Homer,IN ,USA,https://acukwik.com/Airport-Info/1II0
KHOE,Homerville,Homerville,GA ,USA,https://acukwik.com/Airport-Info/KHOE
,B & L Farms,Homestead,FL ,USA,https://acukwik.com/Airport-Info/11FA
,Big Bar,Homestead,OR ,USA,https://acukwik.com/Airport-Info/OR91
KHST,Homestead ARB,Homestead,FL ,USA,https://acukwik.com/Airport-Info/KHST
,Homestead General Aviation,Homestead,FL ,USA,https://acukwik.com/Airport-Info/X51
,Mac's Field,Homestead,FL ,USA,https://acukwik.com/Airport-Info/78FD
,Motorsports Complex Ems,Homestead,FL ,USA,https://acukwik.com/Airport-Info/FD34
,Motorsports Complex Vip,Homestead,FL ,USA,https://acukwik.com/Airport-Info/FD17
,Oxbow,Homestead,OR ,USA,https://acukwik.com/Airport-Info/OR12
,Richards Field,Homestead,FL ,USA,https://acukwik.com/Airport-Info/04FA
,South Dade Community Health Center,Homestead,FL ,USA,https://acukwik.com/Airport-Info/FA47
,The Wright Place,Homestead,FL ,USA,https://acukwik.com/Airport-Info/4FD3
,Hominy Municipal,Hominy,OK ,USA,https://acukwik.com/Airport-Info/H92
,Perrydise,Homosassa,FL ,USA,https://acukwik.com/Airport-Info/FA27
,Haass Field,Hondo,TX ,USA,https://acukwik.com/Airport-Info/TE57
KHDO,Hondo/South Texas Regional,Hondo,TX ,USA,https://acukwik.com/Airport-Info/KHDO
,Ashley Field,Honea Path,SC ,USA,https://acukwik.com/Airport-Info/SC01
,Bedson's Land Base,Honeoye Falls,NY ,USA,https://acukwik.com/Airport-Info/52NY
,Smiths Land Base,Honeoye Falls,NY ,USA,https://acukwik.com/Airport-Info/53NY
,Charles G Kalko,Honesdale,PA ,USA,https://acukwik.com/Airport-Info/7PA3
,Cherry Ridge,Honesdale,PA ,USA,https://acukwik.com/Airport-Info/N30
,Sports Complex Of Honesdale,Honesdale,PA ,USA,https://acukwik.com/Airport-Info/44PN
,Wayne Memorial Hospital,Honesdale,PA ,USA,https://acukwik.com/Airport-Info/7PA7
,Jls Farms,Honey Grove,TX ,USA,https://acukwik.com/Airport-Info/02XA
,Stottle Memorial,Honey Grove,PA ,USA,https://acukwik.com/Airport-Info/26PA
,Honokaa Airstrip,Honokaa,HI ,USA,https://acukwik.com/Airport-Info/HI05
,Heco-Waiau,Honolulu,HI ,USA,https://acukwik.com/Airport-Info/HI24
PHNL,Honolulu International,Honolulu,HI ,USA,https://acukwik.com/Airport-Info/PHNL
,Kuakini Medical Center,Honolulu,HI ,USA,https://acukwik.com/Airport-Info/HI40
,Moanalua Medical Center,Honolulu,HI ,USA,https://acukwik.com/Airport-Info/HI55
,The Queen's Medical Center,Honolulu,HI ,USA,https://acukwik.com/Airport-Info/HI38
,Green Acres Air Park,Hood River,OR ,USA,https://acukwik.com/Airport-Info/7OR6
,Hood River Fire Dept,Hood River,OR ,USA,https://acukwik.com/Airport-Info/OR43
,Ken Jernstedt,Hood River,OR ,USA,https://acukwik.com/Airport-Info/4S2
,Hooker Municipal,Hooker,OK ,USA,https://acukwik.com/Airport-Info/O45
,Chase Field,Hookerton,NC ,USA,https://acukwik.com/Airport-Info/58NR
,Hooksett Safety Center,Hooksett,NH ,USA,https://acukwik.com/Airport-Info/61NH
,Hooksett's Seaplane Landing,Hooksett,NH ,USA,https://acukwik.com/Airport-Info/37NH
,Macy,Hooksett,NH ,USA,https://acukwik.com/Airport-Info/95NH
,Mercier,Hooksett,NH ,USA,https://acukwik.com/Airport-Info/74NH
,Hanover Airpark Inc,Hookstown,PA ,USA,https://acukwik.com/Airport-Info/80PN
,Stateline,Hookstown,PA ,USA,https://acukwik.com/Airport-Info/29PA
POOH,Hoonah,Hoonah,AK ,USA,https://acukwik.com/Airport-Info/POOH
PAOH,Hoonah,Hoonah,AK ,USA,https://acukwik.com/Airport-Info/PAOH
,Hoopa,Hoopa,CA ,USA,https://acukwik.com/Airport-Info/O21
,Fremont Island Lower,Hooper,UT ,USA,https://acukwik.com/Airport-Info/1UT
,Fremont Island Upper,Hooper,UT ,USA,https://acukwik.com/Airport-Info/2UT
,Mc Gregor,Hooper,WA ,USA,https://acukwik.com/Airport-Info/73WT
PAHP,Hooper Bay,Hooper Bay,AK ,USA,https://acukwik.com/Airport-Info/PAHP
,Hoopeston Community Memorial Hospital,Hoopeston,IL ,USA,https://acukwik.com/Airport-Info/01IL
,Anderson Strip,Hoople,ND ,USA,https://acukwik.com/Airport-Info/NA65
,Bledsoe Ranch,Hoover,SD ,USA,https://acukwik.com/Airport-Info/0SD3
,Brookwood Fed Helipad,Hoover,AL ,USA,https://acukwik.com/Airport-Info/9AL1
,Med West- Hoover,Hoover,AL ,USA,https://acukwik.com/Airport-Info/8AL1
,Flying H Ranch,Hope,NM ,USA,https://acukwik.com/Airport-Info/68NM
,Hashbarger Farm Airstrip,Hope,ND ,USA,https://acukwik.com/Airport-Info/8NA9
,High Meadow Farms,Hope,NJ ,USA,https://acukwik.com/Airport-Info/9NJ8
,Hope,Hope,AK ,USA,https://acukwik.com/Airport-Info/5HO
,Hope Municipal,Hope,AR ,USA,https://acukwik.com/Airport-Info/M18
,Lewis Field,Hope,ND ,USA,https://acukwik.com/Airport-Info/9ND2
,Wadley Regional Medical Center At Hope,Hope,AR ,USA,https://acukwik.com/Airport-Info/1AR7
,Hopedale Industrial Park,Hopedale,MA ,USA,https://acukwik.com/Airport-Info/1B6
,Hopedale Medical Complex,Hopedale,IL ,USA,https://acukwik.com/Airport-Info/IL06
,Bermuda Hundred,Hopewell,VA ,USA,https://acukwik.com/Airport-Info/7VA4
,,,,,
,,,,,
,,,,,
,,,,,
,,,,,
,,,,,
,,,,,
KHOP,,,,,
KHVC,,,,,
,,,,,
,,,,,
KHQM,,,,,
KHTF,,,,,
,,,,,
,,,,,
,,,,,
,,,,,
,,,,,
,,,,,
,,,,,
,,,,,
,,,,,
,,,,,
,,,,,
,,,,,
,,,,,
,,,,,
,,,,,
,,,,,
,,,,,
,,,,,
,,,,,
,,,,,
,,,,,
,,,,,
,,,,,
,,,,,
,,,,,
KHSR,,,,,
KHSP,,,,,
KHOT,,,,,
,,,,,
,,,,,
,,,,,
,,,,,
,,,,,
KHTL,,,,,
,,,,,
KHUL,,,,,
,,,,,
,,,,,
KHUM,,,,,
,,,,,
,,,,,
,,,,,
,,,,,
,,,,,
,,,,,
KHPY,,,,,
,,,,,
,,,,,
,,,,,
,,,,,
KCXO,,,,,
,,,,,
,,,,,
,,,,,
KDWH,,,,,
,,,,,
,,,,,
,,,,,
KEFD,,,,,
,,,,,
,,,,,
,,,,,
,,,,,
KIAH,,,,,
,,,,,
,,,,,
,,,,,
,,,,,
,,,,,
,,,,,
,,,,,
,,,,,
,,,,,
,,,,,
,,,,,
KTME,,,,,
,,,,,
,,,,,
,,,,,
,,,,,
,,,,,
KAXH,,,,,
,,,,,
,,,,,
,,,,,
,,,,,
,,,,,
,,,,,
,,,,,
,,,,,
,,,,,
,,,,,
,,,,,
,,,,,
,,,,,
,,,,,
,,,,,
,,,,,
,,,,,
,,,,,
,,,,,
,,,,,
,,,,,
,,,,,
,,,,,
KLVJ,,,,,
,,,,,
,,,,,
,,,,,
,,,,,
,,,,,
,,,,,
,,,,,
,,,,,
,,,,,
,,,,,
,,,,,
,,,,,
,,,,,
,,,,,
KSGR,,,,,
,,,,,
,,,,,
,,,,,
,,,,,
,,,,,
,,,,,
,,,,,
,,,,,
,,,,,
,,,,,
,,,,,
,,,,,
,,,,,
KIWS,,,,,
,,,,,
KHOU,,,,,
,,,,,
,,,,,
,,,,,
,,,,,
,,,,,
,,,,,
,,,,,
,,,,,
,,,,,
,,,,,
,,,,,
,,,,,
KOZW,,,,,
,,,,,
,,,,,
,,,,,
,,,,,
,,,,,
,,,,,
,,,,,
,,,,,
,,,,,
,,,,,
,,,,,
,,,,,
,,,,,
,,,,,
,,,,,
,,,,,
,,,,,
,,,,,
,,,,,
,,,,,
PAHU,,,,,
,,,,,
KHHW,,,,,
KHQG,,,,,
,,,,,
,,,,,
,,,,,
,,,,,
,,,,,
,,,,,
,,,,,
,,,,,
,,,,,
,,,,,
,,,,,
,,,,,
KHNB,,,,,
,,,,,
KHZD,,,,,
,,,,,
,,,,,
,,,,,
,,,,,
,,,,,
,,,,,
,,,,,
,,,,,
KHHG,,,,,
,,,,,
,,,,,
,,,,,
,,,,,
,,,,,
KHTS,,,,,
,,,,,
,,,,,
,,,,,
,,,,,
,,,,,
,,,,,
,,,,,
,,,,,
,,,,,
,,,,,
,,,,,
,,,,,
,,,,,
,,,,,
,,,,,
KMDQ,,,,,
KHSV,,,,,
,,,,,
,,,,,
KUTS,,,,,
,,,,,
,,,,,
,,,,,
,,,,,
,,,,,
KHUA,,,,,
,,,,,
,,,,,
,,,,,
,,,,,
,,,,,
,,,,,
,,,,,
,,,,,
,,,,,
,,,,,
,,,,,
,,,,,
KHON,,,,,
,,,,,
,,,,,
,,,,,
,,,,,
,,,,,
,,,,,
,,,,,
,,,,,
,,,,,
,,,,,
,,,,,
,,,,,
,,,,,
,,,,,
,,,,,
,,,,,
,,,,,
,,,,,
KHCD,,,,,
KHUT,,,,,
,,,,,
,,,,,
,,,,,
,,,,,
,,,,,
KHYA,,,,,
,,,,,
,,,,,
,,,,,
PAHY,,,,,
,,,,,
,,,,,
,,,,,
,,,,,
,,,,,
,,,,,
,,,,,
,,,,,
,,,,,
,,,,,
,,,,,
,,,,,
,,,,,
,,,,,
,,,,,
,,,,,
,,,,,
,,,,,
,,,,,
,,,,,
,,,,,
,,,,,
KIDG,,,,,
,,,,,
,,,,,
,,,,,
,,,,,
,,,,,
,,,,,
KIDA,,,,,
,,,,,
,,,,,
,,,,,
,,,,,
PAIG,,,,,
,,,,,
PAIL,,,,,
,,,,,
,,,,,
,,,,,
,,,,,
,,,,,
KIMM,,,,,
,,,,,
,,,,,
,,,,,
,,,,,
,,,,,
,,,,,
,,,,,
KIPL,,,,,
KIML,,,,,
KNRS,,,,,
,,,,,
,,,,,
,,,,,
,,,,,
,,,,,
KIDP,,,,,
,,,,,
,,,,,
KIIB,,,,,
,,,,,
,,,,,
,,,,,
,,,,,
,,,,,
,,,,,
,,,,,
,,,,,
,,,,,
,,,,,
,,,,,
,,,,,
,,,,,
KINS,,,,,
,,,,,
KIDI,,,,,
,,,,,
,,,,,
,,,,,
,,,,,
KEYE,,,,,
,,,,,
,,,,,
,,,,,
,,,,,
,,,,,
KTYQ,,,,,
KIND,,,,,
KUMP,,,,,
KMQJ,,,,,
KHFY,,,,,
,,,,,
,,,,,
,,,,,
,,,,,
,,,,,
,,,,,
,,,,,
,,,,,
,,,,,
,,,,,
,,,,,
,,,,,
,,,,,
KIDL,,,,,
,,,,,
,,,,,
,,,,,
,,,,,
,,,,,
,,,,,
,,,,,
,,,,,
,,,,,
,,,,,
,,,,,
KTFP,,,,,
,,,,,
,,,,,
,,,,,
,,,,,
,,,,,
,,,,,
,,,,,
,,,,,
,,,,,
,,,,,
,,,,,
,,,,,
,,,,,
,,,,,
,,,,,
KINL,,,,,
,,,,,
,,,,,
,,,,,
,,,,,
,,,,,
,,,,,
,,,,,
,,,,,
,,,,,
,,,,,
KINF,,,,,
,,,,,
,,,,,
,,,,,
KIYK,,,,,
,,,,,
,,,,,
,,,,,
,,,,,
,,,,,
,,,,,
,,,,,
,,,,,
,,,,,
,,,,,
,,,,,
,,,,,
,,,,,
,,,,,
,,,,,
,,,,,
,,,,,
,,,,,
,,,,,
KIOW,,,,,
,,,,,
,,,,,
,,,,,
,,,,,
KIFA,,,,,
,,,,,
,,,,,
,,,,,
,,,,,
,,,,,
,,,,,
,,,,,
,,,,,
,,,,,
,,,,,
,,,,,
KIMT,,,,,
,,,,,
,,,,,
,,,,,
,,,,,
,,,,,
KIWD,,,,,
,,,,,
,,,,,
,,,,,
,,,,,
,,,,,
,,,,,
,,,,,
,,,,,
,,,,,
,,,,,
,,,,,
,,,,,
,,,,,
,,,,,
,,,,,
,,,,,
,,,,,
,,,,,
,,,,,
,,,,,
,,,,,
,,,,,
,,,,,
,,,,,
,,,,,
,,,,,
KISP,,,,,
,,,,,
,,,,,
,,,,,
,,,,,
,,,,,
KITH,,,,,
,,,,,
,,,,,
,,,,,
,,,,,
,,,,,
,,,,,
,,,,,
,,,,,
,,,,,
KJAU,,,,,
,,,,,
,,,,,
,,,,,
,,,,,
,,,,,
,,,,,
,,,,,
,,,,,
KHKS,,,,,
,,,,,
,,,,,
,,,,,
,,,,,
,,,,,
KJXN,,,,,
,,,,,
KJAC,,,,,
,,,,,
KMJQ,,,,,
KMKL,,,,,
,,,,,
KJAN,,,,,
KJRO,,,,,
,,,,,
,,,,,
KJKL,,,,,
,,,,,
,,,,,
,,,,,
,,,,,
,,,,,
,,,,,
,,,,,
,,,,,
,,,,,
,,,,,
,,,,,
,,,,,
,,,,,
,,,,,
KJAQ,,,,,
,,,,,
,,,,,
,,,,,
KOAJ,,,,,
,,,,,
,,,,,
,,,,,
KVQQ,,,,,
KJSO,,,,,
,,,,,
,,,,,
,,,,,
,,,,,
,,,,,
,,,,,
,,,,,
,,,,,
,,,,,
KHEG,,,,,
KCRG,,,,,
KJAX,,,,,
,,,,,
KIJX,,,,,
KNIP,,,,,
,,,,,
,,,,,
KLRF,,,,,
,,,,,
,,,,,
,,,,,
,,,,,
,,,,,
,,,,,
KNCA,,,,,
,,,,,
,,,,,
,,,,,
,,,,,
,,,,,
,,,,,
KNEN,,,,,
,,,,,
,,,,,
,,,,,
,,,,,
KAFN,,,,,
,,,,,
,,,,,
,,,,,
,,,,,
,,,,,
,,,,,
KJHW,,,,,
,,,,,
,,,,,
,,,,,
KJMS,,,,,
,,,,,
,,,,,
,,,,,
,,,,,
,,,,,
,,,,,
,,,,,
,,,,,
,,,,,
,,,,,
,,,,,
,,,,,
,,,,,
,,,,,
,,,,,
KJVL,,,,,
,,,,,
,,,,,
,,,,,
,,,,,
,,,,,
,,,,,
,,,,,
KJAS,,,,,
,,,,,
KAPT,,,,,
KJZP,,,,,
,,,,,
,,,,,
,,,,,
KJFX,,,,,
,,,,,
,,,,,
,,,,,
,,,,,
,,,,,
,,,,,
,,,,,
KNSX,,,,,
,,,,,
,,,,,
,,,,,
,,,,,
,,,,,
,,,,,
,,,,,
,,,,,
,,,,,
,,,,,
KGEV,,,,,
,,,,,
,,,,,
,,,,,
,,,,,
,,,,,
KJCA,,,,,
KEFW,,,,,
,,,,,
,,,,,
,,,,,
,,,,,
,,,,,
KJEF,,,,,
,,,,,
KJVY,,,,,
,,,,,
,,,,,
,,,,,
,,,,,
,,,,,
,,,,,
,,,,,
,,,,,
,,,,,
,,,,,
,,,,,
,,,,,
,,,,,
,,,,,
,,,,,
,,,,,
,,,,,
,,,,,
,,,,,
,,,,,
,,,,,
KJER,,,,,
,,,,,
,,,,,
,,,,,
,,,,,
,,,,,
,,,,,
,,,,,
,,,,,
,,,,,
,,,,,
,,,,,
,,,,,
,,,,,
,,,,,
KJES,,,,,
,,,,,
,,,,,
,,,,,
,,,,,
,,,,,
,,,,,
,,,,,
,,,,,
,,,,,
,,,,,
KGCD,,,,,
,,,,,
,,,,,
KJHN,,,,,
,,,,,
,,,,,
,,,,,
,,,,,
,,,,,
,,,,,
,,,,,
,,,,,
,,,,,
,,,,,
,,,,,
,,,,,
,,,,,
,,,,,
,,,,,
,,,,,
,,,,,
,,,,,
,,,,,
,,,,,
KJST,,,,,
,,,,,
,,,,,
,,,,,
KJOT,,,,,
,,,,,
,,,,,
,,,,,
,,,,,
,,,,,
,,,,,
,,,,,
,,,,,
,,,,,
,,,,,
,,,,,
KJBR,,,,,
,,,,,
,,,,,
,,,,,
,,,,,
,,,,,
,,,,,
,,,,,
,,,,,
,,,,,
,,,,,
,,,,,
,,,,,
,,,,,
,,,,,
,,,,,
,,,,,
,,,,,
KJLN,,,,,
,,,,,
,,,,,
KJDN,,,,,
,,,,,
,,,,,
,,,,,
KJSY,,,,,
,,,,,
,,,,,
,,,,,
,,,,,
,,,,,
,,,,,
,,,,,
,,,,,
,,,,,
KJCT,,,,,
,,,,,
,,,,,
,,,,,
,,,,,
,,,,,
,,,,,
,,,,,
,,,,,
,,,,,
KUNU,,,,,
PAJN,,,,,
,,,,,
,,,,,
,,,,,
,,,,,
,,,,,
,,,,,
,,,,,
,,,,,
,,,,,
,,,,,
,,,,,
,,,,,
,,,,,
,,,,,
,,,,,
,,,,,
,,,,,
,,,,,
,,,,,
,,,,,
,,,,,
,,,,,
,,,,,
,,,,,
,,,,,
,,,,,
,,,,,
,,,,,
,,,,,
,,,,,
PHOG,,,,,
PHKO,,,,,
KAIZ,,,,,
,,,,,
PAFE,,,,,
PABU,,,,,
,,,,,
,,,,,
,,,,,
,,,,,
KAZO,,,,,
,,,,,
,,,,,
PHLU,,,,,
,,,,,
,,,,,
,,,,,
,,,,,
,,,,,
KGPI,,,,,
,,,,,
,,,,,
,,,,,
,,,,,
,,,,,
,,,,,
,,,,,
,,,,,
,,,,,
,,,,,
PALG,,,,,
PAKV,,,,,
,,,,,
,,,,,
,,,,,
PHMU,,,,,
,,,,,
KKNB,,,,,
,,,,,
,,,,,
,,,,,
,,,,,
PHNG,,,,,
,,,,,
,,,,,
KIKK,,,,,
,,,,,
,,,,,
,,,,,
,,,,,
,,,,,
,,,,,
,,,,,
,,,,,
,,,,,
,,,,,
,,,,,
,,,,,
,,,,,
,,,,,
KMKC,,,,,
,,,,,
,,,,,
KMCI,,,,,
,,,,,
,,,,,
,,,,,
,,,,,
,,,,,
,,,,,
,,,,,
,,,,,
,,,,,
,,,,,
,,,,,
,,,,,
,,,,,
,,,,,
,,,,,
PHJH,,,,,
,,,,,
,,,,,
,,,,,
PHJR,,,,,
,,,,,
,,,,,
PAKY,,,,,
,,,,,
,,,,,
,,,,,
PFKA,,,,,
,,,,,
,,,,,
,,,,,
PABA,,,,,
,,,,,
,,,,,
,,,,,
,,,,,
,,,,,
,,,,,
,,,,,
,,,,,
,,,,,
,,,,,
PHMK,,,,,
,,,,,
,,,,,
,,,,,
,,,,,
,,,,,
,,,,,
KEAR,,,,,
,,,,,
,,,,,
,,,,,
,,,,,
,,,,,
,,,,,
,,,,,
,,,,,
KEEN,,,,,
,,,,,
,,,,,
,,,,,
,,,,,
,,,,,
,,,,,
,,,,,
,,,,,
PHBK,,,,,
,,,,,
,,,,,
,,,,,
,,,,,
,,,,,
KKLS,,,,,
KEMM,,,,,
,,,,,
,,,,,
,,,,,
,,,,,
,,,,,
,,,,,
,,,,,
,,,,,
,,,,,
,,,,,
,,,,,
,,,,,
PAEN,,,,,
,,,,,
,,,,,
,,,,,
,,,,,
,,,,,
,,,,,
KDPL,,,,,
,,,,,
,,,,,
,,,,,
,,,,,
,,,,,
,,,,,
,,,,,
,,,,,
,,,,,
,,,,,
,,,,,
,,,,,
,,,,,
,,,,,
,,,,,
,,,,,
,,,,,
,,,,,
,,,,,
,,,,,
,,,,,
,,,,,
,,,,,
,,,,,
,,,,,
KTKX,,,,,
,,,,,
,,,,,
,,,,,
,,,,,
,,,,,
,,,,,
,,,,,
,,,,,
KENW,,,,,
,,,,,
,,,,,
,,,,,
,,,,,
,,,,,
,,,,,
,,,,,
,,,,,
,,,,,
,,,,,
,,,,,
,,,,,
,,,,,
,,,,,
,,,,,
,,,,,
,,,,,
,,,,,
KEOK,,,,,
,,,,,
,,,,,
,,,,,
,,,,,
,,,,,
,,,,,
,,,,,
,,,,,
,,,,,
KERV,,,,,
,,,,,
,,,,,
,,,,,
,,,,,
,,,,,
,,,,,
PAKT,,,,,
,,,,,
,,,,,
,,,,,
,,,,,
,,,,,
,,,,,
,,,,,
,,,,,
,,,,,
,,,,,
,,,,,
,,,,,
KEZI,,,,,
,,,,,
,,,,,
,,,,,
,,,,,
,,,,,
,,,,,
KEYW,,,,,
KNQX,,,,,
,,,,,
,,,,,
,,,,,
,,,,,
,,,,,
,,,,,
,,,,,
,,,,,
PAIK,,,,,
,,,,,
,,,,,
,,,,,
,,,,,
,,,,,
KFFA,,,,,
,,,,,
,,,,,
,,,,,
,,,,,
KGRK,,,,,
KILE,,,,,
,,,,,
,,,,,
,,,,,
,,,,,
,,,,,
,,,,,
,,,,,
,,,,,
KIBM,,,,,
,,,,,
,,,,,
,,,,,
,,,,,
,,,,,
,,,,,
,,,,,
,,,,,
KKIC,,,,,
,,,,,
PAVC,,,,,
,,,,,
,,,,,
,,,,,
PAKN,,,,,
,,,,,
,,,,,
,,,,,
,,,,,
,,,,,
,,,,,
,,,,,
KIGM,,,,,
,,,,,
,,,,,
,,,,,
,,,,,
,,,,,
,,,,,
,,,,,
,,,,,
,,,,,
,,,,,
,,,,,
,,,,,
,,,,,
,,,,,
,,,,,
,,,,,
,,,,,
,,,,,
,,,,,
,,,,,
,,,,,
,,,,,
,,,,,
,,,,,
,,,,,
,,,,,
KCKI,,,,,
,,,,,
,,,,,
,,,,,
KNQI,,,,,
KIKG,,,,,
,,,,,
,,,,,
,,,,,
,,,,,
,,,,,
,,,,,
,,,,,
,,,,,
KISO,,,,,
,,,,,
,,,,,
,,,,,
,,,,,
,,,,,
,,,,,
,,,,,
,,,,,
,,,,,
,,,,,
PAKI,,,,,
,,,,,
,,,,,
,,,,,
,,,,,
,,,,,
,,,,,
,,,,,
,,,,,
KIRK,,,,,
,,,,,
,,,,,
,,,,,
,,,,,
,,,,,
,,,,,
,,,,,
,,,,,
,,,,,
,,,,,
,,,,,
,,,,,
,,,,,
,,,,,
,,,,,
,,,,,
,,,,,
,,,,,
,,,,,
,,,,,
,,,,,
,,,,,
,,,,,
PAVL,,,,,
KLMT,,,,,
,,,,,
,,,,,
,,,,,
,,,,,
,,,,,
PAKW,,,,,
,,,,,
,,,,,
,,,,,
,,,,,
KSZL,,,,,
,,,,,
,,,,,
,,,,,
,,,,,
KOXI,,,,,
,,,,,
,,,,,
,,,,,
,,,,,
,,,,,
,,,,,
,,,,,
,,,,,
,,,,,
,,,,,
KDKX,,,,,
KOXV,,,,,
KTYS,,,,,
,,,,,
,,,,,
,,,,,
,,,,,
,,,,,
,,,,,
PAOB,,,,,
PADQ,,,,,
,,,,,
PAKD,,,,,
,,,,,
,,,,,
PFKK,,,,,
,,,,,
,,,,,
,,,,,
KOKK,,,,,
,,,,,
,,,,,
PAJZ,,,,,
PADY,,,,,
,,,,,
,,,,,
,,,,,
,,,,,
KOSX,,,,,
PFKO,,,,,
PAOT,,,,,
,,,,,
,,,,,
PAKK,,,,,
PFKU,,,,,
,,,,,
,,,,,
,,,,,
,,,,,
,,,,,
,,,,,
,,,,,
,,,,,
,,,,,
,,,,,
,,,,,
,,,,,
,,,,,
PAKL,,,,,
,,,,,
,,,,,
,,,,,
,,,,,
,,,,,
,,,,,
PAKU,,,,,
,,,,,
PFKW,,,,,
PAGG,,,,,
,,,,,
,,,,,
,,,,,
,,,,,
,,,,,
,,,,,
,,,,,
,,,,,
,,,,,
,,,,,
,,,,,
,,,,,
,,,,,
,,,,,
,,,,,
,,,,,
KLSE,,,,,
,,,,,
,,,,,
,,,,,
,,,,,
,,,,,
,,,,,
KLGD,,,,,
,,,,,
,,,,,
,,,,,
,,,,,
,,,,,
,,,,,
,,,,,
,,,,,
,,,,,
KLHX,,,,,
,,,,,
,,,,,
,,,,,
,,,,,
,,,,,
,,,,,
,,,,,
,,,,,
,,,,,
,,,,,
KPPO,,,,,
,,,,,
,,,,,
,,,,,
,,,,,
,,,,,
,,,,,
KPOC,,,,,
,,,,,
,,,,,
,,,,,
,,,,,
,,,,,
,,,,,
,,,,,
,,,,,
,,,,,
,,,,,
,,,,,
,,,,,
KLCI,,,,,
,,,,,
KRCX,,,,,
,,,,,
,,,,,
,,,,,
,,,,,
,,,,,
,,,,,
,,,,,
,,,,,
,,,,,
,,,,,
,,,,,
,,,,,
,,,,,
,,,,,
KLFT,,,,,
,,,,,
,,,,,
,,,,,
KLAF,,,,,
,,,,,
,,,,,
,,,,,
,,,,,
,,,,,
,,,,,
,,,,,
KRYW,,,,,
,,,,,
,,,,,
KLGC,,,,,
,,,,,
,,,,,
,,,,,
,,,,,
,,,,,
,,,,,
,,,,,
,,,,,
,,,,,
,,,,,
,,,,,
,,,,,
,,,,,
,,,,,
,,,,,
,,,,,
,,,,,
,,,,,
KCWF,,,,,
,,,,,
,,,,,
,,,,,
,,,,,
,,,,,
,,,,,
,,,,,
,,,,,
,,,,,
KLCH,,,,,
,,,,,
,,,,,
,,,,,
,,,,,
,,,,,
,,,,,
,,,,,
,,,,,
,,,,,
,,,,,
,,,,,
KLCQ,,,,,
,,,,,
,,,,,
,,,,,
,,,,,
,,,,,
,,,,,
,,,,,
,,,,,
,,,,,
,,,,,
,,,,,
,,,,,
,,,,,
,,,,,
,,,,,
,,,,,
KHII,,,,,
,,,,,
,,,,,
,,,,,
,,,,,
,,,,,
,,,,,
,,,,,
,,,,,
,,,,,
,,,,,
,,,,,
,,,,,
,,,,,
,,,,,
,,,,,
,,,,,
,,,,,
,,,,,
,,,,,
,,,,,
KLKP,,,,,
,,,,,
,,,,,
,,,,,
,,,,,
,,,,,
,,,,,
,,,,,
,,,,,
,,,,,
,,,,,
,,,,,
,,,,,
,,,,,
,,,,,
,,,,,
,,,,,
,,,,,
,,,,,
,,,,,
,,,,,
,,,,,
,,,,,
,,,,,
,,,,,
,,,,,
,,,,,
KNEL,,,,,
,,,,,
,,,,,
,,,,,
KLAL,,,,,
,,,,,
,,,,,
,,,,,
,,,,,
,,,,,
,,,,,
,,,,,
,,,,,
,,,,,
,,,,,
KLKV,,,,,
,,,,,
,,,,,
,,,,,
,,,,,
,,,,,
,,,,,
,,,,,
,,,,,
,,,,,
,,,,,
,,,,,
,,,,,
,,,,,
,,,,,
KLLU,,,,,
,,,,,
,,,,,
KLAA,,,,,
,,,,,
,,,,,
,,,,,
,,,,,
,,,,,
KDUH,,,,,
,,,,,
KLUV,,,,,
,,,,,
KLWD,,,,,
,,,,,
,,,,,
,,,,,
,,,,,
,,,,,
,,,,,
KLZZ,,,,,
,,,,,
,,,,,
,,,,,
PHNY,,,,,
,,,,,
,,,,,
,,,,,
KBQR,,,,,
,,,,,
KLHQ,,,,,
,,,,,
,,,,,
KWJF,,,,,
,,,,,
,,,,,
,,,,,
,,,,,
KLNS,,,,,
KLKR,,,,,
,,,,,
,,,,,
KLNC,,,,,
,,,,,
,,,,,
,,,,,
,,,,,
,,,,,
,,,,,
,,,,,
,,,,,
,,,,,
,,,,,
KLNL,,,,,
KLND,,,,,
,,,,,
,,,,,
,,,,,
,,,,,
,,,,,
,,,,,
,,,,,
,,,,,
,,,,,
,,,,,
,,,,,
,,,,,
,,,,,
,,,,,
,,,,,
,,,,,
,,,,,
,,,,,
,,,,,
,,,,,
,,,,,
KLAN,,,,,
,,,,,
,,,,,
,,,,,
,,,,,
,,,,,
,,,,,
,,,,,
,,,,,
,,,,,
,,,,,
,,,,,
,,,,,
,,,,,
,,,,,
,,,,,
,,,,,
KLAR,,,,,
,,,,,
,,,,,
,,,,,
KLRD,,,,,
,,,,,
,,,,,
,,,,,
,,,,,
,,,,,
,,,,,
,,,,,
,,,,,
,,,,,
,,,,,
,,,,,
,,,,,
KLQR,,,,,
,,,,,
PALB,,,,,
,,,,,
,,,,,
KLRU,,,,,
,,,,,
,,,,,
,,,,,
,,,,,
,,,,,
KLAS,,,,,
KHND,,,,,
,,,,,
,,,,,
KLVS,,,,,
KLSV,,,,,
KVGT,,,,,
,,,,,
,,,,,
,,,,,
,,,,,
,,,,,
,,,,,
,,,,,
,,,,,
,,,,,
,,,,,
KLBE,,,,,
,,,,,
,,,,,
,,,,,
,,,,,
KLUL,,,,,
,,,,,
,,,,,
,,,,,
,,,,,
,,,,,
,,,,,
KLUX,,,,,
,,,,,
,,,,,
,,,,,
,,,,,
,,,,,
,,,,,
,,,,,
,,,,,
,,,,,
KLWC,,,,,
KLWM,,,,,
,,,,,
,,,,,
,,,,,
,,,,,
,,,,,
,,,,,
KLVL,,,,,
KLZU,,,,,
,,,,,
,,,,,
KLWV,,,,,
,,,,,
,,,,,
,,,,,
,,,,,
,,,,,
,,,,,
,,,,,
KLAW,,,,,
,,,,,
,,,,,
,,,,,
,,,,,
,,,,,
,,,,,
,,,,,
,,,,,
KLRJ,,,,,
,,,,,
,,,,,
,,,,,
,,,,,
,,,,,
KLXV,,,,,
,,,,,
,,,,,
,,,,,
,,,,,
,,,,,
,,,,,
,,,,,
,,,,,
,,,,,
,,,,,
,,,,,
,,,,,
,,,,,
,,,,,
,,,,,
,,,,,
,,,,,
,,,,,
,,,,,
,,,,,
KLBO,,,,,
,,,,,
,,,,,
,,,,,
,,,,,
,,,,,
,,,,,
KLEB,,,,,
,,,,,
,,,,,
,,,,,
,,,,,
,,,,,
,,,,,
,,,,,
,,,,,
,,,,,
,,,,,
,,,,,
,,,,,
,,,,,
,,,,,
,,,,,
,,,,,
,,,,,
,,,,,
KLXT,,,,,
,,,,,
,,,,,
,,,,,
,,,,,
,,,,,
,,,,,
,,,,,
,,,,,
,,,,,
,,,,,
KJYO,,,,,
KLEE,,,,,
,,,,,
,,,,,
,,,,,
,,,,,
,,,,,
,,,,,
,,,,,
,,,,,
,,,,,
,,,,,
,,,,,
,,,,,
,,,,,
,,,,,
,,,,,
,,,,,
,,,,,
,,,,,
,,,,,
,,,,,
,,,,,
,,,,,
,,,,,
,,,,,
,,,,,
,,,,,
,,,,,
,,,,,
,,,,,
,,,,,
,,,,,
,,,,,
,,,,,
KLEM,,,,,
,,,,,
,,,,,
KNLC,,,,,
,,,,,
,,,,,
,,,,,
,,,,,
,,,,,
,,,,,
,,,,,
,,,,,
,,,,,
,,,,,
,,,,,
,,,,,
,,,,,
,,,,,
,,,,,
,,,,,
,,,,,
,,,,,
,,,,,
,,,,,
,,,,,
,,,,,
,,,,,
,,,,,
,,,,,
,,,,,
,,,,,
,,,,,
,,,,,
,,,,,
,,,,,
,,,,,
,,,,,
,,,,,
,,,,,
,,,,,
,,,,,
,,,,,
,,,,,
,,,,,
KLLN,,,,,
,,,,,
KLUG,,,,,
,,,,,
,,,,,
KLWB,,,,,
,,,,,
,,,,,
,,,,,
,,,,,
,,,,,
,,,,,
,,,,,
,,,,,
,,,,,
KLWS,,,,,
,,,,,
,,,,,
,,,,,
,,,,,
,,,,,
,,,,,
,,,,,
,,,,,
KLWT,,,,,
,,,,,
,,,,,
,,,,,
,,,,,
,,,,,
,,,,,
,,,,,
,,,,,
,,,,,
KLEX,,,,,
,,,,,
,,,,,
,,,,,
,,,,,
KEXX,,,,,
,,,,,
,,,,,
,,,,,
,,,,,
,,,,,
,,,,,
,,,,,
KLXN,,,,,
,,,,,
,,,,,
,,,,,
,,,,,
,,,,,
,,,,,
,,,,,
KHMY,,,,,
,,,,,
,,,,,
,,,,,
,,,,,
,,,,,
,,,,,
,,,,,
,,,,,
,,,,,
,,,,,
KPVE,,,,,
,,,,,
,,,,,
KLBL,,,,,
,,,,,
,,,,,
,,,,,
,,,,,
,,,,,
,,,,,
,,,,,
,,,,,
,,,,,
,,,,,
,,,,,
,,,,,
,,,,,
,,,,,
,,,,,
,,,,,
,,,,,
,,,,,
,,,,,
,,,,,
,,,,,
,,,,,
,,,,,
,,,,,
PHLI,,,,,
,,,,,
,,,,,
,,,,,
,,,,,
,,,,,
,,,,,
KAOH,,,,,
,,,,,
,,,,,
,,,,,
,,,,,
,,,,,
,,,,,
,,,,,
KLIC,,,,,
,,,,,
,,,,,
,,,,,
,,,,,
,,,,,
,,,,,
KLHM,,,,,
,,,,,
,,,,,
,,,,,
,,,,,
,,,,,
KLNK,,,,,
KLRG,,,,,
KAAA,,,,,
,,,,,
,,,,,
,,,,,
,,,,,
,,,,,
,,,,,
,,,,,
,,,,,
,,,,,
,,,,,
,,,,,
,,,,,
,,,,,
KIPJ,,,,,
,,,,,
,,,,,
,,,,,
,,,,,
,,,,,
,,,,,
,,,,,
,,,,,
KLDJ,,,,,
,,,,,
,,,,,
,,,,,
,,,,,
,,,,,
,,,,,
,,,,,
,,,,,
,,,,,
,,,,,
,,,,,
,,,,,
,,,,,
,,,,,
,,,,,
,,,,,
,,,,,
,,,,,
,,,,,
,,,,,
,,,,,
,,,,,
,,,,,
,,,,,
,,,,,
,,,,,
,,,,,
,,,,,
,,,,,
,,,,,
,,,,,
,,,,,
,,,,,
,,,,,
,,,,,
,,,,,
,,,,,
KLJF,,,,,
,,,,,
,,,,,
,,,,,
,,,,,
,,,,,
,,,,,
,,,,,
,,,,,
KLXL,,,,,
,,,,,
,,,,,
KLLR,,,,,
,,,,,
,,,,,
,,,,,
KLIT,,,,,
,,,,,
,,,,,
,,,,,
,,,,,
,,,,,
,,,,,
,,,,,
,,,,,
,,,,,
,,,,,
,,,,,
,,,,,
KLIU,,,,,
,,,,,
,,,,,
,,,,,
,,,,,
,,,,,
,,,,,
,,,,,
,,,,,
,,,,,
,,,,,
,,,,,
,,,,,
,,,,,
,,,,,
,,,,,
,,,,,
,,,,,
,,,,,
,,,,,
,,,,,
,,,,,
,,,,,
,,,,,
,,,,,
,,,,,
,,,,,
KLVK,,,,,
,,,,,
,,,,,
,,,,,
,,,,,
,,,,,
,,,,,
,,,,,
,,,,,
,,,,,
,,,,,
,,,,,
,,,,,
KLVM,,,,,
,,,,,
,,,,,
,,,,,
,,,,,
,,,,,
,,,,,
,,,,,
,,,,,
,,,,,
,,,,,
,,,,,
KAQO,,,,,
,,,,,
,,,,,
,,,,,
,,,,,
,,,,,
,,,,,
,,,,,
KLHV,,,,,
,,,,,
,,,,,
,,,,,
,,,,,
,,,,,
,,,,,
,,,,,
,,,,,
,,,,,
,,,,,
,,,,,
,,,,,
,,,,,
,,,,,
,,,,,
,,,,,
,,,,,
,,,,,
,,,,,
,,,,,
,,,,,
,,,,,
,,,,,
,,,,,
,,,,,
,,,,,
,,,,,
,,,,,
KLGU,,,,,
,,,,,
,,,,,
,,,,,
KGGP,,,,,
,,,,,
,,,,,
,,,,,
,,,,,
,,,,,
KLPC,,,,,
KVBG,,,,,
KLOZ,,,,,
KUYF,,,,,
,,,,,
,,,,,
,,,,,
,,,,,
,,,,,
,,,,,
,,,,,
,,,,,
,,,,,
,,,,,
KLNR,,,,,
,,,,,
,,,,,
,,,,,
,,,,,
KLGB,,,,,
,,,,,
,,,,,
,,,,,
,,,,,
,,,,,
,,,,,
,,,,,
,,,,,
,,,,,
,,,,,
,,,,,
,,,,,
,,,,,
,,,,,
,,,,,
,,,,,
,,,,,
,,,,,
,,,,,
,,,,,
KLMO,,,,,
,,,,,
,,,,,
,,,,,
KGGG,,,,,
,,,,,
,,,,,
,,,,,
,,,,,
,,,,,
KXVG,,,,,
,,,,,
,,,,,
,,,,,
,,,,,
,,,,,
,,,,,
,,,,,
,,,,,
KLPR,,,,,
,,,,,
KLSB,,,,,
,,,,,
,,,,,
,,,,,
,,,,,
,,,,,
,,,,,
KSLI,,,,,
KLAM,,,,,
,,,,,
,,,,,
,,,,,
,,,,,
,,,,,
,,,,,
,,,,,
,,,,,
,,,,,
,,,,,
,,,,,
,,,,,
,,,,,
,,,,,
,,,,,
,,,,,
,,,,,
,,,,,
,,,,,
,,,,,
,,,,,
,,,,,
,,,,,
,,,,,
,,,,,
,,,,,
,,,,,
,,,,,
,,,,,
,,,,,
,,,,,
KLAX,,,,,
,,,,,
,,,,,
,,,,,
,,,,,
,,,,,
,,,,,
,,,,,
,,,,,
,,,,,
,,,,,
,,,,,
,,,,,
,,,,,
,,,,,
,,,,,
,,,,,
,,,,,
,,,,,
,,,,,
KWHP,,,,,
,,,,,
,,,,,
KLSN,,,,,
,,,,,
,,,,,
,,,,,
,,,,,
,,,,,
,,,,,
,,,,,
,,,,,
,,,,,
,,,,,
,,,,,
,,,,,
,,,,,
,,,,,
,,,,,
,,,,,
KLKU,,,,,
,,,,,
,,,,,
,,,,,
,,,,,
KLHZ,,,,,
,,,,,
,,,,,
,,,,,
,,,,,
,,,,,
,,,,,
,,,,,
KLOU,,,,,
,,,,,
,,,,,
,,,,,
,,,,,
,,,,,
,,,,,
,,,,,
KSDF,,,,,
,,,,,
KLMS,,,,,
,,,,,
,,,,,
,,,,,
,,,,,
,,,,,
,,,,,
,,,,,
,,,,,
,,,,,
,,,,,
,,,,,
,,,,,
,,,,,
,,,,,
,,,,,
KLOL,,,,,
,,,,,
,,,,,
,,,,,
,,,,,
,,,,,
,,,,,
,,,,,
,,,,,
,,,,,
,,,,,
,,,,,
,,,,,
,,,,,
,,,,,
,,,,,
,,,,,
,,,,,
,,,,,
,,,,,
,,,,,
,,,,,
,,,,,
,,,,,
,,,,,
,,,,,
,,,,,
,,,,,
,,,,,
,,,,,
,,,,,
,,,,,
,,,,,
,,,,,
,,,,,
,,,,,
,,,,,
,,,,,
KLBB,,,,,
,,,,,
,,,,,
,,,,,
,,,,,
,,,,,
,,,,,
,,,,,
,,,,,
,,,,,
,,,,,
,,,,,
,,,,,
,,,,,
,,,,,
,,,,,
,,,,,
,,,,,
KLDM,,,,,
,,,,,
,,,,,
,,,,,
KLFK,,,,,
,,,,,
,,,,,
,,,,,
,,,,,
,,,,,
,,,,,
,,,,,
,,,,,
KLBT,,,,,
,,,,,
,,,,,
,,,,,
,,,,,
,,,,,
,,,,,
KLUA,,,,,
,,,,,
,,,,,
,,,,,
,,,,,
KLSK,,,,,
,,,,,
,,,,,
,,,,,
,,,,,
,,,,,
,,,,,
,,,,,
,,,,,
,,,,,
,,,,,
,,,,,
,,,,,
,,,,,
,,,,,
,,,,,
,,,,,
KLYV,,,,,
,,,,,
,,,,,
,,,,,
,,,,,
,,,,,
,,,,,
,,,,,
,,,,,
,,,,,
,,,,,
KLYH,,,,,
,,,,,
,,,,,
,,,,,
KCDA,,,,,
,,,,,
,,,,,
,,,,,
,,,,,
,,,,,
KLYO,,,,,
,,,,,
,,,,,
,,,,,
,,,,,
,,,,,
,,,,,
,,,,,
,,,,,
,,,,,
KMVM,,,,,
,,,,,
,,,,,
,,,,,
,,,,,
,,,,,
,,,,,
,,,,,
,,,,,
KMCD,,,,,
,,,,,
,,,,,
KMQB,,,,,
,,,,,
,,,,,
,,,,,
KMAC,,,,,
,,,,,
,,,,,
,,,,,
KMCN,,,,,
,,,,,
,,,,,
,,,,,
,,,,,
,,,,,
,,,,,
,,,,,
KMAE,,,,,
,,,,,
,,,,,
,,,,,
,,,,,
,,,,,
,,,,,
KMBO,,,,,
KMSN,,,,,
,,,,,
,,,,,
,,,,,
,,,,,
,,,,,
,,,,,
,,,,,
KDXX,,,,,
,,,,,
,,,,,
KMDS,,,,,
KIMS,,,,,
,,,,,
,,,,,
,,,,,
,,,,,
,,,,,
,,,,,
,,,,,
,,,,,
,,,,,
,,,,,
,,,,,
,,,,,
,,,,,
KMNV,,,,,
,,,,,
,,,,,
,,,,,
,,,,,
,,,,,
,,,,,
,,,,,
,,,,,
,,,,,
,,,,,
,,,,,
,,,,,
,,,,,
,,,,,
KAGO,,,,,
,,,,,
,,,,,
,,,,,
,,,,,
,,,,,
,,,,,
,,,,,
,,,,,
,,,,,
,,,,,
KMLD,,,,,
,,,,,
,,,,,
KMAW,,,,,
,,,,,
,,,,,
,,,,,
,,,,,
,,,,,
,,,,,
,,,,,
KMAL,,,,,
,,,,,
,,,,,
,,,,,
,,,,,
,,,,,
KMMH,,,,,
,,,,,
,,,,,
,,,,,
,,,,,
,,,,,
KHEF,,,,,
,,,,,
,,,,,
,,,,,
,,,,,
,,,,,
,,,,,
,,,,,
,,,,,
,,,,,
,,,,,
KMHT,,,,,
,,,,,
,,,,,
,,,,,
,,,,,
,,,,,
,,,,,
,,,,,
,,,,,
,,,,,
,,,,,
,,,,,
,,,,,
,,,,,
,,,,,
,,,,,
,,,,,
KMHK,,,,,
,,,,,
,,,,,
,,,,,
,,,,,
,,,,,
,,,,,
KMXA,,,,,
KMBL,,,,,
,,,,,
KISQ,,,,,
,,,,,
,,,,,
,,,,,
,,,,,
KMTW,,,,,
,,,,,
KTKO,,,,,
KMKT,,,,,
,,,,,
,,,,,
PAML,,,,,
,,,,,
,,,,,
,,,,,
,,,,,
KMNI,,,,,
PAMB,,,,,
,,,,,
,,,,,
,,,,,
,,,,,
,,,,,
,,,,,
,,,,,
,,,,,
,,,,,
,,,,,
KMFD,,,,,
,,,,,
,,,,,
,,,,,
,,,,,
,,,,,
,,,,,
,,,,,
,,,,,
,,,,,
,,,,,
,,,,,
,,,,,
,,,,,
,,,,,
KMQI,,,,,
,,,,,
,,,,,
,,,,,
,,,,,
,,,,,
,,,,,
,,,,,
,,,,,
,,,,,
,,,,,
,,,,,
,,,,,
KMGG,,,,,
,,,,,
,,,,,
,,,,,
,,,,,
,,,,,
KMEY,,,,,
,,,,,
,,,,,
KOQW,,,,,
KMZJ,,,,,
,,,,,
,,,,,
,,,,,
,,,,,
KMTH,,,,,
,,,,,
,,,,,
,,,,,
,,,,,
,,,,,
,,,,,
,,,,,
,,,,,
,,,,,
,,,,,
,,,,,
,,,,,
,,,,,
,,,,,
,,,,,
,,,,,
KMKY,,,,,
,,,,,
,,,,,
,,,,,
,,,,,
,,,,,
,,,,,
,,,,,
,,,,,
,,,,,
,,,,,
,,,,,
KMRF,,,,,
,,,,,
,,,,,
,,,,,
,,,,,
,,,,,
KMAI,,,,,
,,,,,
,,,,,
,,,,,
,,,,,
,,,,,
,,,,,
,,,,,
,,,,,
,,,,,
,,,,,
,,,,,
,,,,,
,,,,,
KMGE,,,,,
,,,,,
,,,,,
,,,,,
,,,,,
,,,,,
,,,,,
,,,,,
KOAR,,,,,
,,,,,
,,,,,
,,,,,
,,,,,
,,,,,
,,,,,
,,,,,
,,,,,
,,,,,
,,,,,
,,,,,
,,,,,
,,,,,
,,,,,
,,,,,
KMAO,,,,,
,,,,,
,,,,,
KMNN,,,,,
,,,,,
KMZZ,,,,,
KGDA,,,,,
,,,,,
,,,,,
,,,,,
,,,,,
,,,,,
,,,,,
,,,,,
,,,,,
,,,,,
KMWA,,,,,
,,,,,
,,,,,
,,,,,
KMKJ,,,,,
,,,,,
,,,,,
KMPI,,,,,
,,,,,
,,,,,
,,,,,
,,,,,
,,,,,
,,,,,
,,,,,
,,,,,
,,,,,
KMMS,,,,,
,,,,,
KMKV,,,,,
,,,,,
,,,,,
,,,,,
,,,,,
,,,,,
,,,,,
,,,,,
,,,,,
,,,,,
,,,,,
,,,,,
,,,,,
,,,,,
,,,,,
,,,,,
,,,,,
,,,,,
,,,,,
,,,,,
,,,,,
KSAW,,,,,
,,,,,
,,,,,
,,,,,
,,,,,
,,,,,
,,,,,
,,,,,
KRMY,,,,,
,,,,,
,,,,,
KASL,,,,,
,,,,,
KMHL,,,,,
,,,,,
,,,,,
,,,,,
KMML,,,,,
KMIW,,,,,
,,,,,
,,,,,
KMFI,,,,,
KGHG,,,,,
,,,,,
,,,,,
,,,,,
,,,,,
,,,,,
,,,,,
,,,,,
,,,,,
,,,,,
,,,,,
,,,,,
,,,,,
,,,,,
KMRB,,,,,
,,,,,
,,,,,
,,,,,
KMTV,,,,,
,,,,,
,,,,,
,,,,,
,,,,,
,,,,,
,,,,,
,,,,,
,,,,,
,,,,,
,,,,,
,,,,,
,,,,,
KHRT,,,,,
KBAB,,,,,
,,,,,
,,,,,
,,,,,
,,,,,
KMYZ,,,,,
,,,,,
,,,,,
,,,,,
KMRT,,,,,
KMYV,,,,,
,,,,,
,,,,,
,,,,,
KEVU,,,,,
,,,,,
,,,,,
,,,,,
,,,,,
,,,,,
,,,,,
,,,,,
,,,,,
,,,,,
,,,,,
KTEW,,,,,
,,,,,
,,,,,
,,,,,
,,,,,
,,,,,
,,,,,
,,,,,
,,,,,
KMCW,,,,,
,,,,,
,,,,,
,,,,,
KMSS,,,,,
,,,,,
,,,,,
,,,,,
,,,,,
,,,,,
,,,,,
,,,,,
,,,,,
,,,,,
,,,,,
,,,,,
,,,,,
,,,,,
,,,,,
,,,,,
,,,,,
,,,,,
,,,,,
,,,,,
KMTO,,,,,
,,,,,
,,,,,
,,,,,
,,,,,
KSXK,,,,,
,,,,,
,,,,,
,,,,,
KMEB,,,,,
,,,,,
,,,,,
,,,,,
,,,,,
,,,,,
,,,,,
,,,,,
,,,,,
,,,,,
,,,,,
,,,,,
,,,,,
,,,,,
,,,,,
,,,,,
,,,,,
,,,,,
,,,,,
KNRB,,,,,
,,,,,
,,,,,
,,,,,
,,,,,
,,,,,
,,,,,
,,,,,
,,,,,
,,,,,
,,,,,
,,,,,
,,,,,
,,,,,
,,,,,
KMLC,,,,,
,,,,,
KMFE,,,,,
,,,,,
,,,,,
,,,,,
,,,,,
KMYL,,,,,
,,,,,
,,,,,
,,,,,
,,,,,
,,,,,
,,,,,
,,,,,
KMCB,,,,,
,,,,,
,,,,,
KMCK,,,,,
,,,,,
,,,,,
,,,,,
,,,,,
,,,,,
,,,,,
,,,,,
,,,,,
,,,,,
,,,,,
,,,,,
PAMC,,,,,
,,,,,
,,,,,
,,,,,
,,,,,
,,,,,
,,,,,
,,,,,
,,,,,
,,,,,
,,,,,
,,,,,
,,,,,
,,,,,
,,,,,
,,,,,
,,,,,
,,,,,
,,,,,
,,,,,
,,,,,
,,,,,
,,,,,
,,,,,
,,,,,
KMMV,,,,,
KRNC,,,,,
,,,,,
KMPR,,,,,
KMQW,,,,,
,,,,,
,,,,,
,,,,,
,,,,,
,,,,,
PAMX,,,,,
,,,,,
,,,,,
,,,,,
,,,,,
,,,,,
,,,,,
,,,,,
,,,,,
,,,,,
,,,,,
,,,,,
,,,,,
PAIN,,,,,
,,,,,
,,,,,
,,,,,
KTKI,,,,,
,,,,,
,,,,,
,,,,,
,,,,,
,,,,,
,,,,,
,,,,,
,,,,,
,,,,,
,,,,,
KMEJ,,,,,
,,,,,
,,,,,
,,,,,
,,,,,
,,,,,
KGKJ,,,,,
,,,,,
,,,,,
,,,,,
,,,,,
,,,,,
,,,,,
,,,,,
,,,,,
,,,,,
,,,,,
,,,,,
,,,,,
,,,,,
,,,,,
,,,,,
KMFR,,,,,
,,,,,
,,,,,
,,,,,
,,,,,
KMDZ,,,,,
,,,,,
,,,,,
,,,,,
,,,,,
,,,,,
,,,,,
,,,,,
,,,,,
,,,,,
,,,,,
,,,,,
,,,,,
,,,,,
,,,,,
,,,,,
KEEO,,,,,
,,,,,
,,,,,
,,,,,
,,,,,
,,,,,
KMLB,,,,,
,,,,,
,,,,,
,,,,,
KMFV,,,,,
,,,,,
,,,,,
,,,,,
,,,,,
,,,,,
,,,,,
,,,,,
,,,,,
,,,,,
,,,,,
,,,,,
,,,,,
,,,,,
,,,,,
,,,,,
,,,,,
KMEM,,,,,
,,,,,
,,,,,
,,,,,
,,,,,
,,,,,
,,,,,
,,,,,
,,,,,
KMEZ,,,,,
,,,,,
,,,,,
,,,,,
,,,,,
,,,,,
,,,,,
,,,,,
,,,,,
,,,,,
,,,,,
,,,,,
,,,,,
KMNM,,,,,
,,,,,
,,,,,
KLUM,,,,,
,,,,,
,,,,,
,,,,,
,,,,,
,,,,,
,,,,,
KMER,,,,,
,,,,,
KMCE,,,,,
,,,,,
,,,,,
,,,,,
,,,,,
,,,,,
,,,,,
,,,,,
,,,,,
,,,,,
,,,,,
,,,,,
,,,,,
,,,,,
,,,,,
,,,,,
,,,,,
,,,,,
,,,,,
KMMK,,,,,
,,,,,
,,,,,
,,,,,
,,,,,
KNJW,,,,,
KNMM,,,,,
KMEI,,,,,
,,,,,
,,,,,
,,,,,
,,,,,
,,,,,
,,,,,
,,,,,
,,,,,
,,,,,
,,,,,
,,,,,
,,,,,
,,,,,
,,,,,
KRRL,,,,,
,,,,,
,,,,,
,,,,,
,,,,,
,,,,,
,,,,,
,,,,,
,,,,,
KCOI,,,,,
,,,,,
PAEW,,,,,
,,,,,
,,,,,
,,,,,
,,,,,
,,,,,
,,,,,
,,,,,
,,,,,
,,,,,
,,,,,
,,,,,
,,,,,
,,,,,
,,,,,
,,,,,
,,,,,
,,,,,
,,,,,
KHQZ,,,,,
,,,,,
,,,,,
,,,,,
,,,,,
,,,,,
,,,,,
PAMM,,,,,
,,,,,
,,,,,
,,,,,
KMHP,,,,,
KLXY,,,,,
,,,,,
,,,,,
,,,,,
,,,,,
,,,,,
KMYJ,,,,,
,,,,,
,,,,,
,,,,,
,,,,,
,,,,,
,,,,,
KTNT,,,,,
,,,,,
,,,,,
,,,,,
,,,,,
,,,,,
,,,,,
,,,,,
,,,,,
,,,,,
,,,,,
,,,,,
KTMB,,,,,
,,,,,
KMIA,,,,,
KMIO,,,,,
,,,,,
,,,,,
KOPF,,,,,
,,,,,
,,,,,
,,,,,
,,,,,
,,,,,
,,,,,
,,,,,
,,,,,
,,,,,
,,,,,
,,,,,
,,,,,
,,,,,
,,,,,
KMGC,,,,,
,,,,,
,,,,,
,,,,,
,,,,,
,,,,,
,,,,,
,,,,,
,,,,,
,,,,,
,,,,,
,,,,,
,,,,,
,,,,,
,,,,,
,,,,,
,,,,,
,,,,,
,,,,,
,,,,,
,,,,,
,,,,,
,,,,,
,,,,,
,,,,,
,,,,,
,,,,,
,,,,,
,,,,,
PAMD,,,,,
,,,,,
,,,,,
,,,,,
,,,,,
,,,,,
,,,,,
,,,,,
,,,,,
,,,,,
KMWO,,,,,
,,,,,
,,,,,
,,,,,
,,,,,
KEVY,,,,,
,,,,,
,,,,,
,,,,,
KIKW,,,,,
,,,,,
KMDD,,,,,
KMAF,,,,,
,,,,,
,,,,,
,,,,,
,,,,,
,,,,,
,,,,,
,,,,,
,,,,,
KJWY,,,,,
,,,,,
,,,,,
,,,,,
,,,,,
,,,,,
,,,,,
,,,,,
,,,,,
,,,,,
,,,,,
,,,,,
,,,,,
,,,,,
,,,,,
,,,,,
,,,,,
,,,,,
,,,,,
,,,,,
,,,,,
,,,,,
,,,,,
,,,,,
KMLS,,,,,
,,,,,
,,,,,
,,,,,
,,,,,
,,,,,
,,,,,
,,,,,
,,,,,
,,,,,
,,,,,
KMLF,,,,,
,,,,,
,,,,,
,,,,,
,,,,,
,,,,,
,,,,,
,,,,,
,,,,,
,,,,,
,,,,,
,,,,,
,,,,,
,,,,,
,,,,,
,,,,,
,,,,,
KMLJ,,,,,
,,,,,
,,,,,
,,,,,
,,,,,
,,,,,
KMKA,,,,,
,,,,,
,,,,,
,,,,,
,,,,,
,,,,,
,,,,,
,,,,,
,,,,,
KNQA,,,,,
,,,,,
,,,,,
KMLT,,,,,
,,,,,
,,,,,
,,,,,
,,,,,
,,,,,
,,,,,
,,,,,
KMIV,,,,,
,,,,,
,,,,,
,,,,,
,,,,,
,,,,,
KNFJ,,,,,
,,,,,
,,,,,
,,,,,
,,,,,
,,,,,
,,,,,
,,,,,
,,,,,
,,,,,
,,,,,
,,,,,
KNGS,,,,,
,,,,,
,,,,,
KNSE,,,,,
KNDZ,,,,,
,,,,,
,,,,,
,,,,,
,,,,,
KMWC,,,,,
KMKE,,,,,
,,,,,
,,,,,
,,,,,
,,,,,
KMNE,,,,,
KMEV,,,,,
,,,,,
,,,,,
,,,,,
,,,,,
,,,,,
,,,,,
,,,,,
KJDD,,,,,
,,,,,
,,,,,
KMRJ,,,,,
,,,,,
,,,,,
,,,,,
,,,,,
KMWL,,,,,
,,,,,
,,,,,
,,,,,
,,,,,
,,,,,
,,,,,
,,,,,
,,,,,
,,,,,
,,,,,
,,,,,
KLVN,,,,,
KANE,,,,,
,,,,,
KMIC,,,,,
,,,,,
KFCM,,,,,
,,,,,
KMSP,,,,,
,,,,,
,,,,,
,,,,,
,,,,,
,,,,,
,,,,,
KARV,,,,,
,,,,,
,,,,,
,,,,,
,,,,,
,,,,,
,,,,,
,,,,,
,,,,,
,,,,,
KMIB,,,,,
KMOT,,,,,
,,,,,
,,,,,
,,,,,
,,,,,
,,,,,
,,,,,
,,,,,
,,,,,
,,,,,
,,,,,
,,,,,
,,,,,
KMSO,,,,,
,,,,,
,,,,,
,,,,,
,,,,,
,,,,,
,,,,,
,,,,,
KMHE,,,,,
,,,,,
,,,,,
,,,,,
KCNY,,,,,
,,,,,
,,,,,
,,,,,
,,,,,
,,,,,
,,,,,
,,,,,
,,,,,
KMBY,,,,,
,,,,,
,,,,,
,,,,,
KBFM,,,,,
KMOB,,,,,
,,,,,
,,,,,
,,,,,
,,,,,
,,,,,
,,,,,
KMBG,,,,,
,,,,,
,,,,,
,,,,,
,,,,,
,,,,,
,,,,,
,,,,,
,,,,,
,,,,,
,,,,,
KMOD,,,,,
,,,,,
,,,,,
KHBC,,,,,
,,,,,
,,,,,
,,,,,
,,,,,
KMHV,,,,,
PHDH,,,,,
,,,,,
,,,,,
,,,,,
KMLI,,,,,
,,,,,
,,,,,
,,,,,
,,,,,
,,,,,
KMKS,,,,,
,,,,,
,,,,,
,,,,,
,,,,,
,,,,,
,,,,,
,,,,,
,,,,,
KHFJ,,,,,
,,,,,
,,,,,
,,,,,
,,,,,
,,,,,
,,,,,
,,,,,
KFWQ,,,,,
,,,,,
,,,,,
,,,,,
KEQY,,,,,
,,,,,
,,,,,
KTTF,,,,,
,,,,,
,,,,,
,,,,,
,,,,,
,,,,,
,,,,,
,,,,,
,,,,,
,,,,,
,,,,,
KEFT,,,,,
KMLU,,,,,
,,,,,
,,,,,
,,,,,
,,,,,
,,,,,
,,,,,
,,,,,
,,,,,
,,,,,
,,,,,
KMVC,,,,,
,,,,,
,,,,,
,,,,,
,,,,,
,,,,,
,,,,,
,,,,,
,,,,,
,,,,,
KSIY,,,,,
,,,,,
,,,,,
KMTP,,,,,
,,,,,
KMVI,,,,,
,,,,,
,,,,,
,,,,,
,,,,,
,,,,,
,,,,,
,,,,,
KMRY,,,,,
,,,,,
,,,,,
,,,,,
KMVE,,,,,
,,,,,
,,,,,
,,,,,
,,,,,
,,,,,
,,,,,
,,,,,
,,,,,
,,,,,
,,,,,
,,,,,
,,,,,
,,,,,
KMXF,,,,,
,,,,,
KMGM,,,,,
KMGJ,,,,,
,,,,,
,,,,,
,,,,,
,,,,,
,,,,,
,,,,,
,,,,,
,,,,,
,,,,,
,,,,,
,,,,,
,,,,,
,,,,,
,,,,,
,,,,,
,,,,,
,,,,,
,,,,,
KLLQ,,,,,
KMXO,,,,,
,,,,,
,,,,,
KMSV,,,,,
KEKQ,,,,,
,,,,,
KMCX,,,,,
,,,,,
,,,,,
,,,,,
,,,,,
,,,,,
,,,,,
,,,,,
,,,,,
,,,,,
,,,,,
,,,,,
,,,,,
KMTJ,,,,,
,,,,,
,,,,,
,,,,,
,,,,,
,,,,,
,,,,,
,,,,,
,,,,,
,,,,,
,,,,,
,,,,,
,,,,,
,,,,,
,,,,,
,,,,,
,,,,,
,,,,,
KMDF,,,,,
,,,,,
,,,,,
,,,,,
,,,,,
,,,,,
,,,,,
,,,,,
,,,,,
,,,,,
,,,,,
KJKJ,,,,,
,,,,,
,,,,,
,,,,,
KMZH,,,,,
,,,,,
,,,,,
KJMR,,,,,
,,,,,
,,,,,
,,,,,
,,,,,
,,,,,
,,,,,
,,,,,
KSYM,,,,,
,,,,,
,,,,,
,,,,,
,,,,,
,,,,,
,,,,,
,,,,,
,,,,,
,,,,,
,,,,,
,,,,,
,,,,,
,,,,,
,,,,,
KMRN,,,,,
,,,,,
,,,,,
KMGW,,,,,
,,,,,
,,,,,
,,,,,
,,,,,
,,,,,
,,,,,
KBDQ,,,,,
KMPJ,,,,,
,,,,,
,,,,,
,,,,,
,,,,,
,,,,,
KMOX,,,,,
,,,,,
,,,,,
,,,,,
,,,,,
,,,,,
,,,,,
,,,,,
,,,,,
,,,,,
,,,,,
,,,,,
,,,,,
,,,,,
,,,,,
,,,,,
,,,,,
KMOR,,,,,
,,,,,
KMMU,,,,,
,,,,,
,,,,,
,,,,,
,,,,,
KMVL,,,,,
,,,,,
,,,,,
,,,,,
,,,,,
,,,,,
,,,,,
,,,,,
,,,,,
,,,,,
KGPH,,,,,
,,,,,
,,,,,
,,,,,
,,,,,
,,,,,
,,,,,
,,,,,
,,,,,
KMWH,,,,,
,,,,,
,,,,,
,,,,,
,,,,,
KCWA,,,,,
,,,,,
,,,,,
,,,,,
,,,,,
,,,,,
,,,,,
,,,,,
,,,,,
,,,,,
,,,,,
,,,,,
,,,,,
,,,,,
,,,,,
KMGR,,,,,
KMUL,,,,,
,,,,,
,,,,,
,,,,,
,,,,,
,,,,,
,,,,,
,,,,,
KMPG,,,,,
,,,,,
,,,,,
KMWK,,,,,
,,,,,
,,,,,
,,,,,
KAJG,,,,,
,,,,,
,,,,,
,,,,,
KMTC,,,,,
,,,,,
,,,,,
,,,,,
,,,,,
,,,,,
,,,,,
KVAY,,,,,
,,,,,
,,,,,
,,,,,
,,,,,
,,,,,
,,,,,
,,,,,
,,,,,
,,,,,
,,,,,
,,,,,
,,,,,
,,,,,
,,,,,
,,,,,
,,,,,
,,,,,
,,,,,
,,,,,
,,,,,
,,,,,
,,,,,
KMPZ,,,,,
KMOP,,,,,
KOSA,,,,,
,,,,,
KLRO,,,,,
,,,,,
,,,,,
,,,,,
,,,,,
,,,,,
,,,,,
KMPO,,,,,
,,,,,
,,,,,
,,,,,
,,,,,
,,,,,
KIOB,,,,,
,,,,,
,,,,,
,,,,,
,,,,,
,,,,,
,,,,,
,,,,,
,,,,,
,,,,,
,,,,,
KMVN,,,,,
,,,,,
,,,,,
,,,,,
,,,,,
,,,,,
,,,,,
,,,,,
,,,,,
,,,,,
,,,,,
,,,,,
,,,,,
,,,,,
,,,,,
,,,,,
KBPK,,,,,
,,,,,
,,,,,
,,,,,
,,,,,
,,,,,
,,,,,
,,,,,
,,,,,
,,,,,
KMUO,,,,,
,,,,,
,,,,,
,,,,,
,,,,,
,,,,,
KNUQ,,,,,
KMNF,,,,,
,,,,,
,,,,,
,,,,,
PAMO,,,,,
,,,,,
,,,,,
,,,,,
,,,,,
,,,,,
,,,,,
,,,,,
,,,,,
,,,,,
,,,,,
,,,,,
,,,,,
,,,,,
,,,,,
,,,,,
,,,,,
,,,,,
,,,,,
,,,,,
,,,,,
,,,,,
,,,,,
,,,,,
,,,,,
,,,,,
,,,,,
,,,,,
,,,,,
,,,,,
,,,,,
,,,,,
,,,,,
,,,,,
,,,,,
,,,,,
,,,,,
,,,,,
,,,,,
,,,,,
KMIE,,,,,
,,,,,
,,,,,
,,,,,
,,,,,
,,,,,
,,,,,
,,,,,
,,,,,
,,,,,
,,,,,
,,,,,
,,,,,
,,,,,
,,,,,
,,,,,
,,,,,
,,,,,
,,,,,
,,,,,
KMBT,,,,,
,,,,,
,,,,,
,,,,,
,,,,,
,,,,,
,,,,,
,,,,,
,,,,,
,,,,,
,,,,,
,,,,,
,,,,,
,,,,,
KCEY,,,,,
,,,,,
,,,,,
,,,,,
,,,,,
,,,,,
,,,,,
,,,,,
,,,,,
,,,,,
,,,,,
,,,,,
KMUT,,,,,
,,,,,
,,,,,
KMSL,,,,,
,,,,,
,,,,,
,,,,,
,,,,,
KMKG,,,,,
KMKO,,,,,
,,,,,
,,,,,
,,,,,
KMYR,,,,,
,,,,,
,,,,,
,,,,,
,,,,,
,,,,,
KOCH,,,,,
,,,,,
,,,,,
,,,,,
,,,,,
,,,,,
,,,,,
,,,,,
KMAN,,,,,
,,,,,
,,,,,
,,,,,
,,,,,
,,,,,
,,,,,
,,,,,
KACK,,,,,
,,,,,
,,,,,
KAPC,,,,,
,,,,,
,,,,,
PANA,,,,,
PAPK,,,,,
,,,,,
,,,,,
,,,,,
,,,,,
,,,,,
,,,,,
,,,,,
KAPF,,,,,
,,,,,
,,,,,
,,,,,
,,,,,
,,,,,
,,,,,
,,,,,
,,,,,
,,,,,
,,,,,
,,,,,
,,,,,
,,,,,
,,,,,
,,,,,
,,,,,
,,,,,
,,,,,
,,,,,
KASH,,,,,
,,,,,
,,,,,
,,,,,
,,,,,
,,,,,
,,,,,
KJWN,,,,,
,,,,,
,,,,,
,,,,,
KBNA,,,,,
,,,,,
,,,,,
,,,,,
,,,,,
,,,,,
,,,,,
,,,,,
,,,,,
,,,,,
,,,,,
,,,,,
,,,,,
KHEZ,,,,,
,,,,,
,,,,,
KIER,,,,,
,,,,,
,,,,,
,,,,,
,,,,,
,,,,,
,,,,,
,,,,,
,,,,,
,,,,,
,,,,,
,,,,,
,,,,,
,,,,,
,,,,,
,,,,,
,,,,,
,,,,,
,,,,,
,,,,,
,,,,,
,,,,,
,,,,,
,,,,,
,,,,,
KEBY,,,,,
,,,,,
KAFK,,,,,
,,,,,
,,,,,
,,,,,
KDAF,,,,,
,,,,,
KEED,,,,,
,,,,,
,,,,,
,,,,,
,,,,,
,,,,,
KVIQ,,,,,
,,,,,
,,,,,
,,,,,
,,,,,
,,,,,
,,,,,
PAOU,,,,,
,,,,,
,,,,,
PANN,,,,,
,,,,,
,,,,,
,,,,,
KEOS,,,,,
,,,,,
,,,,,
,,,,,
,,,,,
,,,,,
,,,,,
,,,,,
KNVD,,,,,
,,,,,
,,,,,
,,,,,
,,,,,
,,,,,
,,,,,
,,,,,
,,,,,
,,,,,
,,,,,
,,,,,
,,,,,
,,,,,
,,,,,
,,,,,
KEWB,,,,,
,,,,,
,,,,,
,,,,,
,,,,,
,,,,,
,,,,,
,,,,,
,,,,,
,,,,,
,,,,,
KEWN,,,,,
,,,,,
,,,,,
,,,,,
,,,,,
,,,,,
,,,,,
,,,,,
,,,,,
,,,,,
,,,,,
,,,,,
,,,,,
,,,,,
KBAZ,,,,,
,,,,,
,,,,,
,,,,,
,,,,,
,,,,,
,,,,,
,,,,,
,,,,,
,,,,,
,,,,,
,,,,,
,,,,,
,,,,,
,,,,,
,,,,,
,,,,,
KUWL,,,,,
,,,,,
KUCP,,,,,
,,,,,
,,,,,
,,,,,
,,,,,
,,,,,
,,,,,
,,,,,
,,,,,
,,,,,
,,,,,
,,,,,
,,,,,
,,,,,
,,,,,
,,,,,
KHVN,,,,,
,,,,,
,,,,,
,,,,,
,,,,,
,,,,,
,,,,,
,,,,,
,,,,,
,,,,,
,,,,,
,,,,,
KARA,,,,,
,,,,,
,,,,,
,,,,,
,,,,,
,,,,,
,,,,,
,,,,,
,,,,,
,,,,,
,,,,,
,,,,,
,,,,,
,,,,,
,,,,,
,,,,,
,,,,,
KEIW,,,,,
,,,,,
,,,,,
,,,,,
,,,,,
,,,,,
,,,,,
,,,,,
,,,,,
,,,,,
,,,,,
KNBG,,,,,
,,,,,
,,,,,
,,,,,
KNEW,,,,,
KMSY,,,,,
,,,,,
,,,,,
,,,,,
,,,,,
,,,,,
KPHD,,,,,
,,,,,
,,,,,
,,,,,
,,,,,
,,,,,
,,,,,
,,,,,
,,,,,
,,,,,
,,,,,
,,,,,
,,,,,
KRNH,,,,,
,,,,,
KHZR,,,,,
,,,,,
,,,,,
,,,,,
,,,,,
,,,,,
,,,,,
KEVB,,,,,
PANW,,,,,
,,,,,
,,,,,
,,,,,
KULM,,,,,
,,,,,
,,,,,
,,,,,
,,,,,
,,,,,
,,,,,
,,,,,
KJRB,,,,,
,,,,,
,,,,,
KLGA,,,,,
,,,,,
KJFK,,,,,
,,,,,
,,,,,
KJRA,,,,,
,,,,,
,,,,,
,,,,,
,,,,,
,,,,,
KVTA,,,,,
,,,,,
KEWR,,,,,
,,,,,
,,,,,
,,,,,
,,,,,
,,,,,
,,,,,
,,,,,
,,,,,
,,,,,
,,,,,
,,,,,
,,,,,
,,,,,
KERY,,,,,
KEOE,,,,,
,,,,,
,,,,,
,,,,,
,,,,,
,,,,,
,,,,,
,,,,,
,,,,,
,,,,,
,,,,,
,,,,,
,,,,,
,,,,,
,,,,,
KSWF,,,,,
,,,,,
,,,,,
,,,,,
,,,,,
,,,,,
,,,,,
,,,,,
KECS,,,,,
,,,,,
,,,,,
,,,,,
,,,,,
,,,,,
,,,,,
,,,,,
,,,,,
,,,,,
,,,,,
,,,,,
,,,,,
,,,,,
,,,,,
,,,,,
,,,,,
,,,,,
,,,,,
,,,,,
,,,,,
,,,,,
,,,,,
KONP,,,,,
,,,,,
,,,,,
KUUU,,,,,
,,,,,
,,,,,
,,,,,
KEFK,,,,,
,,,,,
,,,,,
,,,,,
,,,,,
,,,,,
,,,,,
,,,,,
,,,,,
,,,,,
,,,,,
KPHF,,,,,
,,,,,
,,,,,
,,,,,
,,,,,
,,,,,
,,,,,
,,,,,
,,,,,
KEWK,,,,,
,,,,,
,,,,,
KTNU,,,,,
,,,,,
,,,,,
,,,,,
,,,,,
,,,,,
,,,,,
,,,,,
,,,,,
,,,,,
,,,,,
,,,,,
,,,,,
,,,,,
,,,,,
KIAG,,,,,
,,,,,
,,,,,
,,,,,
,,,,,
,,,,,
,,,,,
,,,,,
,,,,,
PAGT,,,,,
,,,,,
,,,,,
,,,,,
,,,,,
PAFS,,,,,
PAKO,,,,,
,,,,,
,,,,,
,,,,,
KHBE,,,,,
,,,,,
,,,,,
,,,,,
,,,,,
,,,,,
,,,,,
,,,,,
,,,,,
,,,,,
KOLS,,,,,
,,,,,
,,,,,
,,,,,
,,,,,
PAOM,,,,,
,,,,,
,,,,,
PANO,,,,,
PFNO,,,,,
,,,,,
,,,,,
,,,,,
,,,,,
,,,,,
KCPK,,,,,
KNCL,,,,,
,,,,,
KPVG,,,,,
,,,,,
KORF,,,,,
KNHU,,,,,
KNGU,,,,,
KOFK,,,,,
,,,,,
,,,,,
,,,,,
,,,,,
,,,,,
,,,,,
,,,,,
,,,,,
,,,,,
,,,,,
,,,,,
KOUN,,,,,
,,,,,
,,,,,
,,,,,
KOWK,,,,,
,,,,,
,,,,,
,,,,,
KXNO,,,,,
,,,,,
KAQW,,,,,
,,,,,
,,,,,
,,,,,
,,,,,
KOTH,,,,,
,,,,,
,,,,,
,,,,,
,,,,,
,,,,,
,,,,,
,,,,,
,,,,,
,,,,,
,,,,,
,,,,,
,,,,,
,,,,,
,,,,,
,,,,,
,,,,,
,,,,,
,,,,,
,,,,,
,,,,,
,,,,,
,,,,,
,,,,,
KOQU,,,,,
,,,,,
,,,,,
,,,,,
,,,,,
KORK,,,,,
,,,,,
,,,,,
,,,,,
,,,,,
,,,,,
,,,,,
,,,,,
KCRE,,,,,
,,,,,
,,,,,
,,,,,
,,,,,
KLBF,,,,,
,,,,,
,,,,,
,,,,,
,,,,,
,,,,,
,,,,,
,,,,,
,,,,,
,,,,,
,,,,,
,,,,,
,,,,,
,,,,,
,,,,,
,,,,,
,,,,,
,,,,,
,,,,,
,,,,,
,,,,,
,,,,,
,,,,,
,,,,,
,,,,,
KOVO,,,,,
,,,,,
,,,,,
,,,,,
,,,,,
,,,,,
,,,,,
KUKF,,,,,
,,,,,
,,,,,
,,,,,
,,,,,
,,,,,
,,,,,
,,,,,
,,,,,
,,,,,
,,,,,
,,,,,
,,,,,
,,,,,
,,,,,
,,,,,
PAOR,,,,,
,,,,,
,,,,,
,,,,,
,,,,,
,,,,,
,,,,,
,,,,,
,,,,,
KNRN,,,,,
,,,,,
,,,,,
,,,,,
,,,,,
,,,,,
,,,,,
,,,,,
,,,,,
,,,,,
,,,,,
,,,,,
,,,,,
KOIC,,,,,
,,,,,
,,,,,
,,,,,
,,,,,
KOWD,,,,,
,,,,,
,,,,,
,,,,,
,,,,,
,,,,,
KDVO,,,,,
,,,,,
,,,,,
,,,,,
,,,,,
,,,,,
,,,,,
,,,,,
KAIB,,,,,
,,,,,
PALP,,,,,
,,,,,
PFNU,,,,,
PPNU,,,,,
,,,,,
PANU,,,,,
,,,,,
,,,,,
PPIT,,,,,
,,,,,
,,,,,
,,,,,
,,,,,
,,,,,
,,,,,
,,,,,
,,,,,
,,,,,
,,,,,
,,,,,
KONL,,,,,
,,,,,
,,,,,
,,,,,
,,,,,
,,,,,
,,,,,
,,,,,
,,,,,
,,,,,
KOKH,,,,,
KNUW,,,,,
,,,,,
,,,,,
KSUT,,,,,
,,,,,
,,,,,
,,,,,
,,,,,
KACP,,,,,
,,,,,
,,,,,
,,,,,
,,,,,
,,,,,
,,,,,
,,,,,
,,,,,
,,,,,
,,,,,
,,,,,
,,,,,
,,,,,
,,,,,
,,,,,
,,,,,
KOAK,,,,,
,,,,,
,,,,,
,,,,,
,,,,,
KOEL,,,,,
,,,,,
,,,,,
,,,,,
,,,,,
,,,,,
,,,,,
,,,,,
,,,,,
KOIN,,,,,
,,,,,
,,,,,
,,,,,
,,,,,
,,,,,
,,,,,
,,,,,
,,,,,
,,,,,
,,,,,
KOCF,,,,,
,,,,,
,,,,,
,,,,,
,,,,,
,,,,,
,,,,,
KOXB,,,,,
,,,,,
,,,,,
,,,,,
,,,,,
,,,,,
,,,,,
KOKB,,,,,
KNFG,,,,,
,,,,,
,,,,,
,,,,,
,,,,,
,,,,,
,,,,,
,,,,,
,,,,,
,,,,,
,,,,,
,,,,,
KOCQ,,,,,
,,,,,
,,,,,
,,,,,
,,,,,
,,,,,
,,,,,
,,,,,
,,,,,
,,,,,
KODO,,,,,
,,,,,
,,,,,
,,,,,
,,,,,
,,,,,
KOLZ,,,,,
,,,,,
KOGA,,,,,
,,,,,
KHIF,,,,,
,,,,,
KOGD,,,,,
KOGS,,,,,
,,,,,
,,,,,
,,,,,
,,,,,
,,,,,
,,,,,
,,,,,
,,,,,
,,,,,
,,,,,
,,,,,
,,,,,
,,,,,
,,,,,
,,,,,
,,,,,
,,,,,
,,,,,
,,,,,
,,,,,
,,,,,
KOBE,,,,,
,,,,,
,,,,,
,,,,,
,,,,,
,,,,,
,,,,,
,,,,,
,,,,,
,,,,,
,,,,,
,,,,,
KRCE,,,,,
,,,,,
,,,,,
,,,,,
,,,,,
,,,,,
,,,,,
,,,,,
,,,,,
KOKC,,,,,
,,,,,
,,,,,
,,,,,
,,,,,
KHSD,,,,,
KTIK,,,,,
,,,,,
,,,,,
KPWA,,,,,
,,,,,
KOKM,,,,,
,,,,,
,,,,,
,,,,,
,,,,,
,,,,,
KOJC,,,,,
KIXD,,,,,
,,,,,
,,,,,
,,,,,
,,,,,
,,,,,
,,,,,
,,,,,
,,,,,
KOLD,,,,,
,,,,,
,,,,,
,,,,,
,,,,,
,,,,,
KOLE,,,,,
,,,,,
,,,,,
,,,,,
,,,,,
KOLV,,,,,
,,,,,
,,,,,
KOVL,,,,,
,,,,,
,,,,,
,,,,,
KONY,,,,,
,,,,,
KOLY,,,,,
,,,,,
,,,,,
,,,,,
,,,,,
,,,,,
,,,,,
,,,,,
,,,,,
,,,,,
KOLM,,,,,
,,,,,
,,,,,
,,,,,
,,,,,
KBTA,,,,,
,,,,,
KOMA,,,,,
,,,,,
,,,,,
,,,,,
,,,,,
KOFF,,,,,
KMLE,,,,,
,,,,,
,,,,,
KOMK,,,,,
,,,,,
,,,,,
,,,,,
,,,,,
,,,,,
,,,,,
,,,,,
,,,,,
,,,,,
,,,,,
KSCX,,,,,
,,,,,
,,,,,
,,,,,
,,,,,
,,,,,
,,,,,
,,,,,
,,,,,
KONT,,,,,
KONO,,,,,
,,,,,
KOGM,,,,,
,,,,,
,,,,,
,,,,,
,,,,,
,,,,,
,,,,,
,,,,,
,,,,,
,,,,,
,,,,,
KOPL,,,,,
,,,,,
,,,,,
,,,,,
,,,,,
,,,,,
,,,,,
,,,,,
KORG,,,,,
KOMH,,,,,
KORE,,,,,
,,,,,
,,,,,
,,,,,
,,,,,
,,,,,
,,,,,
KNOG,,,,,
,,,,,
,,,,,
,,,,,
,,,,,
,,,,,
,,,,,
KOGB,,,,,
,,,,,
,,,,,
,,,,,
,,,,,
,,,,,
,,,,,
,,,,,
,,,,,
KODX,,,,,
,,,,,
,,,,,
,,,,,
,,,,,
,,,,,
,,,,,
,,,,,
,,,,,
,,,,,
,,,,,
,,,,,
,,,,,
,,,,,
,,,,,
,,,,,
,,,,,
,,,,,
,,,,,
,,,,,
,,,,,
,,,,,
,,,,,
,,,,,
,,,,,
,,,,,
,,,,,
,,,,,
,,,,,
,,,,,
KISM,,,,,
,,,,,
,,,,,
,,,,,
,,,,,
,,,,,
,,,,,
,,,,,
,,,,,
,,,,,
,,,,,
KORL,,,,,
,,,,,
,,,,,
KMCO,,,,,
,,,,,
KSFB,,,,,
,,,,,
,,,,,
,,,,,
,,,,,
,,,,,
,,,,,
,,,,,
,,,,,
,,,,,
,,,,,
,,,,,
KOMN,,,,,
,,,,,
,,,,,
,,,,,
,,,,,
,,,,,
,,,,,
,,,,,
,,,,,
,,,,,
,,,,,
,,,,,
,,,,,
,,,,,
,,,,,
KOVE,,,,,
KORB,,,,,
,,,,,
,,,,,
,,,,,
KVVV,,,,,
,,,,,
,,,,,
,,,,,
,,,,,
,,,,,
,,,,,
,,,,,
,,,,,
,,,,,
,,,,,
,,,,,
,,,,,
,,,,,
KOEO,,,,,
,,,,,
,,,,,
,,,,,
,,,,,
,,,,,
,,,,,
,,,,,
KOSC,,,,,
,,,,,
,,,,,
KOKS,,,,,
,,,,,
,,,,,
,,,,,
KOSH,,,,,
,,,,,
,,,,,
,,,,,
KOOA,,,,,
,,,,,
,,,,,
,,,,,
,,,,,
,,,,,
,,,,,
,,,,,
,,,,,
,,,,,
,,,,,
,,,,,
,,,,,
,,,,,
,,,,,
,,,,,
,,,,,
,,,,,
,,,,,
,,,,,
KOWI,,,,,
KOWX,,,,,
,,,,,
,,,,,
,,,,,
KOTM,,,,,
,,,,,
,,,,,
,,,,,
,,,,,
,,,,,
,,,,,
,,,,,
,,,,,
,,,,,
,,,,,
,,,,,
,,,,,
,,,,,
,,,,,
,,,,,
,,,,,
KOWA,,,,,
,,,,,
,,,,,
,,,,,
,,,,,
,,,,,
KOWB,,,,,
,,,,,
,,,,,
,,,,,
,,,,,
,,,,,
,,,,,
KRNP,,,,,
,,,,,
,,,,,
,,,,,
,,,,,
,,,,,
,,,,,
,,,,,
,,,,,
,,,,,
,,,,,
KHNZ,,,,,
,,,,,
,,,,,
,,,,,
KOXD,,,,,
,,,,,
,,,,,
,,,,,
,,,,,
,,,,,
,,,,,
KUOX,,,,,
KOXC,,,,,
KOXR,,,,,
,,,,,
,,,,,
,,,,,
,,,,,
,,,,,
,,,,,
,,,,,
,,,,,
,,,,,
,,,,,
,,,,,
,,,,,
,,,,,
,,,,,
,,,,,
,,,,,
KOZA,,,,,
,,,,,
KNRQ,,,,,
KPFC,,,,,
,,,,,
,,,,,
KPAI,,,,,
KPAH,,,,,
,,,,,
,,,,,
,,,,,
,,,,,
,,,,,
KPGA,,,,,
,,,,,
,,,,,
,,,,,
KPYG,,,,,
KPSO,,,,,
,,,,,
KPHK,,,,,
,,,,,
,,,,,
,,,,,
,,,,,
,,,,,
,,,,,
,,,,,
,,,,,
,,,,,
,,,,,
,,,,,
,,,,,
,,,,,
,,,,,
,,,,,
,,,,,
,,,,,
,,,,,
KPSX,,,,,
,,,,,
,,,,,
,,,,,
,,,,,
,,,,,
,,,,,
KPSN,,,,,
,,,,,
,,,,,
,,,,,
,,,,,
,,,,,
,,,,,
,,,,,
,,,,,
,,,,,
KFIN,,,,,
,,,,,
,,,,,
,,,,,
,,,,,
KUDD,,,,,
,,,,,
KTRM,,,,,
KPSP,,,,,
,,,,,
,,,,,
KPMD,,,,,
,,,,,
,,,,,
,,,,,
,,,,,
,,,,,
,,,,,
,,,,,
,,,,,
,,,,,
,,,,,
,,,,,
,,,,,
,,,,,
,,,,,
,,,,,
,,,,,
,,,,,
,,,,,
,,,,,
,,,,,
,,,,,
,,,,,
,,,,,
PAAQ,,,,,
,,,,,
,,,,,
,,,,,
,,,,,
,,,,,
,,,,,
,,,,,
,,,,,
,,,,,
,,,,,
,,,,,
,,,,,
,,,,,
,,,,,
,,,,,
,,,,,
,,,,,
,,,,,
,,,,,
,,,,,
,,,,,
KPAO,,,,,
,,,,,
,,,,,
,,,,,
,,,,,
,,,,,
,,,,,
,,,,,
,,,,,
,,,,,
KPPA,,,,,
,,,,,
,,,,,
,,,,,
,,,,,
,,,,,
,,,,,
,,,,,
,,,,,
,,,,,
,,,,,
,,,,,
KNBV,,,,,
KECP,,,,,
,,,,,
,,,,,
,,,,,
KPAM,,,,,
,,,,,
,,,,,
,,,,,
,,,,,
,,,,,
,,,,,
,,,,,
,,,,,
,,,,,
,,,,,
,,,,,
,,,,,
,,,,,
,,,,,
,,,,,
,,,,,
,,,,,
,,,,,
,,,,,
,,,,,
,,,,,
,,,,,
,,,,,
,,,,,
,,,,,
,,,,,
,,,,,
KPGR,,,,,
,,,,,
,,,,,
,,,,,
,,,,,
,,,,,
,,,,,
,,,,,
,,,,,
KPRX,,,,,
KPRG,,,,,
,,,,,
,,,,,
KPHT,,,,,
,,,,,
,,,,,
,,,,,
,,,,,
,,,,,
,,,,,
,,,,,
,,,,,
,,,,,
,,,,,
,,,,,
,,,,,
,,,,,
,,,,,
KPKF,,,,,
,,,,,
,,,,,
KPKD,,,,,
,,,,,
,,,,,
,,,,,
,,,,,
,,,,,
,,,,,
,,,,,
,,,,,
,,,,,
,,,,,
,,,,,
,,,,,
KPKB,,,,,
,,,,,
,,,,,
,,,,,
,,,,,
,,,,,
,,,,,
,,,,,
,,,,,
,,,,,
,,,,,
,,,,,
,,,,,
,,,,,
,,,,,
,,,,,
,,,,,
,,,,,
,,,,,
,,,,,
,,,,,
KPPF,,,,,
,,,,,
,,,,,
,,,,,
,,,,,
,,,,,
,,,,,
,,,,,
,,,,,
,,,,,
,,,,,
KPQL,,,,,
,,,,,
,,,,,
,,,,,
,,,,,
,,,,,
KPSC,,,,,
,,,,,
,,,,,
,,,,,
KPRB,,,,,
,,,,,
,,,,,
,,,,,
,,,,,
,,,,,
,,,,,
,,,,,
,,,,,
,,,,,
,,,,,
,,,,,
KPTN,,,,,
,,,,,
,,,,,
KNHK,,,,,
,,,,,
,,,,,
,,,,,
,,,,,
,,,,,
KPVJ,,,,,
,,,,,
,,,,,
,,,,,
,,,,,
,,,,,
,,,,,
,,,,,
,,,,,
,,,,,
,,,,,
,,,,,
,,,,,
,,,,,
,,,,,
,,,,,
KSFZ,,,,,
PAXK,,,,,
,,,,,
,,,,,
,,,,,
,,,,,
,,,,,
,,,,,
KPEX,,,,,
,,,,,
KPAN,,,,,
,,,,,
,,,,,
,,,,,
,,,,,
,,,,,
,,,,,
,,,,,
,,,,,
,,,,,
,,,,,
,,,,,
,,,,,
,,,,,
,,,,,
,,,,,
,,,,,
,,,,,
,,,,,
,,,,,
,,,,,
,,,,,
,,,,,
,,,,,
,,,,,
,,,,,
,,,,,
,,,,,
,,,,,
,,,,,
,,,,,
,,,,,
,,,,,
,,,,,
KPEQ,,,,,
,,,,,
,,,,,
,,,,,
,,,,,
,,,,,
,,,,,
,,,,,
,,,,,
,,,,,
,,,,,
,,,,,
,,,,,
,,,,,
,,,,,
,,,,,
KPLR,,,,,
,,,,,
KPEA,,,,,
,,,,,
KPLN,,,,,
,,,,,
,,,,,
KPMB,,,,,
,,,,,
,,,,,
,,,,,
,,,,,
,,,,,
,,,,,
,,,,,
,,,,,
,,,,,
,,,,,
,,,,,
KPDT,,,,,
,,,,,
,,,,,
,,,,,
KPEO,,,,,
,,,,,
,,,,,
,,,,,
,,,,,
,,,,,
,,,,,
,,,,,
KPNS,,,,,
KNPA,,,,,
,,,,,
,,,,,
,,,,,
,,,,,
,,,,,
,,,,,
,,,,,
KPIA,,,,,
,,,,,
,,,,,
,,,,,
,,,,,
,,,,,
,,,,,
,,,,,
,,,,,
,,,,,
,,,,,
,,,,,
,,,,,
,,,,,
,,,,,
,,,,,
,,,,,
,,,,,
,,,,,
,,,,,
,,,,,
,,,,,
KCKZ,,,,,
,,,,,
,,,,,
,,,,,
,,,,,
,,,,,
,,,,,
,,,,,
,,,,,
,,,,,
,,,,,
KPRO,,,,,
,,,,,
KFPY,,,,,
KPXE,,,,,
,,,,,
,,,,,
,,,,,
,,,,,
,,,,,
,,,,,
,,,,,
KPYX,,,,,
,,,,,
PAPE,,,,,
KPCD,,,,,
,,,,,
,,,,,
,,,,,
,,,,,
,,,,,
,,,,,
KGUS,,,,,
KVYS,,,,,
,,,,,
,,,,,
,,,,,
,,,,,
,,,,,
,,,,,
,,,,,
,,,,,
,,,,,
,,,,,
,,,,,
,,,,,
,,,,,
,,,,,
,,,,,
,,,,,
PAPG,,,,,
,,,,,
KPTB,,,,,
,,,,,
,,,,,
,,,,,
,,,,,
,,,,,
,,,,,
,,,,,
,,,,,
,,,,,
,,,,,
,,,,,
,,,,,
,,,,,
,,,,,
,,,,,
,,,,,
,,,,,
,,,,,
,,,,,
,,,,,
KPNE,,,,,
,,,,,
,,,,,
,,,,,
,,,,,
,,,,,
KPHL,,,,,
KMPE,,,,,
,,,,,
,,,,,
,,,,,
,,,,,
,,,,,
,,,,,
,,,,,
KLOM,,,,,
,,,,,
KPHP,,,,,
,,,,,
,,,,,
,,,,,
,,,,,
,,,,,
KPSB,,,,,
,,,,,
,,,,,
,,,,,
KPBH,,,,,
,,,,,
,,,,,
KPHG,,,,,
,,,,,
,,,,,
,,,,,
,,,,,
,,,,,
,,,,,
,,,,,
,,,,,
KBXK,,,,,
KFFZ,,,,,
,,,,,
KGEU,,,,,
,,,,,
,,,,,
,,,,,
,,,,,
,,,,,
,,,,,
,,,,,
,,,,,
,,,,,
,,,,,
,,,,,
,,,,,
,,,,,
KDVT,,,,,
KPHX,,,,,
KIWA,,,,,
,,,,,
,,,,,
,,,,,
,,,,,
,,,,,
,,,,,
,,,,,
,,,,,
,,,,,
,,,,,
KPCA,,,,,
,,,,,
,,,,,
,,,,,
,,,,,
,,,,,
KMJD,,,,,
,,,,,
KLQK,,,,,
,,,,,
,,,,,
,,,,,
,,,,,
,,,,,
,,,,,
KPYN,,,,,
,,,,,
,,,,,
KPIR,,,,,
,,,,,
,,,,,
,,,,,
,,,,,
,,,,,
,,,,,
,,,,,
,,,,,
,,,,,
,,,,,
KPBX,,,,,
,,,,,
,,,,,
,,,,,
PAPN,,,,,
,,,,,
,,,,,
,,,,,
,,,,,
,,,,,
,,,,,
,,,,,
,,,,,
,,,,,
,,,,,
,,,,,
KPJY,,,,,
,,,,,
,,,,,
,,,,,
KPBF,,,,,
,,,,,
,,,,,
,,,,,
,,,,,
,,,,,
KPIM,,,,,
KIEN,,,,,
,,,,,
KPWC,,,,,
,,,,,
,,,,,
,,,,,
,,,,,
,,,,,
KPNA,,,,,
,,,,,
,,,,,
,,,,,
KSOP,,,,,
,,,,,
,,,,,
,,,,,
,,,,,
,,,,,
,,,,,
,,,,,
,,,,,
,,,,,
,,,,,
,,,,,
,,,,,
,,,,,
,,,,,
,,,,,
,,,,,
,,,,,
,,,,,
,,,,,
,,,,,
KPQN,,,,,
,,,,,
,,,,,
,,,,,
,,,,,
,,,,,
,,,,,
,,,,,
,,,,,
,,,,,
,,,,,
,,,,,
,,,,,
KPTS,,,,,
,,,,,
,,,,,
,,,,,
,,,,,
,,,,,
KAGC,,,,,
,,,,,
,,,,,
,,,,,
,,,,,
,,,,,
KPIT,,,,,
,,,,,
,,,,,
,,,,,
,,,,,
,,,,,
,,,,,
,,,,,
,,,,,
,,,,,
,,,,,
,,,,,
KPSF,,,,,
KPPQ,,,,,
,,,,,
,,,,,
,,,,,
,,,,,
,,,,,
,,,,,
,,,,,
,,,,,
,,,,,
,,,,,
,,,,,
KPVF,,,,,
,,,,,
,,,,,
,,,,,
,,,,,
,,,,,
,,,,,
,,,,,
,,,,,
,,,,,
,,,,,
,,,,,
,,,,,
,,,,,
,,,,,
,,,,,
,,,,,
,,,,,
KPVW,,,,,
,,,,,
,,,,,
,,,,,
,,,,,
,,,,,
,,,,,
,,,,,
,,,,,
,,,,,
,,,,,
,,,,,
,,,,,
,,,,,
,,,,,
,,,,,
,,,,,
,,,,,
,,,,,
,,,,,
,,,,,
KPCM,,,,,
,,,,,
,,,,,
,,,,,
PAPM,,,,,
,,,,,
,,,,,
,,,,,
,,,,,
KPVB,,,,,
,,,,,
,,,,,
,,,,,
,,,,,
KPBG,,,,,
,,,,,
KPMV,,,,,
,,,,,
,,,,,
,,,,,
,,,,,
,,,,,
,,,,,
,,,,,
,,,,,
,,,,,
,,,,,
,,,,,
,,,,,
,,,,,
,,,,,
,,,,,
KPEZ,,,,,
,,,,,
,,,,,
,,,,,
,,,,,
,,,,,
,,,,,
KPWD,,,,,
,,,,,
,,,,,
,,,,,
,,,,,
,,,,,
,,,,,
,,,,,
,,,,,
,,,,,
KPYM,,,,,
KPMZ,,,,,
,,,,,
,,,,,
,,,,,
,,,,,
,,,,,
,,,,,
,,,,,
,,,,,
KPOH,,,,,
,,,,,
,,,,,
KPIH,,,,,
,,,,,
,,,,,
,,,,,
,,,,,
,,,,,
,,,,,
,,,,,
PFKP,,,,,
,,,,,
,,,,,
PAPO,,,,,
PPIZ,,,,,
KPLK,,,,,
,,,,,
,,,,,
,,,,,
,,,,,
,,,,,
,,,,,
,,,,,
,,,,,
KNTD,,,,,
,,,,,
,,,,,
,,,,,
,,,,,
,,,,,
,,,,,
,,,,,
,,,,,
,,,,,
,,,,,
,,,,,
,,,,,
,,,,,
,,,,,
,,,,,
,,,,,
,,,,,
,,,,,
,,,,,
,,,,,
,,,,,
,,,,,
,,,,,
,,,,,
,,,,,
KPMP,,,,,
,,,,,
KPNC,,,,,
,,,,,
,,,,,
,,,,,
,,,,,
,,,,,
,,,,,
,,,,,
,,,,,
,,,,,
,,,,,
KPTK,,,,,
KPNT,,,,,
,,,,,
,,,,,
,,,,,
,,,,,
,,,,,
,,,,,
,,,,,
,,,,,
,,,,,
,,,,,
,,,,,
KPOF,,,,,
,,,,,
,,,,,
,,,,,
,,,,,
,,,,,
PAAP,,,,,
,,,,,
,,,,,
,,,,,
PAKX,,,,,
,,,,,
,,,,,
,,,,,
,,,,,
,,,,,
,,,,,
,,,,,
KNOW,,,,,
KCLM,,,,,
,,,,,
KRAS,,,,,
,,,,,
,,,,,
,,,,,
,,,,,
,,,,,
,,,,,
,,,,,
,,,,,
,,,,,
,,,,,
,,,,,
,,,,,
,,,,,
,,,,,
,,,,,
KPCW,,,,,
,,,,,
,,,,,
,,,,,
,,,,,
,,,,,
KPHN,,,,,
KPIL,,,,,
,,,,,
,,,,,
,,,,,
KPKV,,,,,
,,,,,
,,,,,
,,,,,
,,,,,
,,,,,
,,,,,
,,,,,
,,,,,
,,,,,
,,,,,
,,,,,
,,,,,
,,,,,
,,,,,
,,,,,
,,,,,
,,,,,
,,,,,
,,,,,
,,,,,
,,,,,
,,,,,
,,,,,
,,,,,
PPWR,,,,,
,,,,,
,,,,,
,,,,,
,,,,,
,,,,,
,,,,,
,,,,,
,,,,,
,,,,,
,,,,,
,,,,,
PAOC,,,,,
,,,,,
,,,,,
,,,,,
,,,,,
,,,,,
,,,,,
KPRZ,,,,,
,,,,,
KPTV,,,,,
,,,,,
,,,,,
,,,,,
,,,,,
,,,,,
,,,,,
,,,,,
,,,,,
,,,,,
,,,,,
,,,,,
,,,,,
,,,,,
KPDX,,,,,
KPWM,,,,,
KPLD,,,,,
,,,,,
KHIO,,,,,
KTTD,,,,,
,,,,,
,,,,,
,,,,,
,,,,,
,,,,,
KPMH,,,,,
KPSM,,,,,
,,,,,
,,,,,
,,,,,
,,,,,
,,,,,
,,,,,
,,,,,
,,,,,
,,,,,
,,,,,
,,,,,
,,,,,
,,,,,
,,,,,
,,,,,
,,,,,
KRKR,,,,,
,,,,,
,,,,,
,,,,,
KPTD,,,,,
,,,,,
,,,,,
,,,,,
,,,,,
KPTW,,,,,
,,,,,
,,,,,
,,,,,
,,,,,
KZER,,,,,
KPOU,,,,,
,,,,,
,,,,,
,,,,,
,,,,,
,,,,,
,,,,,
,,,,,
,,,,,
,,,,,
,,,,,
KPOY,,,,,
,,,,,
,,,,,
,,,,,
,,,,,
,,,,,
,,,,,
,,,,,
,,,,,
,,,,,
KPDC,,,,,
,,,,,
,,,,,
,,,,,
,,,,,
,,,,,
,,,,,
KPTT,,,,,
,,,,,
,,,,,
,,,,,
,,,,,
,,,,,
,,,,,
,,,,,
,,,,,
KPRC,,,,,
,,,,,
,,,,,
,,,,,
,,,,,
,,,,,
,,,,,
KPRS,,,,,
,,,,,
,,,,,
KPQI,,,,,
KFKA,,,,,
,,,,,
,,,,,
KSJS,,,,,
,,,,,
KPUC,,,,,
,,,,,
,,,,,
,,,,,
,,,,,
,,,,,
,,,,,
,,,,,
,,,,,
,,,,,
,,,,,
,,,,,
,,,,,
,,,,,
,,,,,
,,,,,
,,,,,
,,,,,
,,,,,
,,,,,
,,,,,
,,,,,
,,,,,
,,,,,
,,,,,
,,,,,
,,,,,
,,,,,
,,,,,
,,,,,
,,,,,
,,,,,
KPNN,,,,,
KPNM,,,,,
,,,,,
,,,,,
,,,,,
,,,,,
,,,,,
,,,,,
,,,,,
,,,,,
,,,,,
,,,,,
,,,,,
,,,,,
,,,,,
,,,,,
,,,,,
,,,,,
,,,,,
,,,,,
PAPR,,,,,
,,,,,
,,,,,
,,,,,
,,,,,
,,,,,
,,,,,
KPVD,,,,,
KPVC,,,,,
KPVU,,,,,
,,,,,
,,,,,
,,,,,
,,,,,
,,,,,
,,,,,
,,,,,
,,,,,
,,,,,
KPUB,,,,,
,,,,,
,,,,,
,,,,,
,,,,,
,,,,,
,,,,,
,,,,,
KGZS,,,,,
,,,,,
,,,,,
,,,,,
KPUW,,,,,
,,,,,
,,,,,
,,,,,
,,,,,
KPGD,,,,,
,,,,,
,,,,,
,,,,,
,,,,,
,,,,,
,,,,,
,,,,,
,,,,,
,,,,,
,,,,,
,,,,,
,,,,,
,,,,,
,,,,,
,,,,,
,,,,,
,,,,,
KPLU,,,,,
,,,,,
,,,,,
,,,,,
,,,,,
KUKT,,,,,
,,,,,
,,,,,
KNYG,,,,,
,,,,,
,,,,,
,,,,,
,,,,,
,,,,,
,,,,,
,,,,,
,,,,,
,,,,,
,,,,,
,,,,,
,,,,,
,,,,,
KUIL,,,,,
KUIN,,,,,
,,,,,
,,,,,
,,,,,
,,,,,
,,,,,
,,,,,
,,,,,
,,,,,
,,,,,
,,,,,
,,,,,
,,,,,
,,,,,
PAQH,,,,,
,,,,,
,,,,,
,,,,,
,,,,,
,,,,,
,,,,,
,,,,,
,,,,,
,,,,,
,,,,,
,,,,,
,,,,,
,,,,,
KRAC,,,,,
,,,,,
,,,,,
,,,,,
,,,,,
,,,,,
,,,,,
,,,,,
,,,,,
,,,,,
,,,,,
,,,,,
,,,,,
,,,,,
,,,,,
,,,,,
,,,,,
,,,,,
,,,,,
,,,,,
,,,,,
,,,,,
,,,,,
,,,,,
,,,,,
,,,,,
,,,,,
,,,,,
,,,,,
,,,,,
,,,,,
KRDU,,,,,
,,,,,
,,,,,
,,,,,
,,,,,
KRNM,,,,,
PFMP,,,,,
,,,,,
,,,,,
,,,,,
,,,,,
KRIU,,,,,
,,,,,
,,,,,
,,,,,
,,,,,
,,,,,
,,,,,
,,,,,
,,,,,
,,,,,
,,,,,
,,,,,
,,,,,
,,,,,
,,,,,
,,,,,
,,,,,
,,,,,
,,,,,
,,,,,
,,,,,
KTIP,,,,,
,,,,,
KRCA,,,,,
,,,,,
,,,,,
KRAP,,,,,
,,,,,
,,,,,
,,,,,
,,,,,
KRTN,,,,,
,,,,,
,,,,,
KPOV,,,,,
,,,,,
,,,,,
,,,,,
,,,,,
,,,,,
,,,,,
,,,,,
KRWL,,,,,
,,,,,
,,,,,
,,,,,
,,,,,
,,,,,
KJVW,,,,,
,,,,,
,,,,,
,,,,,
,,,,,
,,,,,
,,,,,
,,,,,
,,,,,
,,,,,
,,,,,
,,,,,
,,,,,
,,,,,
,,,,,
,,,,,
KRDG,,,,,
,,,,,
,,,,,
,,,,,
,,,,,
,,,,,
,,,,,
,,,,,
,,,,,
KRBL,,,,,
,,,,,
,,,,,
,,,,,
,,,,,
,,,,,
,,,,,
,,,,,
,,,,,
,,,,,
,,,,,
,,,,,
KRED,,,,,
,,,,,
,,,,,
KRDK,,,,,
,,,,,
,,,,,
KRGK,,,,,
,,,,,
,,,,,
,,,,,
,,,,,
KRDD,,,,,
,,,,,
,,,,,
,,,,,
,,,,,
,,,,,
,,,,,
,,,,,
,,,,,
KREI,,,,,
,,,,,
,,,,,
,,,,,
,,,,,
,,,,,
,,,,,
KRDM,,,,,
,,,,,
,,,,,
,,,,,
,,,,,
KRWF,,,,,
,,,,,
,,,,,
,,,,,
,,,,,
,,,,,
,,,,,
,,,,,
,,,,,
KRVL,,,,,
,,,,,
,,,,,
,,,,,
,,,,,
,,,,,
,,,,,
,,,,,
KRFG,,,,,
,,,,,
,,,,,
,,,,,
KSIF,,,,,
KRVJ,,,,,
,,,,,
,,,,,
,,,,,
,,,,,
,,,,,
,,,,,
,,,,,
,,,,,
,,,,,
,,,,,
,,,,,
,,,,,
,,,,,
,,,,,
,,,,,
,,,,,
KRTS,,,,,
KRNO,,,,,
,,,,,
,,,,,
,,,,,
KRZL,,,,,
,,,,,
,,,,,
KRNT,,,,,
,,,,,
,,,,,
,,,,,
,,,,,
,,,,,
,,,,,
KAPS,,,,,
,,,,,
,,,,,
,,,,,
,,,,,
,,,,,
,,,,,
,,,,,
,,,,,
,,,,,
KRXE,,,,,
,,,,,
,,,,,
,,,,,
,,,,,
KRHI,,,,,
,,,,,
,,,,,
,,,,,
,,,,,
,,,,,
,,,,,
,,,,,
,,,,,
,,,,,
KRPD,,,,,
,,,,,
,,,,,
,,,,,
,,,,,
,,,,,
,,,,,
,,,,,
,,,,,
KRIF,,,,,
,,,,,
,,,,,
,,,,,
,,,,,
,,,,,
,,,,,
KRLD,,,,,
,,,,,
,,,,,
,,,,,
,,,,,
,,,,,
,,,,,
,,,,,
KJFZ,,,,,
,,,,,
,,,,,
,,,,,
,,,,,
,,,,,
,,,,,
,,,,,
,,,,,
KOFP,,,,,
,,,,,
,,,,,
,,,,,
,,,,,
KRGA,,,,,
,,,,,
,,,,,
,,,,,
,,,,,
,,,,,
,,,,,
KFCI,,,,,
KRIC,,,,,
KRID,,,,,
,,,,,
,,,,,
,,,,,
,,,,,
,,,,,
,,,,,
,,,,,
,,,,,
,,,,,
,,,,,
,,,,,
,,,,,
,,,,,
,,,,,
,,,,,
,,,,,
,,,,,
,,,,,
,,,,,
,,,,,
KRJD,,,,,
,,,,,
,,,,,
,,,,,
,,,,,
,,,,,
,,,,,
,,,,,
KRIL,,,,,
,,,,,
,,,,,
,,,,,
,,,,,
,,,,,
,,,,,
,,,,,
,,,,,
,,,,,
,,,,,
,,,,,
,,,,,
,,,,,
,,,,,
,,,,,
,,,,,
,,,,,
,,,,,
,,,,,
,,,,,
,,,,,
,,,,,
,,,,,
,,,,,
,,,,,
,,,,,
,,,,,
,,,,,
,,,,,
,,,,,
,,,,,
,,,,,
,,,,,
,,,,,
,,,,,
,,,,,
,,,,,
,,,,,
,,,,,
,,,,,
,,,,,
,,,,,
,,,,,
,,,,,
,,,,,
KRIV,,,,,
,,,,,
,,,,,
,,,,,
,,,,,
KRAL,,,,,
,,,,,
KRIR,,,,,
KRIW,,,,,
,,,,,
,,,,,
,,,,,
,,,,,
,,,,,
,,,,,
,,,,,
,,,,,
,,,,,
,,,,,
,,,,,
,,,,,
,,,,,
,,,,,
,,,,,
,,,,,
KROA,,,,,
,,,,,
KIXA,,,,,
,,,,,
,,,,,
,,,,,
,,,,,
,,,,,
,,,,,
,,,,,
,,,,,
,,,,,
,,,,,
KRSV,,,,,
,,,,,
,,,,,
,,,,,
,,,,,
,,,,,
,,,,,
,,,,,
KRBO,,,,,
,,,,,
,,,,,
,,,,,
,,,,,
,,,,,
,,,,,
,,,,,
,,,,,
KRPJ,,,,,
,,,,,
,,,,,
KROC,,,,,
KRCR,,,,,
,,,,,
,,,,,
,,,,,
,,,,,
,,,,,
,,,,,
KRST,,,,,
KDAW,,,,,
,,,,,
,,,,,
,,,,,
,,,,,
,,,,,
,,,,,
,,,,,
,,,,,
,,,,,
KUZA,,,,,
,,,,,
,,,,,
,,,,,
KRRQ,,,,,
,,,,,
,,,,,
KRKS,,,,,
,,,,,
,,,,,
KRCK,,,,,
,,,,,
KRFD,,,,,
,,,,,
,,,,,
,,,,,
,,,,,
,,,,,
,,,,,
,,,,,
,,,,,
,,,,,
,,,,,
,,,,,
,,,,,
,,,,,
,,,,,
KRCZ,,,,,
KRKD,,,,,
,,,,,
,,,,,
,,,,,
KRKP,,,,,
,,,,,
,,,,,
,,,,,
,,,,,
,,,,,
KECU,,,,,
,,,,,
,,,,,
,,,,,
,,,,,
,,,,,
,,,,,
,,,,,
,,,,,
,,,,,
,,,,,
,,,,,
,,,,,
,,,,,
,,,,,
,,,,,
KRKW,,,,,
,,,,,
,,,,,
,,,,,
,,,,,
,,,,,
,,,,,
,,,,,
,,,,,
,,,,,
KRWI,,,,,
,,,,,
,,,,,
,,,,,
,,,,,
,,,,,
,,,,,
,,,,,
,,,,,
,,,,,
,,,,,
,,,,,
,,,,,
,,,,,
KROG,,,,,
KPZQ,,,,,
,,,,,
,,,,,
KRVN,,,,,
,,,,,
,,,,,
,,,,,
,,,,,
,,,,,
,,,,,
,,,,,
,,,,,
,,,,,
,,,,,
,,,,,
,,,,,
,,,,,
,,,,,
KVIH,,,,,
,,,,,
,,,,,
,,,,,
,,,,,
,,,,,
,,,,,
,,,,,
,,,,,
,,,,,
,,,,,
KRME,,,,,
,,,,,
,,,,,
KRMG,,,,,
,,,,,
KREO,,,,,
,,,,,
,,,,,
,,,,,
,,,,,
,,,,,
,,,,,
,,,,,
,,,,,
,,,,,
,,,,,
,,,,,
,,,,,
,,,,,
,,,,,
,,,,,
,,,,,
,,,,,
,,,,,
,,,,,
,,,,,
,,,,,
,,,,,
,,,,,
,,,,,
,,,,,
,,,,,
,,,,,
,,,,,
,,,,,
,,,,,
,,,,,
KROX,,,,,
,,,,,
,,,,,
,,,,,
,,,,,
KSUO,,,,,
,,,,,
,,,,,
,,,,,
,,,,,
,,,,,
KRBG,,,,,
,,,,,
,,,,,
,,,,,
,,,,,
,,,,,
,,,,,
,,,,,
,,,,,
,,,,,
,,,,,
,,,,,
,,,,,
,,,,,
,,,,,
,,,,,
,,,,,
KROW,,,,,
,,,,,
,,,,,
,,,,,
,,,,,
,,,,,
,,,,,
,,,,,
,,,,,
,,,,,
,,,,,
,,,,,
,,,,,
KRPX,,,,,
,,,,,
,,,,,
,,,,,
,,,,,
,,,,,
,,,,,
,,,,,
,,,,,
KTDF,,,,,
,,,,,
,,,,,
,,,,,
,,,,,
,,,,,
,,,,,
,,,,,
,,,,,
,,,,,
,,,,,
,,,,,
,,,,,
,,,,,
,,,,,
,,,,,
,,,,,
,,,,,
,,,,,
,,,,,
,,,,,
,,,,,
,,,,,
,,,,,
,,,,,
,,,,,
KRUG,,,,,
,,,,,
,,,,,
KSRR,,,,,
,,,,,
,,,,,
,,,,,
,,,,,
,,,,,
,,,,,
,,,,,
,,,,,
,,,,,
,,,,,
KROS,,,,,
,,,,,
,,,,,
,,,,,
,,,,,
,,,,,
,,,,,
,,,,,
,,,,,
,,,,,
,,,,,
,,,,,
,,,,,
,,,,,
KRSL,,,,,
,,,,,
,,,,,
,,,,,
,,,,,
,,,,,
,,,,,
KRUE,,,,,
,,,,,
,,,,,
,,,,,
,,,,,
PARS,,,,,
,,,,,
KRSN,,,,,
,,,,,
,,,,,
,,,,,
,,,,,
,,,,,
KFQD,,,,,
,,,,,
KRUT,,,,,
,,,,,
,,,,,
,,,,,
,,,,,
,,,,,
,,,,,
,,,,,
,,,,,
,,,,,
,,,,,
,,,,,
,,,,,
,,,,,
,,,,,
,,,,,
,,,,,
,,,,,
KSKI,,,,,
,,,,,
,,,,,
,,,,,
,,,,,
,,,,,
,,,,,
,,,,,
KMCC,,,,,
KSAC,,,,,
KSMF,,,,,
KMHR,,,,,
,,,,,
,,,,,
,,,,,
,,,,,
,,,,,
,,,,,
KSAD,,,,,
,,,,,
,,,,,
,,,,,
KMBS,,,,,
KHYX,,,,,
,,,,,
,,,,,
,,,,,
,,,,,
,,,,,
,,,,,
,,,,,
,,,,,
,,,,,
,,,,,
,,,,,
,,,,,
,,,,,
,,,,,
,,,,,
,,,,,
,,,,,
,,,,,
,,,,,
,,,,,
,,,,,
,,,,,
,,,,,
,,,,,
,,,,,
,,,,,
,,,,,
,,,,,
,,,,,
,,,,,
,,,,,
,,,,,
,,,,,
KSLE,,,,,
,,,,,
,,,,,
KSLO,,,,,
,,,,,
,,,,,
,,,,,
,,,,,
,,,,,
,,,,,
,,,,,
,,,,,
KANK,,,,,
,,,,,
,,,,,
KSLN,,,,,
,,,,,
,,,,,
,,,,,
,,,,,
,,,,,
KSNS,,,,,
,,,,,
,,,,,
,,,,,
KRUQ,,,,,
,,,,,
KSBY,,,,,
,,,,,
,,,,,
,,,,,
,,,,,
,,,,,
,,,,,
,,,,,
,,,,,
KJSV,,,,,
,,,,,
,,,,,
,,,,,
,,,,,
KSMN,,,,,
,,,,,
,,,,,
,,,,,
,,,,,
,,,,,
,,,,,
,,,,,
,,,,,
,,,,,
,,,,,
,,,,,
,,,,,
,,,,,
,,,,,
KSLC,,,,,
,,,,,
,,,,,
,,,,,
,,,,,
,,,,,
KSAS,,,,,
,,,,,
,,,,,
,,,,,
,,,,,
,,,,,
,,,,,
,,,,,
KCPU,,,,,
,,,,,
,,,,,
,,,,,
,,,,,
KSJT,,,,,
,,,,,
,,,,,
,,,,,
,,,,,
,,,,,
,,,,,
,,,,,
,,,,,
,,,,,
,,,,,
,,,,,
,,,,,
,,,,,
,,,,,
KSKF,,,,,
,,,,,
KMDA,,,,,
,,,,,
,,,,,
,,,,,
,,,,,
KSAT,,,,,
,,,,,
,,,,,
,,,,,
,,,,,
,,,,,
KSSF,,,,,
,,,,,
,,,,,
,,,,,
,,,,,
,,,,,
,,,,,
,,,,,
,,,,,
,,,,,
,,,,,
KSBD,,,,,
,,,,,
,,,,,
KSQL,,,,,
,,,,,
KNUC,,,,,
KSDM,,,,,
,,,,,
KNKX,,,,,
KMYF,,,,,
KNZY,,,,,
,,,,,
,,,,,
,,,,,
KSAN,,,,,
,,,,,
,,,,,
,,,,,
,,,,,
,,,,,
KLDR,,,,,
KSEE,,,,,
,,,,,
,,,,,
,,,,,
,,,,,
,,,,,
,,,,,
,,,,,
KSFO,,,,,
,,,,,
,,,,,
,,,,,
,,,,,
KSJC,,,,,
,,,,,
KRHV,,,,,
,,,,,
,,,,,
,,,,,
,,,,,
KSBP,,,,,
,,,,,
,,,,,
,,,,,
,,,,,
,,,,,
KHYI,,,,,
,,,,,
,,,,,
KNSI,,,,,
,,,,,
,,,,,
,,,,,
,,,,,
,,,,,
,,,,,
,,,,,
,,,,,
,,,,,
,,,,,
,,,,,
,,,,,
,,,,,
PASD,,,,,
,,,,,
,,,,,
,,,,,
KOWP,,,,,
,,,,,
KOKZ,,,,,
,,,,,
,,,,,
,,,,,
,,,,,
,,,,,
,,,,,
,,,,,
,,,,,
,,,,,
,,,,,
KSZT,,,,,
,,,,,
,,,,,
,,,,,
,,,,,
,,,,,
,,,,,
,,,,,
,,,,,
,,,,,
,,,,,
,,,,,
,,,,,
,,,,,
,,,,,
,,,,,
,,,,,
,,,,,
,,,,,
,,,,,
,,,,,
,,,,,
,,,,,
,,,,,
,,,,,
,,,,,
KTTA,,,,,
,,,,,
KSFM,,,,,
,,,,,
,,,,,
,,,,,
,,,,,
,,,,,
,,,,,
,,,,,
,,,,,
,,,,,
,,,,,
,,,,,
,,,,,
,,,,,
KSNA,,,,,
,,,,,
,,,,,
,,,,,
,,,,,
,,,,,
,,,,,
KSBA,,,,,
,,,,,
,,,,,
,,,,,
,,,,,
,,,,,
,,,,,
,,,,,
,,,,,
,,,,,
,,,,,
,,,,,
,,,,,
,,,,,
KSAF,,,,,
,,,,,
,,,,,
,,,,,
KSMX,,,,,
,,,,,
,,,,,
,,,,,
,,,,,
KSMO,,,,,
KSZP,,,,,
,,,,,
KSTS,,,,,
,,,,,
KSXU,,,,,
,,,,,
KDNA,,,,,
KIZA,,,,,
,,,,,
,,,,,
,,,,,
,,,,,
,,,,,
,,,,,
,,,,,
,,,,,
KSLK,,,,,
,,,,,
,,,,,
,,,,,
,,,,,
,,,,,
,,,,,
,,,,,
KSRQ,,,,,
,,,,,
KSAA,,,,,
,,,,,
,,,,,
,,,,,
,,,,,
,,,,,
,,,,,
,,,,,
,,,,,
,,,,,
,,,,,
,,,,,
,,,,,
,,,,,
,,,,,
,,,,,
,,,,,
,,,,,
,,,,,
KCIU,,,,,
KANJ,,,,,
,,,,,
KJMC,,,,,
,,,,,
,,,,,
KSFY,,,,,
,,,,,
,,,,,
,,,,,
KSVN,,,,,
,,,,,
,,,,,
KSNH,,,,,
KSAV,,,,,
,,,,,
,,,,,
,,,,,
,,,,,
,,,,,
,,,,,
,,,,,
,,,,,
,,,,,
,,,,,
,,,,,
,,,,,
,,,,,
,,,,,
KSPB,,,,,
,,,,,
,,,,,
,,,,,
,,,,,
KSCH,,,,,
,,,,,
,,,,,
,,,,,
,,,,,
,,,,,
,,,,,
,,,,,
,,,,,
,,,,,
,,,,,
,,,,,
,,,,,
,,,,,
,,,,,
,,,,,
,,,,,
,,,,,
,,,,,
KTQK,,,,,
,,,,,
,,,,,
KBFF,,,,,
,,,,,
,,,,,
,,,,,
,,,,,
,,,,,
,,,,,
,,,,,
,,,,,
,,,,,
,,,,,
,,,,,
,,,,,
,,,,,
,,,,,
,,,,,
KSDL,,,,,
,,,,,
,,,,,
,,,,,
,,,,,
,,,,,
KAVP,,,,,
KSCB,,,,,
,,,,,
,,,,,
,,,,,
,,,,,
,,,,,
,,,,,
,,,,,
,,,,,
,,,,,
,,,,,
,,,,,
,,,,,
,,,,,
,,,,,
,,,,,
,,,,,
,,,,,
,,,,,
,,,,,
,,,,,
,,,,,
KSRC,,,,,
,,,,,
,,,,,
,,,,,
,,,,,
,,,,,
,,,,,
,,,,,
,,,,,
,,,,,
,,,,,
,,,,,
,,,,,
,,,,,
,,,,,
,,,,,
,,,,,
,,,,,
,,,,,
KBFI,,,,,
,,,,,
,,,,,
,,,,,
,,,,,
,,,,,
KSEA,,,,,
,,,,,
,,,,,
,,,,,
,,,,,
,,,,,
,,,,,
,,,,,
KSEF,,,,,
,,,,,
,,,,,
,,,,,
,,,,,
,,,,,
KDMO,,,,,
,,,,,
,,,,,
,,,,,
KSEZ,,,,,
,,,,,
,,,,,
,,,,,
,,,,,
,,,,,
,,,,,
,,,,,
,,,,,
,,,,,
KSEQ,,,,,
,,,,,
,,,,,
,,,,,
,,,,,
,,,,,
,,,,,
PASK,,,,,
,,,,,
,,,,,
PASO,,,,,
,,,,,
,,,,,
,,,,,
KSEG,,,,,
,,,,,
,,,,,
,,,,,
KSEM,,,,,
,,,,,
,,,,,
,,,,,
KSZY,,,,,
,,,,,
KGNC,,,,,
,,,,,
KSRE,,,,,
,,,,,
,,,,,
,,,,,
,,,,,
,,,,,
,,,,,
,,,,,
,,,,,
,,,,,
,,,,,
,,,,,
,,,,,
,,,,,
,,,,,
,,,,,
,,,,,
,,,,,
,,,,,
,,,,,
,,,,,
,,,,,
,,,,,
,,,,,
,,,,,
,,,,,
,,,,,
,,,,,
,,,,,
,,,,,
,,,,,
,,,,,
,,,,,
KGKT,,,,,
,,,,,
,,,,,
KUOS,,,,,
,,,,,
PAWD,,,,,
,,,,,
KSWT,,,,,
KSER,,,,,
,,,,,
,,,,,
,,,,,
,,,,,
,,,,,
,,,,,
,,,,,
,,,,,
,,,,,
KMIT,,,,,
PAHX,,,,,
,,,,,
PFSH,,,,,
,,,,,
,,,,,
,,,,,
,,,,,
,,,,,
,,,,,
,,,,,
,,,,,
,,,,,
,,,,,
,,,,,
,,,,,
,,,,,
,,,,,
,,,,,
,,,,,
,,,,,
,,,,,
,,,,,
,,,,,
,,,,,
,,,,,
,,,,,
,,,,,
,,,,,
,,,,,
,,,,,
,,,,,
,,,,,
,,,,,
,,,,,
,,,,,
,,,,,
KEZS,,,,,
,,,,,
,,,,,
KSNL,,,,,
,,,,,
,,,,,
KSBM,,,,,
,,,,,
,,,,,
PASP,,,,,
,,,,,
,,,,,
,,,,,
,,,,,
,,,,,
,,,,,
,,,,,
,,,,,
,,,,,
,,,,,
,,,,,
KSBX,,,,,
,,,,,
,,,,,
KEHO,,,,,
,,,,,
,,,,,
,,,,,
,,,,,
,,,,,
,,,,,
,,,,,
,,,,,
,,,,,
,,,,,
,,,,,
,,,,,
,,,,,
KGEZ,,,,,
KSYI,,,,,
,,,,,
,,,,,
KSHL,,,,,
,,,,,
,,,,,
,,,,,
,,,,,
,,,,,
,,,,,
KSSQ,,,,,
,,,,,
,,,,,
,,,,,
,,,,,
,,,,,
,,,,,
,,,,,
KSHN,,,,,
PASY,,,,,
,,,,,
KSDA,,,,,
,,,,,
,,,,,
,,,,,
,,,,,
,,,,,
,,,,,
,,,,,
,,,,,
,,,,,
,,,,,
KSHR,,,,,
,,,,,
,,,,,
,,,,,
,,,,,
,,,,,
,,,,,
,,,,,
KSWI,,,,,
,,,,,
,,,,,
KGYI,,,,,
,,,,,
,,,,,
,,,,,
,,,,,
,,,,,
,,,,,
,,,,,
,,,,,
,,,,,
,,,,,
,,,,,
,,,,,
,,,,,
,,,,,
KHWV,,,,,
PASH,,,,,
,,,,,
,,,,,
,,,,,
,,,,,
,,,,,
,,,,,
,,,,,
,,,,,
,,,,,
KSOW,,,,,
,,,,,
,,,,,
,,,,,
,,,,,
,,,,,
,,,,,
,,,,,
KDTN,,,,,
KSHV,,,,,
,,,,,
,,,,,
,,,,,
,,,,,
,,,,,
,,,,,
,,,,,
,,,,,
KISB,,,,,
,,,,,
,,,,,
,,,,,
,,,,,
,,,,,
,,,,,
KSNY,,,,,
,,,,,
,,,,,
,,,,,
KSCA,,,,,
KSDY,,,,,
,,,,,
,,,,,
,,,,,
,,,,,
,,,,,
,,,,,
KSIK,,,,,
,,,,,
,,,,,
KSCR,,,,,
,,,,,
,,,,,
,,,,,
,,,,,
,,,,,
KSLG,,,,,
,,,,,
,,,,,
,,,,,
,,,,,
,,,,,
KSVC,,,,,
,,,,,
,,,,,
,,,,,
,,,,,
,,,,,
,,,,,
,,,,,
KSPZ,,,,,
,,,,,
,,,,,
,,,,,
,,,,,
,,,,,
,,,,,
,,,,,
,,,,,
,,,,,
,,,,,
,,,,,
,,,,,
,,,,,
,,,,,
,,,,,
,,,,,
,,,,,
,,,,,
,,,,,
,,,,,
,,,,,
KSUX,,,,,
,,,,,
,,,,,
,,,,,
,,,,,
KFSD,,,,,
,,,,,
KRZN,,,,,
,,,,,
,,,,,
,,,,,
,,,,,
,,,,,
,,,,,
,,,,,
,,,,,
,,,,,
PASI,,,,,
PAGY,,,,,
,,,,,
,,,,,
,,,,,
,,,,,
,,,,,
,,,,,
,,,,,
,,,,,
,,,,,
,,,,,
,,,,,
,,,,,
,,,,,
PASW,,,,,
,,,,,
,,,,,
,,,,,
,,,,,
,,,,,
,,,,,
,,,,,
,,,,,
,,,,,
,,,,,
,,,,,
,,,,,
,,,,,
,,,,,
KDVP,,,,,
,,,,,
,,,,,
PASL,,,,,
,,,,,
,,,,,
,,,,,
,,,,,
,,,,,
,,,,,
KASD,,,,,
,,,,,
,,,,,
,,,,,
,,,,,
,,,,,
,,,,,
,,,,,
,,,,,
,,,,,
,,,,,
,,,,,
KJNX,,,,,
,,,,,
,,,,,
,,,,,
,,,,,
,,,,,
,,,,,
,,,,,
,,,,,
,,,,,
,,,,,
,,,,,
KMQY,,,,,
,,,,,
,,,,,
,,,,,
,,,,,
,,,,,
,,,,,
,,,,,
,,,,,
,,,,,
,,,,,
,,,,,
,,,,,
,,,,,
,,,,,
,,,,,
,,,,,
,,,,,
,,,,,
KSNK,,,,,
,,,,,
,,,,,
KONM,,,,,
,,,,,
,,,,,
,,,,,
,,,,,
,,,,,
,,,,,
,,,,,
,,,,,
,,,,,
,,,,,
,,,,,
,,,,,
,,,,,
PASX,,,,,
,,,,,
,,,,,
,,,,,
,,,,,
,,,,,
,,,,,
,,,,,
,,,,,
KOLG,,,,,
,,,,,
,,,,,
,,,,,
,,,,,
,,,,,
,,,,,
,,,,,
KSME,,,,,
,,,,,
,,,,,
,,,,,
,,,,,
,,,,,
,,,,,
,,,,,
,,,,,
KFYE,,,,,
,,,,,
,,,,,
,,,,,
,,,,,
,,,,,
KSMQ,,,,,
,,,,,
,,,,,
,,,,,
,,,,,
,,,,,
,,,,,
,,,,,
,,,,,
,,,,,
,,,,,
,,,,,
,,,,,
KSOA,,,,,
,,,,,
,,,,,
,,,,,
,,,,,
,,,,,
,,,,,
,,,,,
,,,,,
,,,,,
,,,,,
,,,,,
KSBN,,,,,
,,,,,
,,,,,
,,,,,
,,,,,
,,,,,
,,,,,
,,,,,
,,,,,
,,,,,
,,,,,
,,,,,
,,,,,
,,,,,
,,,,,
,,,,,
,,,,,
,,,,,
,,,,,
,,,,,
,,,,,
KLWA,,,,,
,,,,,
,,,,,
KAVC,,,,,
,,,,,
,,,,,
,,,,,
,,,,,
,,,,,
,,,,,
KTVL,,,,,
,,,,,
,,,,,
PFWS,,,,,
,,,,,
,,,,,
,,,,,
,,,,,
,,,,,
KSGS,,,,,
,,,,,
,,,,,
,,,,,
,,,,,
,,,,,
,,,,,
,,,,,
,,,,,
,,,,,
,,,,,
,,,,,
,,,,,
,,,,,
,,,,,
,,,,,
,,,,,
,,,,,
,,,,,
,,,,,
,,,,,
KSPK,,,,,
,,,,,
,,,,,
,,,,,
,,,,,
,,,,,
PASV,,,,,
,,,,,
,,,,,
,,,,,
,,,,,
KSAR,,,,,
KCMY,,,,,
,,,,,
KSRB,,,,,
,,,,,
,,,,,
,,,,,
KSPA,,,,,
,,,,,
,,,,,
KSPF,,,,,
,,,,,
,,,,,
,,,,,
,,,,,
,,,,,
,,,,,
KUSW,,,,,
,,,,,
,,,,,
,,,,,
,,,,,
,,,,,
,,,,,
KSPW,,,,,
,,,,,
,,,,,
,,,,,
,,,,,
,,,,,
,,,,,
,,,,,
,,,,,
,,,,,
,,,,,
,,,,,
,,,,,
,,,,,
,,,,,
,,,,,
,,,,,
,,,,,
KSKA,,,,,
KSFF,,,,,
,,,,,
,,,,,
,,,,,
,,,,,
,,,,,
,,,,,
,,,,,
,,,,,
KGEG,,,,,
,,,,,
,,,,,
,,,,,
,,,,,
,,,,,
,,,,,
,,,,,
,,,,,
,,,,,
,,,,,
,,,,,
,,,,,
,,,,,
,,,,,
,,,,,
,,,,,
,,,,,
,,,,,
,,,,,
,,,,,
,,,,,
,,,,,
,,,,,
,,,,,
,,,,,
,,,,,
,,,,,
KASG,,,,,
,,,,,
,,,,,
KJTC,,,,,
KSPI,,,,,
,,,,,
,,,,,
,,,,,
,,,,,
,,,,,
,,,,,
,,,,,
,,,,,
KVSF,,,,,
,,,,,
,,,,,
,,,,,
,,,,,
,,,,,
,,,,,
,,,,,
,,,,,
,,,,,
,,,,,
,,,,,
,,,,,
,,,,,
,,,,,
,,,,,
,,,,,
,,,,,
,,,,,
,,,,,
,,,,,
,,,,,
,,,,,
,,,,,
KSGH,,,,,
KSGF,,,,,
,,,,,
,,,,,
,,,,,
,,,,,
,,,,,
KSPH,,,,,
,,,,,
,,,,,
,,,,,
,,,,,
,,,,,
,,,,,
,,,,,
,,,,,
,,,,,
,,,,,
,,,,,
,,,,,
,,,,,
,,,,,
KSGJ,,,,,
,,,,,
,,,,,
KSET,,,,,
,,,,,
,,,,,
,,,,,
,,,,,
,,,,,
,,,,,
,,,,,
,,,,,
,,,,,
,,,,,
,,,,,
,,,,,
KSTC,,,,,
,,,,,
,,,,,
,,,,,
,,,,,
KSYF,,,,,
,,,,,
,,,,,
,,,,,
,,,,,
,,,,,
,,,,,
,,,,,
,,,,,
,,,,,
PAPB,,,,,
,,,,,
KSGU,,,,,
,,,,,
,,,,,
,,,,,
,,,,,
,,,,,
,,,,,
KNUI,,,,,
,,,,,
,,,,,
,,,,,
KJYG,,,,,
,,,,,
,,,,,
,,,,,
,,,,,
,,,,,
,,,,,
,,,,,
KSJN,,,,,
,,,,,
,,,,,
,,,,,
,,,,,
KSTJ,,,,,
,,,,,
,,,,,
,,,,,
,,,,,
,,,,,
,,,,,
,,,,,
KSTL,,,,,
,,,,,
,,,,,
,,,,,
,,,,,
KSUS,,,,,
,,,,,
,,,,,
,,,,,
,,,,,
,,,,,
,,,,,
,,,,,
,,,,,
,,,,,
,,,,,
,,,,,
,,,,,
KOYM,,,,,
,,,,,
PAMK,,,,,
,,,,,
,,,,,
,,,,,
,,,,,
,,,,,
KSTP,,,,,
PASN,,,,,
,,,,,
,,,,,
,,,,,
KSPG,,,,,
,,,,,
,,,,,
KPIE,,,,,
,,,,,
,,,,,
,,,,,
,,,,,
,,,,,
,,,,,
,,,,,
,,,,,
,,,,,
,,,,,
,,,,,
,,,,,
,,,,,
,,,,,
,,,,,
,,,,,
,,,,,
,,,,,
,,,,,
,,,,,
,,,,,
,,,,,
,,,,,
,,,,,
,,,,,
KRMN,,,,,
,,,,,
,,,,,
,,,,,
,,,,,
,,,,,
,,,,,
,,,,,
,,,,,
,,,,,
,,,,,
,,,,,
,,,,,
,,,,,
,,,,,
,,,,,
,,,,,
,,,,,
,,,,,
,,,,,
,,,,,
,,,,,
,,,,,
,,,,,
KSYN,,,,,
,,,,,
,,,,,
,,,,,
,,,,,
,,,,,
KSAZ,,,,,
,,,,,
,,,,,
,,,,,
,,,,,
,,,,,
,,,,,
,,,,,
,,,,,
,,,,,
,,,,,
,,,,,
KSTF,,,,,
,,,,,
,,,,,
,,,,,
,,,,,
,,,,,
,,,,,
,,,,,
,,,,,
KUNV,,,,,
,,,,,
,,,,,
,,,,,
,,,,,
,,,,,
,,,,,
KTBR,,,,,
,,,,,
,,,,,
KSVH,,,,,
,,,,,
,,,,,
,,,,,
KSHD,,,,,
,,,,,
,,,,,
,,,,,
,,,,,
,,,,,
,,,,,
,,,,,
POWS,,,,,
,,,,,
,,,,,
,,,,,
KSBS,,,,,
,,,,,
,,,,,
,,,,,
,,,,,
,,,,,
,,,,,
,,,,,
,,,,,
,,,,,
,,,,,
,,,,,
,,,,,
KSEP,,,,,
,,,,,
,,,,,
,,,,,
,,,,,
,,,,,
,,,,,
,,,,,
,,,,,
,,,,,
,,,,,
,,,,,
,,,,,
,,,,,
,,,,,
KSTK,,,,,
,,,,,
,,,,,
,,,,,
,,,,,
,,,,,
,,,,,
,,,,,
,,,,,
,,,,,
KSQI,,,,,
,,,,,
,,,,,
,,,,,
,,,,,
KSTE,,,,,
PFSV,,,,,
,,,,,
,,,,,
,,,,,
,,,,,
,,,,,
,,,,,
,,,,,
,,,,,
,,,,,
,,,,,
,,,,,
,,,,,
,,,,,
,,,,,
,,,,,
,,,,,
KGZL,,,,,
,,,,,
,,,,,
,,,,,
,,,,,
,,,,,
,,,,,
KSWO,,,,,
,,,,,
,,,,,
,,,,,
,,,,,
,,,,,
,,,,,
,,,,,
,,,,,
,,,,,
,,,,,
,,,,,
,,,,,
,,,,,
,,,,,
,,,,,
,,,,,
,,,,,
KRCP,,,,,
,,,,,
,,,,,
,,,,,
,,,,,
KSCK,,,,,
,,,,,
,,,,,
,,,,,
,,,,,
,,,,,
,,,,,
,,,,,
,,,,,
,,,,,
,,,,,
,,,,,
,,,,,
,,,,,
,,,,,
,,,,,
,,,,,
,,,,,
,,,,,
,,,,,
,,,,,
KSLB,,,,,
,,,,,
,,,,,
,,,,,
,,,,,
,,,,,
,,,,,
,,,,,
,,,,,
,,,,,
,,,,,
,,,,,
,,,,,
,,,,,
,,,,,
,,,,,
,,,,,
,,,,,
,,,,,
,,,,,
KJSD,,,,,
,,,,,
,,,,,
,,,,,
,,,,,
,,,,,
,,,,,
,,,,,
,,,,,
,,,,,
,,,,,
,,,,,
,,,,,
KSUD,,,,,
,,,,,
,,,,,
,,,,,
,,,,,
,,,,,
,,,,,
,,,,,
,,,,,
,,,,,
,,,,,
KSUA,,,,,
,,,,,
,,,,,
KSUE,,,,,
,,,,,
,,,,,
,,,,,
KIRS,,,,,
,,,,,
,,,,,
KTWT,,,,,
,,,,,
,,,,,
,,,,,
KSGT,,,,,
,,,,,
,,,,,
,,,,,
,,,,,
,,,,,
,,,,,
,,,,,
,,,,,
,,,,,
,,,,,
KSFQ,,,,,
,,,,,
,,,,,
,,,,,
,,,,,
,,,,,
,,,,,
,,,,,
,,,,,
,,,,,
,,,,,
,,,,,
KSIV,,,,,
KUUV,,,,,
,,,,,
,,,,,
,,,,,
,,,,,
KUXL,,,,,
,,,,,
,,,,,
,,,,,
,,,,,
,,,,,
,,,,,
,,,,,
KSLR,,,,,
,,,,,
,,,,,
KNFD,,,,,
,,,,,
KSXL,,,,,
,,,,,
,,,,,
KDYB,,,,,
,,,,,
PAST,,,,,
,,,,,
,,,,,
,,,,,
,,,,,
KSSC,,,,,
KSMS,,,,,
,,,,,
,,,,,
,,,,,
,,,,,
,,,,,
,,,,,
,,,,,
,,,,,
,,,,,
,,,,,
,,,,,
,,,,,
,,,,,
,,,,,
,,,,,
,,,,,
,,,,,
,,,,,
,,,,,
,,,,,
,,,,,
,,,,,
,,,,,
,,,,,
,,,,,
,,,,,
,,,,,
,,,,,
,,,,,
,,,,,
,,,,,
,,,,,
KSUW,,,,,
,,,,,
,,,,,
,,,,,
,,,,,
,,,,,
,,,,,
,,,,,
,,,,,
,,,,,
,,,,,
KSVE,,,,,
,,,,,
,,,,,
,,,,,
,,,,,
KFWN,,,,,
,,,,,
,,,,,
,,,,,
,,,,,
,,,,,
,,,,,
,,,,,
,,,,,
KSBO,,,,,
,,,,,
,,,,,
KNJM,,,,,
,,,,,
,,,,,
,,,,,
,,,,,
KSWW,,,,,
,,,,,
,,,,,
,,,,,
,,,,,
,,,,,
,,,,,
,,,,,
,,,,,
,,,,,
,,,,,
,,,,,
,,,,,
KSCD,,,,,
,,,,,
,,,,,
,,,,,
,,,,,
,,,,,
,,,,,
,,,,,
,,,,,
,,,,,
KJYL,,,,,
,,,,,
,,,,,
KSYV,,,,,
,,,,,
,,,,,
,,,,,
,,,,,
KSYR,,,,,
,,,,,
,,,,,
,,,,,
,,,,,
,,,,,
,,,,,
,,,,,
KTCM,,,,,
,,,,,
,,,,,
KTIW,,,,,
,,,,,
,,,,,
,,,,,
KTQH,,,,,
,,,,,
,,,,,
PPCT,,,,,
PATL,,,,,
,,,,,
PFTK,,,,,
,,,,,
,,,,,
,,,,,
,,,,,
,,,,,
,,,,,
,,,,,
,,,,,
,,,,,
,,,,,
,,,,,
,,,,,
,,,,,
,,,,,
,,,,,
,,,,,
PATK,,,,,
,,,,,
,,,,,
,,,,,
KASN,,,,,
,,,,,
,,,,,
,,,,,
,,,,,
,,,,,
,,,,,
KTLH,,,,,
,,,,,
,,,,,
,,,,,
,,,,,
,,,,,
,,,,,
KTVR,,,,,
,,,,,
,,,,,
,,,,,
,,,,,
,,,,,
,,,,,
,,,,,
,,,,,
,,,,,
,,,,,
,,,,,
,,,,,
KMCF,,,,,
,,,,,
KTPF,,,,,
KVDF,,,,,
,,,,,
,,,,,
KTPA,,,,,
,,,,,
,,,,,
,,,,,
,,,,,
PATA,,,,,
,,,,,
,,,,,
,,,,,
,,,,,
,,,,,
KSKX,,,,,
,,,,,
,,,,,
KXSA,,,,,
,,,,,
,,,,,
,,,,,
KETC,,,,,
,,,,,
,,,,,
,,,,,
,,,,,
,,,,,
PAKA,,,,,
,,,,,
,,,,,
,,,,,
,,,,,
KTAN,,,,,
,,,,,
,,,,,
,,,,,
,,,,,
,,,,,
,,,,,
,,,,,
,,,,,
,,,,,
,,,,,
,,,,,
KTYL,,,,,
,,,,,
,,,,,
PATM,,,,,
,,,,,
,,,,,
,,,,,
,,,,,
,,,,,
,,,,,
,,,,,
,,,,,
,,,,,
,,,,,
,,,,,
,,,,,
KTAZ,,,,,
,,,,,
,,,,,
,,,,,
,,,,,
,,,,,
,,,,,
,,,,,
,,,,,
,,,,,
,,,,,
,,,,,
,,,,,
,,,,,
,,,,,
,,,,,
KTSP,,,,,
,,,,,
KTQE,,,,,
,,,,,
,,,,,
,,,,,
KTEL,,,,,
PATE,,,,,
,,,,,
,,,,,
KTEX,,,,,
,,,,,
,,,,,
,,,,,
,,,,,
,,,,,
,,,,,
,,,,,
,,,,,
,,,,,
KTPL,,,,,
,,,,,
,,,,,
,,,,,
,,,,,
,,,,,
,,,,,
,,,,,
,,,,,
,,,,,
,,,,,
,,,,,
,,,,,
,,,,,
,,,,,
,,,,,
,,,,,
PHHF,,,,,
,,,,,
,,,,,
KHUF,,,,,
,,,,,
,,,,,
KTRL,,,,,
,,,,,
KTEB,,,,,
,,,,,
,,,,,
,,,,,
,,,,,
,,,,,
KTXK,,,,,
,,,,,
,,,,,
,,,,,
,,,,,
,,,,,
,,,,,
,,,,,
,,,,,
,,,,,
,,,,,
,,,,,
,,,,,
,,,,,
KDLS,,,,,
,,,,,
,,,,,
,,,,,
,,,,,
,,,,,
,,,,,
KTIF,,,,,
,,,,,
,,,,,
,,,,,
,,,,,
,,,,,
,,,,,
KHSG,,,,,
,,,,,
,,,,,
,,,,,
,,,,,
,,,,,
KTVF,,,,,
,,,,,
,,,,,
,,,,,
,,,,,
,,,,,
KOPN,,,,,
,,,,,
,,,,,
,,,,,
,,,,,
KTVI,,,,,
,,,,,
,,,,,
,,,,,
,,,,,
,,,,,
,,,,,
KTHM,,,,,
,,,,,
,,,,,
KHQU,,,,,
,,,,,
,,,,,
,,,,,
,,,,,
,,,,,
,,,,,
,,,,,
,,,,,
,,,,,
,,,,,
,,,,,
,,,,,
,,,,,
,,,,,
,,,,,
,,,,,
,,,,,
KHAI,,,,,
,,,,,
,,,,,
,,,,,
,,,,,
,,,,,
,,,,,
,,,,,
,,,,,
,,,,,
,,,,,
,,,,,
KTMA,,,,,
,,,,,
,,,,,
,,,,,
,,,,,
,,,,,
,,,,,
KTMK,,,,,
,,,,,
,,,,,
,,,,,
,,,,,
,,,,,
PATC,,,,,
,,,,,
,,,,,
,,,,,
,,,,,
,,,,,
,,,,,
,,,,,
,,,,,
,,,,,
,,,,,
,,,,,
,,,,,
,,,,,
,,,,,
,,,,,
,,,,,
,,,,,
,,,,,
,,,,,
,,,,,
,,,,,
,,,,,
KTIX,,,,,
KTTS,,,,,
,,,,,
,,,,,
,,,,,
KTOC,,,,,
,,,,,
,,,,,
PFTO,,,,,
,,,,,
PAOO,,,,,
,,,,,
KTDO,,,,,
,,,,,
,,,,,
,,,,,
,,,,,
KTDZ,,,,,
KTOL,,,,,
,,,,,
,,,,,
,,,,,
,,,,,
,,,,,
,,,,,
,,,,,
,,,,,
,,,,,
,,,,,
,,,,,
KTKV,,,,,
,,,,,
,,,,,
,,,,,
,,,,,
,,,,,
,,,,,
,,,,,
,,,,,
,,,,,
KTZV,,,,,
,,,,,
,,,,,
,,,,,
KMJX,,,,,
,,,,,
,,,,,
,,,,,
,,,,,
,,,,,
,,,,,
,,,,,
,,,,,
KTPH,,,,,
KTNX,,,,,
,,,,,
KTVY,,,,,
,,,,,
,,,,,
,,,,,
,,,,,
,,,,,
,,,,,
,,,,,
,,,,,
,,,,,
,,,,,
,,,,,
KTOP,,,,,
,,,,,
,,,,,
,,,,,
KFOE,,,,,
,,,,,
,,,,,
,,,,,
,,,,,
,,,,,
KTOA,,,,,
,,,,,
,,,,,
KTOR,,,,,
,,,,,
,,,,,
,,,,,
,,,,,
,,,,,
,,,,,
,,,,,
,,,,,
,,,,,
,,,,,
,,,,,
,,,,,
,,,,,
,,,,,
,,,,,
,,,,,
,,,,,
,,,,,
,,,,,
,,,,,
,,,,,
,,,,,
,,,,,
,,,,,
,,,,,
,,,,,
,,,,,
,,,,,
,,,,,
,,,,,
KTKC,,,,,
KTCY,,,,,
,,,,,
,,,,,
,,,,,
,,,,,
,,,,,
,,,,,
,,,,,
,,,,,
,,,,,
,,,,,
KTVC,,,,,
,,,,,
,,,,,
,,,,,
,,,,,
,,,,,
,,,,,
,,,,,
,,,,,
,,,,,
,,,,,
KTGC,,,,,
,,,,,
,,,,,
,,,,,
,,,,,
,,,,,
,,,,,
,,,,,
,,,,,
,,,,,
KTTN,,,,,
KTRX,,,,,
,,,,,
,,,,,
,,,,,
,,,,,
,,,,,
,,,,,
,,,,,
,,,,,
KTAD,,,,,
,,,,,
,,,,,
,,,,,
,,,,,
,,,,,
,,,,,
,,,,,
,,,,,
,,,,,
,,,,,
,,,,,
,,,,,
,,,,,
,,,,,
,,,,,
,,,,,
,,,,,
,,,,,
,,,,,
,,,,,
,,,,,
KVLL,,,,,
,,,,,
,,,,,
,,,,,
,,,,,
,,,,,
,,,,,
,,,,,
,,,,,
KTOI,,,,,
,,,,,
,,,,,
,,,,,
,,,,,
,,,,,
,,,,,
KTRK,,,,,
,,,,,
,,,,,
,,,,,
,,,,,
,,,,,
,,,,,
,,,,,
,,,,,
,,,,,
KTCS,,,,,
,,,,,
,,,,,
,,,,,
,,,,,
KDMA,,,,,
,,,,,
,,,,,
,,,,,
KAVQ,,,,,
,,,,,
,,,,,
,,,,,
KRYN,,,,,
,,,,,
,,,,,
KTUS,,,,,
,,,,,
,,,,,
KTCC,,,,,
,,,,,
,,,,,
,,,,,
,,,,,
KTLR,,,,,
,,,,,
,,,,,
,,,,,
,,,,,
,,,,,
KAYX,,,,,
,,,,,
,,,,,
KTHA,,,,,
,,,,,
,,,,,
,,,,,
,,,,,
,,,,,
,,,,,
,,,,,
KTUL,,,,,
KRVS,,,,,
,,,,,
PALT,,,,,
,,,,,
,,,,,
,,,,,
KUTA,,,,,
,,,,,
,,,,,
,,,,,
,,,,,
,,,,,
,,,,,
POKA,,,,,
KTUP,,,,,
,,,,,
,,,,,
,,,,,
,,,,,
,,,,,
,,,,,
,,,,,
,,,,,
,,,,,
,,,,,
,,,,,
,,,,,
,,,,,
,,,,,
KTCL,,,,,
,,,,,
,,,,,
,,,,,
,,,,,
,,,,,
,,,,,
,,,,,
,,,,,
,,,,,
,,,,,
,,,,,
,,,,,
KTNP,,,,,
KNXP,,,,,
,,,,,
KRVF,,,,,
,,,,,
,,,,,
,,,,,
KTWF,,,,,
,,,,,
,,,,,
,,,,,
,,,,,
,,,,,
,,,,,
,,,,,
,,,,,
,,,,,
KTWM,,,,,
,,,,,
,,,,,
,,,,,
,,,,,
,,,,,
,,,,,
,,,,,
,,,,,
,,,,,
KTYR,,,,,
,,,,,
,,,,,
,,,,,
,,,,,
,,,,,
,,,,,
,,,,,
,,,,,
,,,,,
,,,,,
,,,,,
,,,,,
,,,,,
,,,,,
,,,,,
,,,,,
,,,,,
,,,,,
,,,,,
KUKI,,,,,
,,,,,
,,,,,
,,,,,
,,,,,
,,,,,
KULS,,,,,
,,,,,
,,,,,
,,,,,
PAUM,,,,,
,,,,,
PAUN,,,,,
PADU,,,,,
,,,,,
,,,,,
,,,,,
,,,,,
,,,,,
,,,,,
,,,,,
,,,,,
,,,,,
,,,,,
,,,,,
,,,,,
,,,,,
,,,,,
,,,,,
KUCY,,,,,
,,,,,
,,,,,
,,,,,
,,,,,
,,,,,
,,,,,
,,,,,
,,,,,
,,,,,
,,,,,
,,,,,
,,,,,
,,,,,
,,,,,
,,,,,
,,,,,
,,,,,
,,,,,
KRND,,,,,
,,,,,
,,,,,
KCCB,,,,,
,,,,,
,,,,,
,,,,,
,,,,,
,,,,,
,,,,,
,,,,,
,,,,,
,,,,,
,,,,,
,,,,,
,,,,,
,,,,,
,,,,,
,,,,,
,,,,,
,,,,,
,,,,,
,,,,,
,,,,,
,,,,,
,,,,,
,,,,,
,,,,,
,,,,,
,,,,,
,,,,,
,,,,,
,,,,,
,,,,,
,,,,,
,,,,,
,,,,,
,,,,,
,,,,,
PAIM,,,,,
,,,,,
,,,,,
,,,,,
KUVA,,,,,
,,,,,
,,,,,
,,,,,
,,,,,
KVCB,,,,,
,,,,,
,,,,,
,,,,,
,,,,,
,,,,,
,,,,,
,,,,,
,,,,,
,,,,,
PAVD,,,,,
,,,,,
,,,,,
KVAD,,,,,
,,,,,
,,,,,
KVLD,,,,,
,,,,,
,,,,,
,,,,,
,,,,,
,,,,,
KVTN,,,,,
,,,,,
,,,,,
,,,,,
,,,,,
,,,,,
,,,,,
,,,,,
,,,,,
,,,,,
,,,,,
,,,,,
,,,,,
,,,,,
KBAC,,,,,
,,,,,
,,,,,
,,,,,
,,,,,
,,,,,
,,,,,
,,,,,
,,,,,
,,,,,
,,,,,
KVPS,,,,,
,,,,,
,,,,,
KVPZ,,,,,
,,,,,
,,,,,
,,,,,
,,,,,
,,,,,
,,,,,
,,,,,
,,,,,
,,,,,
,,,,,
,,,,,
,,,,,
,,,,,
KVHN,,,,,
,,,,,
,,,,,
,,,,,
KVNY,,,,,
KVNW,,,,,
,,,,,
,,,,,
,,,,,
,,,,,
,,,,,
KVUO,,,,,
,,,,,
,,,,,
,,,,,
,,,,,
,,,,,
KVLA,,,,,
,,,,,
,,,,,
,,,,,
,,,,,
,,,,,
,,,,,
,,,,,
,,,,,
,,,,,
,,,,,
,,,,,
,,,,,
,,,,,
,,,,,
,,,,,
PAVE,,,,,
,,,,,
,,,,,
,,,,,
,,,,,
,,,,,
,,,,,
,,,,,
,,,,,
,,,,,
KVNC,,,,,
,,,,,
,,,,,
,,,,,
,,,,,
,,,,,
,,,,,
,,,,,
,,,,,
,,,,,
,,,,,
,,,,,
,,,,,
KVMR,,,,,
,,,,,
,,,,,
,,,,,
KVEL,,,,,
,,,,,
,,,,,
,,,,,
,,,,,
,,,,,
,,,,,
,,,,,
,,,,,
,,,,,
,,,,,
,,,,,
,,,,,
,,,,,
,,,,,
,,,,,
KVRB,,,,,
,,,,,
,,,,,
,,,,,
,,,,,
,,,,,
,,,,,
,,,,,
,,,,,
,,,,,
,,,,,
KVES,,,,,
,,,,,
,,,,,
,,,,,
,,,,,
,,,,,
,,,,,
,,,,,
,,,,,
,,,,,
,,,,,
,,,,,
,,,,,
,,,,,
KVKS,,,,,
,,,,,
,,,,,
,,,,,
,,,,,
,,,,,
,,,,,
,,,,,
,,,,,
,,,,,
KVCT,,,,,
,,,,,
,,,,,
,,,,,
KVCV,,,,,
,,,,,
,,,,,
,,,,,
,,,,,
KVDI,,,,,
,,,,,
,,,,,
,,,,,
,,,,,
,,,,,
,,,,,
,,,,,
,,,,,
,,,,,
,,,,,
,,,,,
,,,,,
,,,,,
,,,,,
,,,,,
,,,,,
,,,,,
,,,,,
,,,,,
,,,,,
,,,,,
,,,,,
,,,,,
KMVY,,,,,
,,,,,
,,,,,
,,,,,
,,,,,
,,,,,
KVTI,,,,,
,,,,,
,,,,,
,,,,,
,,,,,
,,,,,
,,,,,
,,,,,
,,,,,
,,,,,
,,,,,
KNTU,,,,,
,,,,,
,,,,,
,,,,,
,,,,,
,,,,,
,,,,,
,,,,,
KVIS,,,,,
,,,,,
,,,,,
,,,,,
,,,,,
,,,,,
,,,,,
,,,,,
,,,,,
,,,,,
,,,,,
KIWH,,,,,
,,,,,
,,,,,
,,,,,
KPWG,,,,,
,,,,,
,,,,,
,,,,,
,,,,,
,,,,,
,,,,,
KACT,,,,,
KCNW,,,,,
,,,,,
,,,,,
,,,,,
,,,,,
,,,,,
,,,,,
KADC,,,,,
KAFP,,,,,
,,,,,
,,,,,
,,,,,
,,,,,
,,,,,
,,,,,
,,,,,
KAGZ,,,,,
,,,,,
,,,,,
,,,,,
PHHI,,,,,
KAHQ,,,,,
KBWP,,,,,
,,,,,
,,,,,
,,,,,
,,,,,
,,,,,
,,,,,
KAKQ,,,,,
,,,,,
,,,,,
,,,,,
,,,,,
,,,,,
,,,,,
,,,,,
,,,,,
,,,,,
,,,,,
,,,,,
,,,,,
,,,,,
,,,,,
,,,,,
PAIW,,,,,
,,,,,
,,,,,
,,,,,
,,,,,
,,,,,
,,,,,
,,,,,
,,,,,
,,,,,
,,,,,
,,,,,
,,,,,
KALW,,,,,
KACZ,,,,,
KNVI,,,,,
,,,,,
,,,,,
,,,,,
,,,,,
,,,,,
,,,,,
,,,,,
,,,,,
,,,,,
,,,,,
,,,,,
,,,,,
KWAL,,,,,
,,,,,
,,,,,
,,,,,
,,,,,
,,,,,
,,,,,
,,,,,
,,,,,
,,,,,
,,,,,
,,,,,
,,,,,
,,,,,
,,,,,
KARG,,,,,
,,,,,
,,,,,
,,,,,
,,,,,
,,,,,
,,,,,
,,,,,
,,,,,
KRBW,,,,,
,,,,,
,,,,,
,,,,,
,,,,,
,,,,,
,,,,,
,,,,,
,,,,,
,,,,,
,,,,,
,,,,,
,,,,,
,,,,,
,,,,,
,,,,,
KAXV,,,,,
,,,,,
,,,,,
,,,,,
,,,,,
,,,,,
,,,,,
,,,,,
,,,,,
,,,,,
,,,,,
,,,,,
,,,,,
,,,,,
,,,,,
,,,,,
KWRB,,,,,
,,,,,
,,,,,
,,,,,
,,,,,
,,,,,
,,,,,
,,,,,
,,,,,
,,,,,
,,,,,
,,,,,
,,,,,
,,,,,
,,,,,
,,,,,
,,,,,
KRCM,,,,,
,,,,,
,,,,,
,,,,,
,,,,,
,,,,,
,,,,,
,,,,,
,,,,,
,,,,,
,,,,,
,,,,,
,,,,,
,,,,,
,,,,,
,,,,,
,,,,,
KHWY,,,,,
,,,,,
KRRT,,,,,
,,,,,
,,,,,
,,,,,
,,,,,
,,,,,
,,,,,
,,,,,
,,,,,
,,,,,
,,,,,
KRAW,,,,,
KASW,,,,,
,,,,,
,,,,,
,,,,,
,,,,,
,,,,,
,,,,,
KACQ,,,,,
,,,,,
,,,,,
,,,,,
,,,,,
,,,,,
,,,,,
,,,,,
,,,,,
,,,,,
,,,,,
KDCY,,,,,
,,,,,
,,,,,
,,,,,
,,,,,
,,,,,
,,,,,
,,,,,
KJPN,,,,,
KDCA,,,,,
,,,,,
,,,,,
,,,,,
,,,,,
,,,,,
,,,,,
,,,,,
KAFJ,,,,,
,,,,,
,,,,,
KIAD,,,,,
KAWG,,,,,
,,,,,
KFYG,,,,,
KOCW,,,,,
KIIY,,,,,
,,,,,
,,,,,
,,,,,
,,,,,
,,,,,
,,,,,
,,,,,
,,,,,
,,,,,
,,,,,
,,,,,
,,,,,
,,,,,
,,,,,
,,,,,
,,,,,
,,,,,
,,,,,
,,,,,
,,,,,
,,,,,
,,,,,
,,,,,
,,,,,
,,,,,
,,,,,
,,,,,
,,,,,
,,,,,
,,,,,
,,,,,
,,,,,
,,,,,
,,,,,
,,,,,
,,,,,
,,,,,
,,,,,
,,,,,
,,,,,
,,,,,
,,,,,
,,,,,
,,,,,
,,,,,
,,,,,
,,,,,
,,,,,
,,,,,
,,,,,
,,,,,
,,,,,
,,,,,
,,,,,
,,,,,
,,,,,
,,,,,
,,,,,
,,,,,
,,,,,
,,,,,
,,,,,
,,,,,
,,,,,
,,,,,
,,,,,
,,,,,
,,,,,
,,,,,
PAWS,,,,,
,,,,,
,,,,,
,,,,,
,,,,,
KVWU,,,,,
,,,,,
,,,,,
,,,,,
,,,,,
,,,,,
POKW,,,,,
,,,,,
,,,,,
,,,,,
,,,,,
,,,,,
,,,,,
,,,,,
,,,,,
,,,,,
,,,,,
,,,,,
,,,,,
KALO,,,,,
,,,,,
,,,,,
,,,,,
,,,,,
,,,,,
,,,,,
,,,,,
,,,,,
,,,,,
,,,,,
KART,,,,,
,,,,,
KRYV,,,,,
KATY,,,,,
,,,,,
,,,,,
KWVL,,,,,
,,,,,
,,,,,
,,,,,
,,,,,
,,,,,
,,,,,
,,,,,
,,,,,
,,,,,
,,,,,
KJWG,,,,,
,,,,,
,,,,,
,,,,,
,,,,,
,,,,,
,,,,,
,,,,,
,,,,,
,,,,,
,,,,,
KWVI,,,,,
,,,,,
KCHN,,,,,
,,,,,
KUES,,,,,
,,,,,
,,,,,
,,,,,
,,,,,
,,,,,
,,,,,
KPCZ,,,,,
,,,,,
,,,,,
,,,,,
,,,,,
,,,,,
,,,,,
,,,,,
,,,,,
KAUW,,,,,
,,,,,
KUSE,,,,,
,,,,,
,,,,,
,,,,,
,,,,,
KEOP,,,,,
,,,,,
,,,,,
,,,,,
,,,,,
,,,,,
,,,,,
,,,,,
,,,,,
,,,,,
,,,,,
,,,,,
,,,,,
,,,,,
,,,,,
KAYS,,,,,
,,,,,
,,,,,
,,,,,
KLCG,,,,,
KBXG,,,,,
,,,,,
,,,,,
,,,,,
,,,,,
,,,,,
,,,,,
,,,,,
,,,,,
KWAY,,,,,
,,,,,
,,,,,
,,,,,
,,,,,
,,,,,
,,,,,
,,,,,
,,,,,
,,,,,
,,,,,
,,,,,
,,,,,
,,,,,
KWEA,,,,,
,,,,,
,,,,,
,,,,,
KOJA,,,,,
,,,,,
,,,,,
,,,,,
,,,,,
,,,,,
,,,,,
,,,,,
,,,,,
,,,,,
,,,,,
,,,,,
,,,,,
,,,,,
,,,,,
KEBS,,,,,
,,,,,
,,,,,
,,,,,
,,,,,
,,,,,
,,,,,
,,,,,
,,,,,
,,,,,
,,,,,
,,,,,
,,,,,
,,,,,
,,,,,
,,,,,
,,,,,
,,,,,
,,,,,
,,,,,
,,,,,
,,,,,
,,,,,
,,,,,
,,,,,
,,,,,
,,,,,
,,,,,
,,,,,
,,,,,
,,,,,
,,,,,
KEGT,,,,,
,,,,,
,,,,,
KLWL,,,,,
,,,,,
,,,,,
,,,,,
,,,,,
,,,,,
,,,,,
,,,,,
,,,,,
,,,,,
,,,,,
,,,,,
,,,,,
KELZ,,,,,
,,,,,
,,,,,
,,,,,
,,,,,
,,,,,
,,,,,
KEAT,,,,,
,,,,,
,,,,,
,,,,,
,,,,,
KENV,,,,,
,,,,,
,,,,,
,,,,,
,,,,,
,,,,,
,,,,,
KTXW,,,,,
,,,,,
,,,,,
,,,,,
,,,,,
,,,,,
,,,,,
,,,,,
,,,,,
,,,,,
,,,,,
KETB,,,,,
,,,,,
,,,,,
,,,,,
,,,,,
,,,,,
,,,,,
,,,,,
,,,,,
,,,,,
,,,,,
,,,,,
,,,,,
,,,,,
KOQN,,,,,
,,,,,
,,,,,
,,,,,
,,,,,
,,,,,
,,,,,
,,,,,
,,,,,
,,,,,
,,,,,
,,,,,
,,,,,
,,,,,
,,,,,
,,,,,
,,,,,
,,,,,
,,,,,
,,,,,
,,,,,
,,,,,
,,,,,
,,,,,
,,,,,
,,,,,
,,,,,
,,,,,
,,,,,
,,,,,
,,,,,
,,,,,
,,,,,
,,,,,
,,,,,
,,,,,
,,,,,
,,,,,
,,,,,
KAWM,,,,,
,,,,,
,,,,,
,,,,,
,,,,,
,,,,,
,,,,,
,,,,,
,,,,,
,,,,,
,,,,,
,,,,,
KLNA,,,,,
KPBI,,,,,
,,,,,
,,,,,
,,,,,
,,,,,
,,,,,
,,,,,
,,,,,
,,,,,
,,,,,
,,,,,
KUNO,,,,,
,,,,,
,,,,,
KFYJ,,,,,
,,,,,
,,,,,
,,,,,
,,,,,
,,,,,
,,,,,
,,,,,
KAMT,,,,,
,,,,,
,,,,,
,,,,,
,,,,,
,,,,,
KWYS,,,,,
,,,,,
,,,,,
,,,,,
,,,,,
,,,,,
,,,,,
,,,,,
,,,,,
KWST,,,,,
,,,,,
,,,,,
,,,,,
,,,,,
,,,,,
,,,,,
,,,,,
KBAF,,,,,
,,,,,
,,,,,
,,,,,
,,,,,
KFOK,,,,,
,,,,,
,,,,,
,,,,,
,,,,,
,,,,,
,,,,,
,,,,,
,,,,,
,,,,,
,,,,,
,,,,,
KDMW,,,,,
,,,,,
,,,,,
,,,,,
,,,,,
,,,,,
,,,,,
,,,,,
,,,,,
,,,,,
,,,,,
,,,,,
,,,,,
,,,,,
,,,,,
,,,,,
,,,,,
,,,,,
,,,,,
,,,,,
,,,,,
,,,,,
,,,,,
,,,,,
,,,,,
,,,,,
,,,,,
,,,,,
,,,,,
,,,,,
,,,,,
,,,,,
,,,,,
,,,,,
,,,,,
,,,,,
,,,,,
,,,,,
KARM,,,,,
,,,,,
,,,,,
,,,,,
,,,,,
,,,,,
KEAN,,,,,
,,,,,
,,,,,
,,,,,
KETH,,,,,
,,,,,
,,,,,
,,,,,
KHLG,,,,,
,,,,,
,,,,,
,,,,,
,,,,,
,,,,,
,,,,,
,,,,,
,,,,,
,,,,,
,,,,,
,,,,,
,,,,,
,,,,,
,,,,,
,,,,,
,,,,,
PAWM,,,,,
,,,,,
,,,,,
KHPN,,,,,
,,,,,
,,,,,
,,,,,
,,,,,
,,,,,
,,,,,
,,,,,
,,,,,
,,,,,
,,,,,
,,,,,
,,,,,
KHIE,,,,,
,,,,,
,,,,,
,,,,,
,,,,,
,,,,,
,,,,,
,,,,,
,,,,,
,,,,,
,,,,,
,,,,,
,,,,,
,,,,,
,,,,,
,,,,,
,,,,,
,,,,,
,,,,,
,,,,,
KCPC,,,,,
,,,,,
,,,,,
,,,,,
,,,,,
,,,,,
,,,,,
,,,,,
,,,,,
,,,,,
,,,,,
,,,,,
PAWR,,,,,
,,,,,
,,,,,
KBEC,,,,,
KCEA,,,,,
,,,,,
KIAB,,,,,
,,,,,
,,,,,
,,,,,
,,,,,
,,,,,
,,,,,
,,,,,
,,,,,
KAAO,,,,,
KICT,,,,,
KCWC,,,,,
,,,,,
,,,,,
KSPS,,,,,
,,,,,
,,,,,
,,,,,
,,,,,
,,,,,
,,,,,
,,,,,
,,,,,
,,,,,
,,,,,
,,,,,
,,,,,
,,,,,
,,,,,
,,,,,
,,,,,
,,,,,
,,,,,
,,,,,
,,,,,
,,,,,
,,,,,
KWWD,,,,,
,,,,,
,,,,,
KWBW,,,,,
,,,,,
,,,,,
,,,,,
,,,,,
,,,,,
,,,,,
,,,,,
,,,,,
,,,,,
,,,,,
,,,,,
,,,,,
,,,,,
KCMR,,,,,
,,,,,
,,,,,
,,,,,
,,,,,
,,,,,
,,,,,
,,,,,
,,,,,
,,,,,
,,,,,
KJGG,,,,,
KBYL,,,,,
,,,,,
,,,,,
,,,,,
,,,,,
,,,,,
KEBD,,,,,
KSDC,,,,,
,,,,,
,,,,,
KIPT,,,,,
KMCZ,,,,,
,,,,,
,,,,,
,,,,,
,,,,,
,,,,,
,,,,,
,,,,,
,,,,,
,,,,,
,,,,,
,,,,,
,,,,,
KIJD,,,,,
,,,,,
,,,,,
,,,,,
,,,,,
,,,,,
,,,,,
,,,,,
,,,,,
,,,,,
,,,,,
,,,,,
KXWA,,,,,
,,,,,
,,,,,
,,,,,
,,,,,
,,,,,
,,,,,
KBDH,,,,,
KLNN,,,,,
,,,,,
,,,,,
,,,,,
,,,,,
,,,,,
,,,,,
,,,,,
,,,,,
,,,,,
,,,,,
,,,,,
,,,,,
,,,,,
,,,,,
,,,,,
,,,,,
,,,,,
PAUO,,,,,
,,,,,
,,,,,
,,,,,
,,,,,
,,,,,
,,,,,
,,,,,
KWLW,,,,,
,,,,,
,,,,,
,,,,,
,,,,,
,,,,,
,,,,,
,,,,,
,,,,,
,,,,,
,,,,,
,,,,,
,,,,,
,,,,,
,,,,,
,,,,,
,,,,,
,,,,,
,,,,,
,,,,,
KILN,,,,,
,,,,,
KILM,,,,,
KILG,,,,,
,,,,,
,,,,,
,,,,,
,,,,,
,,,,,
,,,,,
,,,,,
,,,,,
,,,,,
,,,,,
,,,,,
,,,,,
,,,,,
,,,,,
,,,,,
,,,,,
,,,,,
,,,,,
KRWN,,,,,
,,,,,
,,,,,
,,,,,
,,,,,
,,,,,
,,,,,
,,,,,
,,,,,
,,,,,
,,,,,
,,,,,
,,,,,
KBGF,,,,,
KOKV,,,,,
,,,,,
KWDR,,,,,
,,,,,
,,,,,
,,,,,
,,,,,
,,,,,
,,,,,
KMWM,,,,,
KRQE,,,,,
,,,,,
,,,,,
,,,,,
,,,,,
,,,,,
,,,,,
,,,,,
,,,,,
,,,,,
KBDL,,,,,
,,,,,
,,,,,
,,,,,
,,,,,
,,,,,
KWLD,,,,,
,,,,,
,,,,,
,,,,,
,,,,,
,,,,,
,,,,,
,,,,,
,,,,,
,,,,,
,,,,,
,,,,,
,,,,,
,,,,,
KINK,,,,,
,,,,,
,,,,,
,,,,,
,,,,,
,,,,,
,,,,,
,,,,,
,,,,,
KWMC,,,,,
KICR,,,,,
,,,,,
,,,,,
,,,,,
,,,,,
,,,,,
,,,,,
,,,,,
,,,,,
KFDW,,,,,
,,,,,
,,,,,
,,,,,
,,,,,
,,,,,
,,,,,
,,,,,
,,,,,
,,,,,
KONA,,,,,
,,,,,
,,,,,
,,,,,
,,,,,
,,,,,
KINW,,,,,
,,,,,
,,,,,
,,,,,
,,,,,
KINT,,,,,
,,,,,
,,,,,
,,,,,
,,,,,
,,,,,
,,,,,
,,,,,
,,,,,
,,,,,
,,,,,
KGIF,,,,,
,,,,,
,,,,,
,,,,,
,,,,,
,,,,,
,,,,,
,,,,,
,,,,,
,,,,,
,,,,,
,,,,,
KIWI,,,,,
,,,,,
,,,,,
,,,,,
KISW,,,,,
,,,,,
,,,,,
,,,,,
KLNP,,,,,
,,,,,
,,,,,
,,,,,
,,,,,
,,,,,
,,,,,
,,,,,
,,,,,
,,,,,
KOLF,,,,,
,,,,,
,,,,,
,,,,,
,,,,,
,,,,,
,,,,,
,,,,,
,,,,,
,,,,,
,,,,,
,,,,,
,,,,,
,,,,,
,,,,,
KOBI,,,,,
,,,,,
,,,,,
,,,,,
,,,,,
,,,,,
,,,,,
,,,,,
,,,,,
,,,,,
,,,,,
,,,,,
,,,,,
,,,,,
,,,,,
,,,,,
,,,,,
,,,,,
,,,,,
,,,,,
,,,,,
,,,,,
,,,,,
,,,,,
,,,,,
,,,,,
,,,,,
,,,,,
,,,,,
,,,,,
,,,,,
,,,,,
,,,,,
,,,,,
,,,,,
,,,,,
,,,,,
,,,,,
,,,,,
,,,,,
,,,,,
,,,,,
,,,,,
,,,,,
,,,,,
KWWR,,,,,
,,,,,
,,,,,
,,,,,
,,,,,
,,,,,
,,,,,
,,,,,
,,,,,
KBJJ,,,,,
,,,,,
,,,,,
,,,,,
,,,,,
,,,,,
,,,,,
KORH,,,,,
,,,,,
KWRL,,,,,
,,,,,
,,,,,
,,,,,
,,,,,
KOTG,,,,,
,,,,,
PAWG,,,,,
,,,,,
,,,,,
,,,,,
,,,,,
,,,,,
KWRI,,,,,
,,,,,
,,,,,
,,,,,
,,,,,
,,,,,
,,,,,
,,,,,
,,,,,
,,,,,
,,,,,
,,,,,
,,,,,
,,,,,
,,,,,
,,,,,
,,,,,
,,,,,
,,,,,
,,,,,
,,,,,
,,,,,
,,,,,
,,,,,
,,,,,
,,,,,
,,,,,
,,,,,
,,,,,
,,,,,
KFCT,,,,,
,,,,,
,,,,,
KYKM,,,,,
,,,,,
,,,,,
,,,,,
,,,,,
,,,,,
,,,,,
,,,,,
PAYA,,,,,
,,,,,
,,,,,
,,,,,
,,,,,
,,,,,
,,,,,
,,,,,
,,,,,
KYKN,,,,,
,,,,,
,,,,,
,,,,,
,,,,,
,,,,,
,,,,,
,,,,,
,,,,,
,,,,,
,,,,,
,,,,,
,,,,,
,,,,,
,,,,,
,,,,,
,,,,,
,,,,,
,,,,,
,,,,,
,,,,,
,,,,,
,,,,,
,,,,,
,,,,,
,,,,,
,,,,,
,,,,,
,,,,,
,,,,,
,,,,,
,,,,,
,,,,,
,,,,,
,,,,,
KTHV,,,,,
,,,,,
KJYR,,,,,
,,,,,
,,,,,
,,,,,
KNCY,,,,,
,,,,,
,,,,,
,,,,,
,,,,,
,,,,,
,,,,,
,,,,,
,,,,,
,,,,,
KYNG,,,,,
,,,,,
,,,,,
,,,,,
,,,,,
,,,,,
,,,,,
,,,,,
,,,,,
,,,,,
,,,,,
,,,,,
,,,,,
,,,,,
,,,,,
,,,,,
KNYL,,,,,
,,,,,
,,,,,
,,,,,
KLGF,,,,,
,,,,,
,,,,,
,,,,,
,,,,,
,,,,,
,,,,,
,,,,,
KZZV,,,,,
KAPY,,,,,
,,,,,
,,,,,
,,,,,
,,,,,
,,,,,
,,,,,
,,,,,
,,,,,
,,,,,
,,,,,
KPJC,,,,,
,,,,,
,,,,,
,,,,,
,,,,,
,,,,,
,,,,,
KZPH,,,,,
,,,,,
,,,,,
,,,,,
,,,,,
,,,,,
,,,,,
,,,,,
KXNI,,,,,
