ICAO,Airport Name,City,State,Country,Airport Link
,East Jordan City,East Jordan,MI ,USA,https://acukwik.com/Airport-Info/Y94
,Hillview Airstrip,East Liberty,OH ,USA,https://acukwik.com/Airport-Info/OI38
,Columbiana County,East Liverpool,OH ,USA,https://acukwik.com/Airport-Info/02G
,East Liverpool City Hospital,East Liverpool,OH ,USA,https://acukwik.com/Airport-Info/7OH0
,Richters,East Lynne,MO ,USA,https://acukwik.com/Airport-Info/87MO
,Lufker,East Moriches,NY ,USA,https://acukwik.com/Airport-Info/49N
,Jefferson Einstein Montgomery Hospital,East Norriton,PA ,USA,https://acukwik.com/Airport-Info/74PS
,Elmwood Park,East Orange,NJ ,USA,https://acukwik.com/Airport-Info/NJ37
,Martens Stadium,East Orange,NJ ,USA,https://acukwik.com/Airport-Info/NJ38
,Soverel Park,East Orange,NJ ,USA,https://acukwik.com/Airport-Info/NJ36
,Aero Flight Center,East Palestine,OH ,USA,https://acukwik.com/Airport-Info/55OI
,South Fulton Medical Center,East Point,GA ,USA,https://acukwik.com/Airport-Info/GA71
,Crescent Lake,East Raymond,ME ,USA,https://acukwik.com/Airport-Info/ME01
,Alexander Farm,East Schodack,NY ,USA,https://acukwik.com/Airport-Info/NY82
,Abbotts,East Sumner,ME ,USA,https://acukwik.com/Airport-Info/6ME6
,Air Troy Estates,East Troy,WI ,USA,https://acukwik.com/Airport-Info/WI69
,Barker Strip,East Troy,WI ,USA,https://acukwik.com/Airport-Info/35WI
,East Troy Municipal,East Troy,WI ,USA,https://acukwik.com/Airport-Info/57C
,Roberts Farm,East Windsor,CT ,USA,https://acukwik.com/Airport-Info/CT85
,Bancroft,East Windsor Hill,CT ,USA,https://acukwik.com/Airport-Info/CT14
KETN,Eastland Municipal,Eastland,TX ,USA,https://acukwik.com/Airport-Info/KETN
,Beaven Field,Easton,MD ,USA,https://acukwik.com/Airport-Info/88MD
,Braden Airpark,Easton,PA ,USA,https://acukwik.com/Airport-Info/N43
KESN,Easton/Newnam Field,Easton,MD ,USA,https://acukwik.com/Airport-Info/KESN
,Lehigh Valley Hospital/Hecktown Oaks,Easton,PA ,USA,https://acukwik.com/Airport-Info/27PN
,Risky,Easton,KS ,USA,https://acukwik.com/Airport-Info/1KS2
,Russell Field,Easton,ME ,USA,https://acukwik.com/Airport-Info/56ME
,St Lukes Anderson,Easton,PA ,USA,https://acukwik.com/Airport-Info/PA34
KMMT,Mc Entire JNGB,Eastover,SC ,USA,https://acukwik.com/Airport-Info/KMMT
,Seatuck Cove,Eastport,NY ,USA,https://acukwik.com/Airport-Info/1NY1
,Clam Harbor,Eastsound,WA ,USA,https://acukwik.com/Airport-Info/WA35
KORS,Orcas Island,Eastsound,WA ,USA,https://acukwik.com/Airport-Info/KORS
,Crop Air,Eaton,CO ,USA,https://acukwik.com/Airport-Info/CO48
,Kettering Emergency Center Preble,Eaton,OH ,USA,https://acukwik.com/Airport-Info/6OH3
,Skyway Estates,Eaton Rapids,MI ,USA,https://acukwik.com/Airport-Info/60G
,Sebastian Cove,Eatonton,GA ,USA,https://acukwik.com/Airport-Info/32GA
,Swanson,Eatonville,WA ,USA,https://acukwik.com/Airport-Info/2W3
,Carlson,Eau Claire,WI ,USA,https://acukwik.com/Airport-Info/4WI5
,Heyoka Field,Eau Claire,WI ,USA,https://acukwik.com/Airport-Info/53WI
,Pritchard Field,Eau Claire,WI ,USA,https://acukwik.com/Airport-Info/55WN
,Sacred Heart Hospital,Eau Claire,WI ,USA,https://acukwik.com/Airport-Info/25WI
,Hamilton Hill,Ebensburg,PA ,USA,https://acukwik.com/Airport-Info/PS47
,Barataria Bay,Ecaille,LA ,USA,https://acukwik.com/Airport-Info/LS28
,West Buttercreek,Echo,OR ,USA,https://acukwik.com/Airport-Info/OL02
,Inmon Field,Ecru,MS ,USA,https://acukwik.com/Airport-Info/63MS
,Courtney's Landing,Eddyville,IA ,USA,https://acukwik.com/Airport-Info/99IA
,Fairbanks Airfield,Eden,ID ,USA,https://acukwik.com/Airport-Info/1ID7
,ECU Health Chowan Hospital,Edenton,NC ,USA,https://acukwik.com/Airport-Info/1NR1
,Lee's,Edenton,NC ,USA,https://acukwik.com/Airport-Info/16NC
,Katama Airpark,Edgartown,MA ,USA,https://acukwik.com/Airport-Info/1B2
,Edgemont Municipal,Edgemont,SD ,USA,https://acukwik.com/Airport-Info/6V0
,Xpoint,Edgemont,SD ,USA,https://acukwik.com/Airport-Info/6SD4
,Jana,Edgerton,WI ,USA,https://acukwik.com/Airport-Info/58C
,South River,Edgewater,MD ,USA,https://acukwik.com/Airport-Info/MD81
,St Elizabeth Medical Center South,Edgewood,KY ,USA,https://acukwik.com/Airport-Info/32KY
,Fairview Southdale Hospital,Edina,MN ,USA,https://acukwik.com/Airport-Info/MN27
,Jetsetter Outdoors,Edina,MO ,USA,https://acukwik.com/Airport-Info/05MO
,Olafson Brothers,Edinburg,ND ,USA,https://acukwik.com/Airport-Info/03ND
KEBG,South Texas International At Edinburg,Edinburg,TX ,USA,https://acukwik.com/Airport-Info/KEBG
,Hq 78th Division,Edison,NJ ,USA,https://acukwik.com/Airport-Info/NJ76
,Gregg,Edmond,OK ,USA,https://acukwik.com/Airport-Info/7OK1
,Myrick,Edmond,OK ,USA,https://acukwik.com/Airport-Info/33OK
,Swedish Edmonds,Edmonds,WA ,USA,https://acukwik.com/Airport-Info/0WA6
,Jackson County,Edna,TX ,USA,https://acukwik.com/Airport-Info/26R
,Rancho Deluxe,Edna Hill,TX ,USA,https://acukwik.com/Airport-Info/81TS
KEDW,Edwards AFB,Edwards,CA ,USA,https://acukwik.com/Airport-Info/KEDW
PAEE,Eek,Eek,AK ,USA,https://acukwik.com/Airport-Info/PAEE
,Red Hawk,Effie,LA ,USA,https://acukwik.com/Airport-Info/80LA
,Effingham County Regional,Effingham,IL ,USA,https://acukwik.com/Airport-Info/1H2
,St Anthony Memorial Hospital,Effingham,IL ,USA,https://acukwik.com/Airport-Info/11IS
,Egnar,Egnar,CO ,USA,https://acukwik.com/Airport-Info/CD36
,Broxton Bridge Plantation,Ehrhardt,SC ,USA,https://acukwik.com/Airport-Info/SC55
,Shiloh Plantation,Ehrhardt,SC ,USA,https://acukwik.com/Airport-Info/SC69
,Castleberry,Ekalaka,MT ,USA,https://acukwik.com/Airport-Info/MT45
,Laird Ranch,Ekalaka,MT ,USA,https://acukwik.com/Airport-Info/MT05
,Ekuk,Ekuk,AK ,USA,https://acukwik.com/Airport-Info/KKU
,Ekwok,Ekwok,AK ,USA,https://acukwik.com/Airport-Info/KEK
,El Campo Memorial Hospital,El Campo,TX ,USA,https://acukwik.com/Airport-Info/21TE
,Norris Raun Ranch,El Campo,TX ,USA,https://acukwik.com/Airport-Info/68TE
,Tradewind Ag,El Campo,TX ,USA,https://acukwik.com/Airport-Info/8TE8
,El Centro Regional Medical Center,El Centro,CA ,USA,https://acukwik.com/Airport-Info/76CN
,El Dorado Downtown-Stevens Field,El Dorado,AR ,USA,https://acukwik.com/Airport-Info/F43
,Patty Field,El Dorado,KS ,USA,https://acukwik.com/Airport-Info/9K6
,Union Medical Center,El Dorado,AR ,USA,https://acukwik.com/Airport-Info/AR48
,Warner Brown Hospital,El Dorado,AR ,USA,https://acukwik.com/Airport-Info/AR47
,Bob White,El Dorado Springs,MO ,USA,https://acukwik.com/Airport-Info/2MO8
,El Mirage Field Adelanto,El Mirage,CA ,USA,https://acukwik.com/Airport-Info/99CL
,Wells Fargo-El Monte,El Monte,CA ,USA,https://acukwik.com/Airport-Info/CL27
,Bear,El Paso,TX ,USA,https://acukwik.com/Airport-Info/TS59
,Cypress Creek Airpark,El Paso,AR ,USA,https://acukwik.com/Airport-Info/6AR0
KBIF,El Paso (Fort Bliss) - Biggs AAF,El Paso,TX ,USA,https://acukwik.com/Airport-Info/KBIF
,Hospitals Of Providence Transmountian Campus,El Paso,TX ,USA,https://acukwik.com/Airport-Info/8TE6
,Las Palmas Medical Center,El Paso,TX ,USA,https://acukwik.com/Airport-Info/50XA
,Sierra Medical Center,El Paso,TX ,USA,https://acukwik.com/Airport-Info/TX44
,Tecma,El Paso,TX ,USA,https://acukwik.com/Airport-Info/TS53
,Baker Airstrip,El Reno,OK ,USA,https://acukwik.com/Airport-Info/8OK2
KRQO,El Reno Regional,El Reno,OK ,USA,https://acukwik.com/Airport-Info/KRQO
,Airport Imperial Bldg Helistop,El Segundo,CA ,USA,https://acukwik.com/Airport-Info/CN33
,Chevron Refinery,El Segundo,CA ,USA,https://acukwik.com/Airport-Info/4CA6
,Pacific Bell-2300 Imperial Hwy,El Segundo,CA ,USA,https://acukwik.com/Airport-Info/32CN
,Riddell Field,Elaine,AR ,USA,https://acukwik.com/Airport-Info/7AR7
,Carl Folsom,Elba,AL ,USA,https://acukwik.com/Airport-Info/14J
,Flying G Air Ranch,Elbert,CO ,USA,https://acukwik.com/Airport-Info/CO39
,Lz Elbert,Elbert,CO ,USA,https://acukwik.com/Airport-Info/CO77
,Barber Marina,Elberta,AL ,USA,https://acukwik.com/Airport-Info/1AL9
,Perdido Winds Airpark,Elberta,AL ,USA,https://acukwik.com/Airport-Info/AL08
KEBA,Elbert County-Patz Field,Elberton,GA ,USA,https://acukwik.com/Airport-Info/KEBA
,Walls,Elbridge,NY ,USA,https://acukwik.com/Airport-Info/NY19
,Eldora,Eldora,IA ,USA,https://acukwik.com/Airport-Info/27P
,Rocking R Ranch,Eldorado,TX ,USA,https://acukwik.com/Airport-Info/6TA0
,Johnson Airstrip,Eldridge,ND ,USA,https://acukwik.com/Airport-Info/NA32
,Grand Coulee Dam,Electric City,WA ,USA,https://acukwik.com/Airport-Info/3W7
,Log Cabin,Eleva,WI ,USA,https://acukwik.com/Airport-Info/WS69
,Advocate Sherman Hospital,Elgin,IL ,USA,https://acukwik.com/Airport-Info/25LL
,Echo Mountain Airfield,Elgin,OK ,USA,https://acukwik.com/Airport-Info/OL29
,Elgin Intracontinental,Elgin,TX ,USA,https://acukwik.com/Airport-Info/56TS
,Elgin's Stony Field,Elgin,OK ,USA,https://acukwik.com/Airport-Info/OK03
,Il Dept Of Transportation,Elgin,IL ,USA,https://acukwik.com/Airport-Info/2IL8
,Over The Hill,Elgin,SC ,USA,https://acukwik.com/Airport-Info/12SC
,Skye Dance,Elgin,TX ,USA,https://acukwik.com/Airport-Info/1XS2
,Moses Point,Elim,AK ,USA,https://acukwik.com/Airport-Info/MOS
,Seacoast Airfield,Eliot,ME ,USA,https://acukwik.com/Airport-Info/3B4
,D Bar D,Elizabeth,CO ,USA,https://acukwik.com/Airport-Info/9CO6
,Elizabeth Emergency,Elizabeth,CO ,USA,https://acukwik.com/Airport-Info/55CO
,Hales Landing,Elizabeth,WV ,USA,https://acukwik.com/Airport-Info/2WV3
,Pine View,Elizabeth,CO ,USA,https://acukwik.com/Airport-Info/8CO9
,Wc Field,Elizabeth,LA ,USA,https://acukwik.com/Airport-Info/LS46
,Yukon,Elizabeth,CO ,USA,https://acukwik.com/Airport-Info/2CD6
KECG,Elizabeth City Regional & Coast Guard Station,Elizabeth City,NC ,USA,https://acukwik.com/Airport-Info/KECG
,Meadstown Airstrip,Elizabeth City,NC ,USA,https://acukwik.com/Airport-Info/NC28
,Sentara Albemarle Regional Medical Center,Elizabeth City,NC ,USA,https://acukwik.com/Airport-Info/NC98
,Elizabethton Municipal,Elizabethton,TN ,USA,https://acukwik.com/Airport-Info/0A9
,Baptist Health Hardin,Elizabethtown,KY ,USA,https://acukwik.com/Airport-Info/1KY1
,Bladen County Hospital,Elizabethtown,NC ,USA,https://acukwik.com/Airport-Info/NC94
KEYF,Curtis L Brown Jr Field,Elizabethtown,NC ,USA,https://acukwik.com/Airport-Info/KEYF
,Mitchell Field,Elizabethtown,NC ,USA,https://acukwik.com/Airport-Info/17NC
,Harman,Elizabethville,PA ,USA,https://acukwik.com/Airport-Info/0PS7
,Gusler,Elizabethville/Halifax,PA ,USA,https://acukwik.com/Airport-Info/PA74
,Darbro Field,Elk City,KS ,USA,https://acukwik.com/Airport-Info/05KS
KELK,Elk City Regional Business,Elk City,OK ,USA,https://acukwik.com/Airport-Info/KELK
,Diamond M Ranch,Elk Creek,CA ,USA,https://acukwik.com/Airport-Info/90CL
,Amita Health-Alexian Brothers Medical Center,Elk Grove Village,IL ,USA,https://acukwik.com/Airport-Info/23IL
,Fleurish Farm,Elk Point,SD ,USA,https://acukwik.com/Airport-Info/SD15
,Mj Aviation Ii,Elk Point,SD ,USA,https://acukwik.com/Airport-Info/SD00
,Meadowvale,Elk River,MN ,USA,https://acukwik.com/Airport-Info/MN40
,Mercyone Elkader Medical Center,Elkader,IA ,USA,https://acukwik.com/Airport-Info/2IA2
,Elkhart General Hospital,Elkhart,IN ,USA,https://acukwik.com/Airport-Info/14IN
KEKM,Elkhart Municipal,Elkhart,IN ,USA,https://acukwik.com/Airport-Info/KEKM
,Mishawaka Pilots Club,Elkhart,IN ,USA,https://acukwik.com/Airport-Info/3C1
,Aurora Lakeland Medical Center,Elkhorn,WI ,USA,https://acukwik.com/Airport-Info/0WI3
,Flying C,Elkhorn,NE ,USA,https://acukwik.com/Airport-Info/NE10
,Paddock Field,Elkhorn,WI ,USA,https://acukwik.com/Airport-Info/41WI
,Terhark,Elkhorn,WI ,USA,https://acukwik.com/Airport-Info/86WI
KEKN,Elkins/Randolph County,Elkins,WV ,USA,https://acukwik.com/Airport-Info/KEKN
,Baker,Elkland,PA ,USA,https://acukwik.com/Airport-Info/PA75
KEKO,Elko Regional,Elko,NV ,USA,https://acukwik.com/Airport-Info/KEKO
,Northeastern Nevada Regional Hospital,Elko,NV ,USA,https://acukwik.com/Airport-Info/NV20
,Red Rock Ranch,Elko,NV ,USA,https://acukwik.com/Airport-Info/NV22
,Byrd Air Field,Elkton,FL ,USA,https://acukwik.com/Airport-Info/5FL4
,Knollwood Farm,Elkton,MD ,USA,https://acukwik.com/Airport-Info/93MD
,Standard Field,Elkton,KY ,USA,https://acukwik.com/Airport-Info/5KY4
,Ellamar,Ellamar,AK ,USA,https://acukwik.com/Airport-Info/1Z9
,Beiter,Ellensburg,WA ,USA,https://acukwik.com/Airport-Info/96VE
KELN,Bowers Field,Ellensburg,WA ,USA,https://acukwik.com/Airport-Info/KELN
,J K D Farms,Ellensburg,WA ,USA,https://acukwik.com/Airport-Info/WN64
,West Ranch,Ellensburg,WA ,USA,https://acukwik.com/Airport-Info/79WT
,Joseph Y Resnick,Ellenville,NY ,USA,https://acukwik.com/Airport-Info/N89
,Colorado Springs East,Ellicott,CO ,USA,https://acukwik.com/Airport-Info/CO4
,Gilmer County,Ellijay,GA ,USA,https://acukwik.com/Airport-Info/49A
,Carr Creek,Ellington,MO ,USA,https://acukwik.com/Airport-Info/93MO
,Strangers Point,Ellington,CT ,USA,https://acukwik.com/Airport-Info/02CT
,Ellinwood Municipal,Ellinwood,KS ,USA,https://acukwik.com/Airport-Info/1K6
,Mave's Lakeview Road,Ellison Bay,WI ,USA,https://acukwik.com/Airport-Info/8WN8
,Ellsworth Municipal,Ellsworth,KS ,USA,https://acukwik.com/Airport-Info/9K7
,Maine Coast Memorial Hospital,Ellsworth,ME ,USA,https://acukwik.com/Airport-Info/39ME
,D And B Airpark,Elma,WA ,USA,https://acukwik.com/Airport-Info/84WA
,Summit Pacific Medical Center,Elma,WA ,USA,https://acukwik.com/Airport-Info/3WA6
,Harold K Wells,Elmdale,KS ,USA,https://acukwik.com/Airport-Info/SN37
,Harmony Field,Elmendorf,TX ,USA,https://acukwik.com/Airport-Info/6XS9
,Russell Paradise,Elmendorf,TX ,USA,https://acukwik.com/Airport-Info/2TX1
,"Inspira Medical Center, Inc / Elmer Hosp",Elmer,NJ ,USA,https://acukwik.com/Airport-Info/42NJ
,Elmhurst Memorial Hospital,Elmhurst,IL ,USA,https://acukwik.com/Airport-Info/7IL6
,Crow-Mag,Elmira,OR ,USA,https://acukwik.com/Airport-Info/33OR
,Jackson Field,Elmira,IL ,USA,https://acukwik.com/Airport-Info/2IS3
,Belmont Park,Elmont,NY ,USA,https://acukwik.com/Airport-Info/4NY9
,Haar,Elmore,OH ,USA,https://acukwik.com/Airport-Info/9OH1
,Bornemeier Airstrip,Elmwood,NE ,USA,https://acukwik.com/Airport-Info/8NE4
,H & J Strip,Elon,NC ,USA,https://acukwik.com/Airport-Info/0NC1
,Eloy Farms Airstrip,Eloy,AZ ,USA,https://acukwik.com/Airport-Info/AZ88
,Exceptional Community Hospital,Eloy,AZ ,USA,https://acukwik.com/Airport-Info/36AZ
,Elroy,Elroy,WI ,USA,https://acukwik.com/Airport-Info/60C
,Sloan's,Elsberry,MO ,USA,https://acukwik.com/Airport-Info/0MO8
,Tietjes,Elton,LA ,USA,https://acukwik.com/Airport-Info/98LS
,Hamp,Elwell,MI ,USA,https://acukwik.com/Airport-Info/68R
,Eagles Nest 4,Ely,MN ,USA,https://acukwik.com/Airport-Info/73MN
KELO,Ely Municipal,Ely,MN ,USA,https://acukwik.com/Airport-Info/KELO
,USFS,Ely,MN ,USA,https://acukwik.com/Airport-Info/6MY8
,Geyser Ranch,Ely/Pioche,NV ,USA,https://acukwik.com/Airport-Info/7NV8
,Elyria,Elyria,OH ,USA,https://acukwik.com/Airport-Info/1G1
,Helfrick,Elysburg,PA ,USA,https://acukwik.com/Airport-Info/8PN5
,Cub Bear,Emerald,WI ,USA,https://acukwik.com/Airport-Info/85WI
,Pam's Place,Eminence,IN ,USA,https://acukwik.com/Airport-Info/78I
,Patrum Field,Eminence,IN ,USA,https://acukwik.com/Airport-Info/II09
,Palo Alto County Hospital,Emmetsburg,IA ,USA,https://acukwik.com/Airport-Info/IA79
,Get Away Runway,Emmett,KS ,USA,https://acukwik.com/Airport-Info/57KS
,Patterson Field,Emmett,ID ,USA,https://acukwik.com/Airport-Info/29ID
,Sharpe's Strip,Emmett,MI ,USA,https://acukwik.com/Airport-Info/2E2
,Bell,Emmitsburg,MD ,USA,https://acukwik.com/Airport-Info/MD12
,John R Armstrong Memorial Field,Emory,TX ,USA,https://acukwik.com/Airport-Info/67TX
,Empire,Empire,NV ,USA,https://acukwik.com/Airport-Info/18NV
,William B Bolton,Empire,MI ,USA,https://acukwik.com/Airport-Info/Y87
KEMP,Emporia Municipal,Emporia,KS ,USA,https://acukwik.com/Airport-Info/KEMP
,Newman Regional Health,Emporia,KS ,USA,https://acukwik.com/Airport-Info/6KS1
,Southern Virginia Medical Center,Emporia,VA ,USA,https://acukwik.com/Airport-Info/73VA
,A Bar A Ranch,Encampment,WY ,USA,https://acukwik.com/Airport-Info/WY11
,La Esperanza Ranch,Encinal,TX ,USA,https://acukwik.com/Airport-Info/TE29
,Scripps Memorial Hospital,Encinitas,CA ,USA,https://acukwik.com/Airport-Info/CA82
,Geske Airfield,Enderlin,ND ,USA,https://acukwik.com/Airport-Info/ND47
,Bootlegger's,Enfield,CT ,USA,https://acukwik.com/Airport-Info/CT87
,Della,Enfield,CT ,USA,https://acukwik.com/Airport-Info/CT23
,Dunroamin Farms,Enfield,NC ,USA,https://acukwik.com/Airport-Info/76NC
,Walter Storey Field,Enfield,IL ,USA,https://acukwik.com/Airport-Info/LL13
,Hyde County,Engelhard,NC ,USA,https://acukwik.com/Airport-Info/7W6
,Bredlow Farm,England,AR ,USA,https://acukwik.com/Airport-Info/17AR
,Centennial Healthcare Plaza,Englewood,CO ,USA,https://acukwik.com/Airport-Info/CD06
,Mar Bar L Farms,Englishtown,NJ ,USA,https://acukwik.com/Airport-Info/NJ46
KWDG,Enid Woodring Regional,Enid,OK ,USA,https://acukwik.com/Airport-Info/KWDG
,Barber,Enning,SD ,USA,https://acukwik.com/Airport-Info/SD98
,Ennis Municipal,Ennis,TX ,USA,https://acukwik.com/Airport-Info/F41
,Esenada,Ensenada,NM ,USA,https://acukwik.com/Airport-Info/NM48
,B & H Usfs,Enterprise,OR ,USA,https://acukwik.com/Airport-Info/O62
KEDN,Enterprise Municipal,Enterprise,AL ,USA,https://acukwik.com/Airport-Info/KEDN
,Mackie Ranch,Enterprise,UT ,USA,https://acukwik.com/Airport-Info/UT91
,Reds Horse Ranch Usfs,Enterprise,OR ,USA,https://acukwik.com/Airport-Info/68D
,Bryan,Enumclaw,WA ,USA,https://acukwik.com/Airport-Info/WN87
,Tom Matson Enumclaw,Enumclaw,WA ,USA,https://acukwik.com/Airport-Info/WA27
,Ephraim/Gibraltar,Ephraim,WI ,USA,https://acukwik.com/Airport-Info/3D2
KEPH,Ephrata Municipal,Ephrata,WA ,USA,https://acukwik.com/Airport-Info/KEPH
,Bucker Field,Era,TX ,USA,https://acukwik.com/Airport-Info/TE39
,Haddock Field,Erick,OK ,USA,https://acukwik.com/Airport-Info/O13
,X1 Ranch,Ericson,NE ,USA,https://acukwik.com/Airport-Info/8NE5
KEIK,Erie Municipal,Erie,CO ,USA,https://acukwik.com/Airport-Info/KEIK
,Parkland,Erie,CO ,USA,https://acukwik.com/Airport-Info/7CO0
,Presque Isle Bay,Erie,PA ,USA,https://acukwik.com/Airport-Info/C28
,Squadron Field,Erie,KS ,USA,https://acukwik.com/Airport-Info/11K
,Upmc Hamot Bayfront Garage,Erie,PA ,USA,https://acukwik.com/Airport-Info/0PS8
,Works,Erlanger,KY ,USA,https://acukwik.com/Airport-Info/83KY
KERR,Errol,Errol,NH ,USA,https://acukwik.com/Airport-Info/KERR
,Oak Lake Air Strip,Erskine,MN ,USA,https://acukwik.com/Airport-Info/MN42
,Unicoi County Hospital,Erwin,TN ,USA,https://acukwik.com/Airport-Info/62TN
,Tinicum Farms,Erwinna,PA ,USA,https://acukwik.com/Airport-Info/PA79
,Schexnayder,Erwinville,LA ,USA,https://acukwik.com/Airport-Info/66LA
KESC,Delta County,Escanaba,MI ,USA,https://acukwik.com/Airport-Info/KESC
,Lake Wohlford Resort,Escondido,CA ,USA,https://acukwik.com/Airport-Info/8CL1
,Palomar Medical Center,Escondido,CA ,USA,https://acukwik.com/Airport-Info/6CA7
,Ripplinger Strip,Esmond,ND ,USA,https://acukwik.com/Airport-Info/NA33
,Ohkay Owingeh,Espanola,NM ,USA,https://acukwik.com/Airport-Info/E14
,Gar Field,Esperance,NY ,USA,https://acukwik.com/Airport-Info/7NY1
,Bonebender,Essex,NY ,USA,https://acukwik.com/Airport-Info/41NY
,Fetske,Essex,CT ,USA,https://acukwik.com/Airport-Info/CT16
,Philadelphia,Essington,PA ,USA,https://acukwik.com/Airport-Info/9N2
,Piac,Essington,PA ,USA,https://acukwik.com/Airport-Info/10PA
,Cider Run,Estacada,OR ,USA,https://acukwik.com/Airport-Info/OR76
,Estancia Municipal,Estancia,NM ,USA,https://acukwik.com/Airport-Info/E92
,Corkscrew Trace Airpark,Estero,FL ,USA,https://acukwik.com/Airport-Info/1FD4
,Williams Road Helistop,Estero,FL ,USA,https://acukwik.com/Airport-Info/91FA
,E P M C,Estes Park,CO ,USA,https://acukwik.com/Airport-Info/3CO8
,Harpers,Estill,SC ,USA,https://acukwik.com/Airport-Info/02SC
,Torgerson,Ethridge,MT ,USA,https://acukwik.com/Airport-Info/06MT
,Skidmo,Etna,WY ,USA,https://acukwik.com/Airport-Info/33WY
,R M Harris,Eton,GA ,USA,https://acukwik.com/Airport-Info/4GA4
,Bland,Eudora,KS ,USA,https://acukwik.com/Airport-Info/52KS
,Epic Medical Center,Eufaula,OK ,USA,https://acukwik.com/Airport-Info/9OK6
,Fountainhead Lodge Airpark,Eufaula,OK ,USA,https://acukwik.com/Airport-Info/0F7
,Medical Center Barbour,Eufaula,AL ,USA,https://acukwik.com/Airport-Info/AL00
,Drill Field Pad,Eugene,OR ,USA,https://acukwik.com/Airport-Info/05OG
KEUG,Mahlon Sweet Field,Eugene,OR ,USA,https://acukwik.com/Airport-Info/KEUG
,Etowah Fields,Euharlee,GA ,USA,https://acukwik.com/Airport-Info/02GE
,Eunice,Eunice,LA ,USA,https://acukwik.com/Airport-Info/4R7
,Koch,Eunice,LA ,USA,https://acukwik.com/Airport-Info/91LA
,Prop Stop,Eunice,LA ,USA,https://acukwik.com/Airport-Info/LA03
,Eureka,Eureka,NV ,USA,https://acukwik.com/Airport-Info/05U
,Eureka Municipal,Eureka,SD ,USA,https://acukwik.com/Airport-Info/3W8
,Fox Run,Eureka,MO ,USA,https://acukwik.com/Airport-Info/92MO
,Happy Jacks Air Strip,Eureka,WI ,USA,https://acukwik.com/Airport-Info/WI73
,Lt. William M. Milliken/Eureka Municipal,Eureka,KS ,USA,https://acukwik.com/Airport-Info/13K
,Skelton,Eureka,AK ,USA,https://acukwik.com/Airport-Info/3AK1
,Buck Mountain,Eureka Springs,AR ,USA,https://acukwik.com/Airport-Info/18AR
,Hammer Field,Eureka Springs,AR ,USA,https://acukwik.com/Airport-Info/7AR0
,Sky Ranch,Eustace,TX ,USA,https://acukwik.com/Airport-Info/6TA1
,Rose Ranch,Eustis,FL ,USA,https://acukwik.com/Airport-Info/6FD6
,Greene County Hospital & Nursing Home,Eutaw,AL ,USA,https://acukwik.com/Airport-Info/09AL
,Evans Airways,Evans,NY ,USA,https://acukwik.com/Airport-Info/4NK3
,Evanston Regional Hospital,Evanston,WY ,USA,https://acukwik.com/Airport-Info/WY52
,Buzzy Field,Evansville,WI ,USA,https://acukwik.com/Airport-Info/1WI3
,Deaconess Hospital,Evansville,IN ,USA,https://acukwik.com/Airport-Info/16IN
,Plugger,Evansville,IN ,USA,https://acukwik.com/Airport-Info/IN36
,St Mary's Medical Center,Evansville,IN ,USA,https://acukwik.com/Airport-Info/1II6
,Meemos Farm,Evart,MI ,USA,https://acukwik.com/Airport-Info/31MI
,Mathieu Landing,Eveleth,MN ,USA,https://acukwik.com/Airport-Info/MN29
,Sky Harbor,Eveleth,MN ,USA,https://acukwik.com/Airport-Info/9Y5
,Calkins Equipment Company,Everett,WA ,USA,https://acukwik.com/Airport-Info/1WA3
,General Hospital Of Everett,Everett,WA ,USA,https://acukwik.com/Airport-Info/1WA5
,Jim & Julie's,Everett,WA ,USA,https://acukwik.com/Airport-Info/96WA
,Providence Hospital,Everett,WA ,USA,https://acukwik.com/Airport-Info/1WA4
KPAE,Seattle Paine Field International,Everett,WA ,USA,https://acukwik.com/Airport-Info/KPAE
,Upmc Bedford Memorial,Everett,PA ,USA,https://acukwik.com/Airport-Info/35PA
,Oasis Ranger Station-U S Government,Everglades City,FL ,USA,https://acukwik.com/Airport-Info/9FL7
,Greystone,Evergreen,CO ,USA,https://acukwik.com/Airport-Info/70CO
,Hospital Pad,Evergreen,AL ,USA,https://acukwik.com/Airport-Info/0AL3
KGZH,Middleton Field,Evergreen,AL ,USA,https://acukwik.com/Airport-Info/KGZH
,Butler Field,Everson,WA ,USA,https://acukwik.com/Airport-Info/5WA2
,Freedom Lake Center,Evesham,NJ ,USA,https://acukwik.com/Airport-Info/80NJ
,Creekview,Ewing,NE ,USA,https://acukwik.com/Airport-Info/NE73
,Wildhurst Pines,Excelsior,MN ,USA,https://acukwik.com/Airport-Info/1MN4
,Excursion Inlet,Excursion Inlet,AK ,USA,https://acukwik.com/Airport-Info/EXI
,Bentley,Exeter,NH ,USA,https://acukwik.com/Airport-Info/NH32
,Exeter,Exeter,CA ,USA,https://acukwik.com/Airport-Info/CN63
,Ransome,Exton,PA ,USA,https://acukwik.com/Airport-Info/42PA
,Strawbridge & Clothier Exton,Exton,PA ,USA,https://acukwik.com/Airport-Info/04PN
,Eyota,Eyota,MN ,USA,https://acukwik.com/Airport-Info/MY37
,Woodford Airfield,Fabius,NY ,USA,https://acukwik.com/Airport-Info/4NK4
,Strickland Field,Fair Bluff,NC ,USA,https://acukwik.com/Airport-Info/89NC
,Eads Ridge,Fair Grove,MO ,USA,https://acukwik.com/Airport-Info/MO68
,Marshall Field,Fair Grove,MO ,USA,https://acukwik.com/Airport-Info/MO14
,Hut Haven,Fair Haven,NY ,USA,https://acukwik.com/Airport-Info/77NY
,Chena Marina,Fairbanks,AK ,USA,https://acukwik.com/Airport-Info/AK28
,Dalrymple's,Fairbanks,AK ,USA,https://acukwik.com/Airport-Info/31AK
PAFA,Fairbanks International,Fairbanks,AK ,USA,https://acukwik.com/Airport-Info/PAFA
,Lakloey Air Park,Fairbanks,AK ,USA,https://acukwik.com/Airport-Info/AK22
,Moen's Ranch,Fairbanks,AK ,USA,https://acukwik.com/Airport-Info/AK52
,Stark Airstrip,Fairbanks,AK ,USA,https://acukwik.com/Airport-Info/AN05
,Tolovana Hot Springs,Fairbanks,AK ,USA,https://acukwik.com/Airport-Info/83AK
,Clear Creek,Fairbanks /Ft Wainwright,AK ,USA,https://acukwik.com/Airport-Info/2AK2
,Dayton Springfield Emergency Center,Fairborn,OH ,USA,https://acukwik.com/Airport-Info/84OH
,Ficklin-Airtech,Fairbury,IL ,USA,https://acukwik.com/Airport-Info/26IS
,Jefferson County Memorial Hospital,Fairbury,NE ,USA,https://acukwik.com/Airport-Info/17NE
,Waldemer Flying W Ranch,Fairdealing,MO ,USA,https://acukwik.com/Airport-Info/MO58
,Fairfax,Fairfax,OK ,USA,https://acukwik.com/Airport-Info/68OK
,Inova Fair Oaks Hospital,Fairfax,VA ,USA,https://acukwik.com/Airport-Info/74VA
,Air Evac 53,Fairfield,TX ,USA,https://acukwik.com/Airport-Info/2XA8
,Bob-Mar,Fairfield,ME ,USA,https://acukwik.com/Airport-Info/ME20
,Chimney Creek,Fairfield,ID ,USA,https://acukwik.com/Airport-Info/32ID
,Fairfield,Fairfield,MT ,USA,https://acukwik.com/Airport-Info/5U5
KFFL,Fairfield Municipal,Fairfield,IA ,USA,https://acukwik.com/Airport-Info/KFFL
KFWC,Fairfield Municipal,Fairfield,IL ,USA,https://acukwik.com/Airport-Info/KFWC
,Frostenson Field,Fairfield,ID ,USA,https://acukwik.com/Airport-Info/U86
,Karlindo,Fairfield,PA ,USA,https://acukwik.com/Airport-Info/3PN2
,Mid Atlantic Soaring Center,Fairfield,PA ,USA,https://acukwik.com/Airport-Info/W73
,Ozzy's,Fairfield,ID ,USA,https://acukwik.com/Airport-Info/33ID
,Reluctant Gremlin,Fairfield,FL ,USA,https://acukwik.com/Airport-Info/FA09
,Sacred Heart University,Fairfield,CT ,USA,https://acukwik.com/Airport-Info/CT41
,West Desert Airpark,Fairfield,UT ,USA,https://acukwik.com/Airport-Info/UT9
KCQF,H L Sonny Callahan,Fairhope,AL ,USA,https://acukwik.com/Airport-Info/KCQF
,Green Country Airpark,Fairland,OK ,USA,https://acukwik.com/Airport-Info/69OK
,Carr,Fairmont,WV ,USA,https://acukwik.com/Airport-Info/WV65
KFRM,Fairmont Municipal,Fairmont,MN ,USA,https://acukwik.com/Airport-Info/KFRM
KFMZ,Fairmont State,Fairmont,NE ,USA,https://acukwik.com/Airport-Info/KFMZ
,Fairmount,Fairmount,TX ,USA,https://acukwik.com/Airport-Info/71TS
,Sacramento,Fairplay,CO ,USA,https://acukwik.com/Airport-Info/CD38
,Fairview,Fairview,MT ,USA,https://acukwik.com/Airport-Info/5U6
,Fairview Municipal,Fairview,OK ,USA,https://acukwik.com/Airport-Info/6K4
,Faith Municipal,Faith,SD ,USA,https://acukwik.com/Airport-Info/D07
,Vig Limousin,Faith,SD ,USA,https://acukwik.com/Airport-Info/1SD4
KBKS,Brooks County,Falfurrias,TX ,USA,https://acukwik.com/Airport-Info/KBKS
,Cig 402,Falfurrias,TX ,USA,https://acukwik.com/Airport-Info/98TX
,Roach Farm,Fall Branch,TN ,USA,https://acukwik.com/Airport-Info/65TN
,Charlton Memorial Hospital,Fall River,MA ,USA,https://acukwik.com/Airport-Info/MA31
,Fallbrook Community Airpark,Fallbrook,CA ,USA,https://acukwik.com/Airport-Info/L18
,Banner Churchill Community Hospital,Fallon,NV ,USA,https://acukwik.com/Airport-Info/NV26
,Dixie Valley,Fallon,NV ,USA,https://acukwik.com/Airport-Info/NV30
KNFL,Fallon NAS (Van Voorhis Field),Fallon,NV ,USA,https://acukwik.com/Airport-Info/KNFL
KFNB,Brenner Field,Falls City,NE ,USA,https://acukwik.com/Airport-Info/KFNB
,Community Medical Center,Falls City,NE ,USA,https://acukwik.com/Airport-Info/NE52
,Fallston,Fallston,MD ,USA,https://acukwik.com/Airport-Info/W42
,Dave Libby,Falmouth,ME ,USA,https://acukwik.com/Airport-Info/64ME
,Falmouth Airpark,Falmouth,MA ,USA,https://acukwik.com/Airport-Info/5B6
,Gene Snyder,Falmouth,KY ,USA,https://acukwik.com/Airport-Info/K62
,False Island,False Island,AK ,USA,https://acukwik.com/Airport-Info/2Z6
,Poso-Kern County,Famoso,CA ,USA,https://acukwik.com/Airport-Info/L73
,Peninsula Hospital Center,Far Rockaway,NY ,USA,https://acukwik.com/Airport-Info/15NY
PAFK,Farewell Lake,Farewell Lake,AK ,USA,https://acukwik.com/Airport-Info/PAFK
,Essentia Health Fargo,Fargo,ND ,USA,https://acukwik.com/Airport-Info/ND45
KFAR,Hector International Fargo,Fargo,ND ,USA,https://acukwik.com/Airport-Info/KFAR
,Sanford Health,Fargo,ND ,USA,https://acukwik.com/Airport-Info/ND48
,Bahnsen,Faribault,MN ,USA,https://acukwik.com/Airport-Info/MY96
KFBL,Faribault Municipal,Faribault,MN ,USA,https://acukwik.com/Airport-Info/KFBL
,Niklaus,Farmer City,IL ,USA,https://acukwik.com/Airport-Info/IS26
,Shure,Farmersburg,IN ,USA,https://acukwik.com/Airport-Info/IN57
,Murphy Farms,Farmersville,IL ,USA,https://acukwik.com/Airport-Info/70IL
,Short Stop,Farmersville,TX ,USA,https://acukwik.com/Airport-Info/8TA5
,Union Parish,Farmerville,LA ,USA,https://acukwik.com/Airport-Info/F87
,Cruz Farm,Farmingdale,NJ ,USA,https://acukwik.com/Airport-Info/74NJ
,Howell Township Police,Farmingdale,NJ ,USA,https://acukwik.com/Airport-Info/63NJ
,Chorman,Farmington,DE ,USA,https://acukwik.com/Airport-Info/D74
KFAM,Farmington Regional,Farmington,MO ,USA,https://acukwik.com/Airport-Info/KFAM
KFMN,Four Corners Regional,Farmington,NM ,USA,https://acukwik.com/Airport-Info/KFMN
,Hall,Farmington,MN ,USA,https://acukwik.com/Airport-Info/69MY
,Jennrich Field,Farmington,MN ,USA,https://acukwik.com/Airport-Info/MN45
,Nemacolin,Farmington,PA ,USA,https://acukwik.com/Airport-Info/PA88
,Nielsen's,Farmington,MN ,USA,https://acukwik.com/Airport-Info/MY97
,Rtx Farmington,Farmington,CT ,USA,https://acukwik.com/Airport-Info/CT71
,Uconn Health,Farmington,CT ,USA,https://acukwik.com/Airport-Info/CT75
,Willaview,Farmington,DE ,USA,https://acukwik.com/Airport-Info/2DE2
,Express,Farmington Hills,MI ,USA,https://acukwik.com/Airport-Info/MI81
KFVX,Farmville Regional,Farmville,VA ,USA,https://acukwik.com/Airport-Info/KFVX
,Providence,Farmville,VA ,USA,https://acukwik.com/Airport-Info/05VA
,Raby Airpark,Farragut,TN ,USA,https://acukwik.com/Airport-Info/8TN3
,Witbeck Aerodrone,Farwell,MI ,USA,https://acukwik.com/Airport-Info/4MI7
,5-State,Fate,TX ,USA,https://acukwik.com/Airport-Info/TE82
,Lawlor-Justus,Faucett,MO ,USA,https://acukwik.com/Airport-Info/9MO3
,Faulkton Municipal,Faulkton,SD ,USA,https://acukwik.com/Airport-Info/3FU
,Fayette Medical Center,Fayette,AL ,USA,https://acukwik.com/Airport-Info/3AL0
,5 Lakes,Fayetteville,PA ,USA,https://acukwik.com/Airport-Info/PA81
,Beard,Fayetteville,NC ,USA,https://acukwik.com/Airport-Info/73NC
,Beck Field,Fayetteville,GA ,USA,https://acukwik.com/Airport-Info/GA92
,Coleman Field,Fayetteville,GA ,USA,https://acukwik.com/Airport-Info/GA95
,Eastover Air Ranch,Fayetteville,NC ,USA,https://acukwik.com/Airport-Info/6NC3
KFYM,Fayetteville Municipal,Fayetteville,TN ,USA,https://acukwik.com/Airport-Info/KFYM
,Georgia Baptist Urgent Care,Fayetteville,GA ,USA,https://acukwik.com/Airport-Info/2GE2
,Grays Creek,Fayetteville,NC ,USA,https://acukwik.com/Airport-Info/2GC
,Mc Lendon,Fayetteville,GA ,USA,https://acukwik.com/Airport-Info/GA94
KPOB,Pope AFB,Fayetteville,NC ,USA,https://acukwik.com/Airport-Info/KPOB
,Sprint/Carolina Telephone,Fayetteville,NC ,USA,https://acukwik.com/Airport-Info/5NC9
,Walker Field,Fayetteville,GA ,USA,https://acukwik.com/Airport-Info/GA90
,Wedington Woods,Fayetteville,AR ,USA,https://acukwik.com/Airport-Info/67AR
,Windemere,Fayetteville,NC ,USA,https://acukwik.com/Airport-Info/47NC
,Feather River,Feather River,AK ,USA,https://acukwik.com/Airport-Info/3Z1
,Southfork,Feathervlle,ID ,USA,https://acukwik.com/Airport-Info/23ID
,Oak Grove Farm,Federalsburg,MD ,USA,https://acukwik.com/Airport-Info/5MD4
,Fellsmere,Fellsmere,FL ,USA,https://acukwik.com/Airport-Info/4FL3
,Albanna Aviation,Felton,DE ,USA,https://acukwik.com/Airport-Info/28DE
,Doyle's,Felton,DE ,USA,https://acukwik.com/Airport-Info/DE00
,High Lonesome,Fence Lake,NM ,USA,https://acukwik.com/Airport-Info/NM91
,Fentress Airpark,Fentress,TX ,USA,https://acukwik.com/Airport-Info/XS90
,Wenlock Crossing,Ferdinand,VT ,USA,https://acukwik.com/Airport-Info/VT40
,Baptist Medical Center Of Nassau,Fernandina Beach,FL ,USA,https://acukwik.com/Airport-Info/FD91
,Flying-A,Fernandina Beach,FL ,USA,https://acukwik.com/Airport-Info/FL84
,Meadow Mist,Ferndale,WA ,USA,https://acukwik.com/Airport-Info/WN35
,River Bend Ranch,Ferndale,MT ,USA,https://acukwik.com/Airport-Info/2MT4
,Hite,Ferney,SD ,USA,https://acukwik.com/Airport-Info/SD49
,Concordia Parish Hospital Service Dist No 1,Ferriday,LA ,USA,https://acukwik.com/Airport-Info/LS50
,Ferris Red Oak Municipal,Ferris/Red Oak,TX ,USA,https://acukwik.com/Airport-Info/12T
,Fertile Municipal,Fertile,MN ,USA,https://acukwik.com/Airport-Info/D14
,Aire Parque,Festus,MO ,USA,https://acukwik.com/Airport-Info/42MO
,Flying Gluepie Ranch,Fiddletown,CA ,USA,https://acukwik.com/Airport-Info/74CA
,Whitehorse Ranch,Fields,OR ,USA,https://acukwik.com/Airport-Info/OR09
,Huddleston,Filer,ID ,USA,https://acukwik.com/Airport-Info/27ID
KFOM,Fillmore Municipal,Fillmore,UT ,USA,https://acukwik.com/Airport-Info/KFOM
,Rotorcraft Support Inc/Rsi,Fillmore,CA ,USA,https://acukwik.com/Airport-Info/CN67
,William Shells Company,Fillmore,CA ,USA,https://acukwik.com/Airport-Info/6CL3
,Fincastle,Fincastle,VA ,USA,https://acukwik.com/Airport-Info/VA83
,Berg Field,Findlay,OH ,USA,https://acukwik.com/Airport-Info/OH98
,Enoch,Findlay,IL ,USA,https://acukwik.com/Airport-Info/35IS
,Ferrell,Findlay,OH ,USA,https://acukwik.com/Airport-Info/9OH8
,Lutz,Findlay,OH ,USA,https://acukwik.com/Airport-Info/9OH7
,Reservoir,Finksburg,MD ,USA,https://acukwik.com/Airport-Info/MD95
,Firebaugh,Firebaugh,CA ,USA,https://acukwik.com/Airport-Info/F34
,Rhoads,Firestone,CO ,USA,https://acukwik.com/Airport-Info/CO57
,Cherry,Firth,NE ,USA,https://acukwik.com/Airport-Info/NE05
,Fish Lake /Usfs,Fish Lake,ID ,USA,https://acukwik.com/Airport-Info/S92
,Elizabeth Field,Fishers Island,NY ,USA,https://acukwik.com/Airport-Info/0B8
,Planeacres,Fisk,WI ,USA,https://acukwik.com/Airport-Info/2WN7
KFIT,Fitchburg Municipal,Fitchburg,MA ,USA,https://acukwik.com/Airport-Info/KFIT
,Dorminy Medical Center,Fitzgerald,GA ,USA,https://acukwik.com/Airport-Info/9GA7
,Five Finger Cg,Five Finger,AK ,USA,https://acukwik.com/Airport-Info/2AK3
,Flagler Aerial Spraying Inc,Flagler,CO ,USA,https://acukwik.com/Airport-Info/CO00
,Flagstaff Medical Center East No 2,Flagstaff,AZ ,USA,https://acukwik.com/Airport-Info/3AZ0
,Flandreau Medical Center,Flandreau,SD ,USA,https://acukwik.com/Airport-Info/SD67
,Flat,Flat,AK ,USA,https://acukwik.com/Airport-Info/FLT
,Leon's Landing,Flat Rock,AL ,USA,https://acukwik.com/Airport-Info/4AL7
,Piano Ranch,Flatonia,TX ,USA,https://acukwik.com/Airport-Info/2TE5
,Fleming County Hospital,Flemingsburg,KY ,USA,https://acukwik.com/Airport-Info/0JY9
,Arrow Airpark,Flemington,MO ,USA,https://acukwik.com/Airport-Info/14MO
,The Landing,Flemington,NJ ,USA,https://acukwik.com/Airport-Info/NJ50
,Flicksville,Flicksville,PA ,USA,https://acukwik.com/Airport-Info/4PA0
KFNT,Bishop International,Flint,MI ,USA,https://acukwik.com/Airport-Info/KFNT
,Mclaren Flint,Flint,MI ,USA,https://acukwik.com/Airport-Info/MI04
,Pine Mountain Airpark,Flippin,AR ,USA,https://acukwik.com/Airport-Info/6AR9
,Flomaton,Flomaton,AL ,USA,https://acukwik.com/Airport-Info/0AL5
,Clay County Hospital,Flora,IL ,USA,https://acukwik.com/Airport-Info/30IL
KFOA,Flora Municipal,Flora,IL ,USA,https://acukwik.com/Airport-Info/KFOA
,Gilbertson Field,Flora,ND ,USA,https://acukwik.com/Airport-Info/0ND0
,Florala Emergency Helipad,Florala,AL ,USA,https://acukwik.com/Airport-Info/7AL8
,Florala Municipal,Florala,AL ,USA,https://acukwik.com/Airport-Info/0J4
,Buttermilk Air Strip,Florence,TX ,USA,https://acukwik.com/Airport-Info/81XA
,Florence Municipal,Florence,OR ,USA,https://acukwik.com/Airport-Info/6S2
,Lake Woahink,Florence,OR ,USA,https://acukwik.com/Airport-Info/1O0
,North Alabama Medical Center,Florence,AL ,USA,https://acukwik.com/Airport-Info/40AL
,Pier 126,Florence,OR ,USA,https://acukwik.com/Airport-Info/OG57
,Triad Carolinas Hospital,Florence,SC ,USA,https://acukwik.com/Airport-Info/33SC
,Wilson Creek,Florence,AL ,USA,https://acukwik.com/Airport-Info/0AL9
,Circle P Ranch,Floresville,TX ,USA,https://acukwik.com/Airport-Info/82XS
,Patton Air Park,Floresville,TX ,USA,https://acukwik.com/Airport-Info/TT05
,Ray Farm,Floresville,TX ,USA,https://acukwik.com/Airport-Info/1TE7
,Florham Park,Florham Park,NJ ,USA,https://acukwik.com/Airport-Info/NJ51
,Christian Hospital Northeast,Florissant,MO ,USA,https://acukwik.com/Airport-Info/0MU2
,Shiloh,Flower Mound,TX ,USA,https://acukwik.com/Airport-Info/0TX5
,Flowood Industrial,Flowood,MS ,USA,https://acukwik.com/Airport-Info/MS90
,Alum Ridge,Floyd,VA ,USA,https://acukwik.com/Airport-Info/09VA
,Floydada Municipal,Floydada,TX ,USA,https://acukwik.com/Airport-Info/41F
,Dalton,Flushing,MI ,USA,https://acukwik.com/Airport-Info/3DA
,Bass Field,Foley,AL ,USA,https://acukwik.com/Airport-Info/02AL
,Foley Municipal,Foley,AL ,USA,https://acukwik.com/Airport-Info/5R4
,Resort,Foley,AL ,USA,https://acukwik.com/Airport-Info/0AL1
,Okefenokee,Folkston,GA ,USA,https://acukwik.com/Airport-Info/3GE1
,Mercy Hospital Of Folsom,Folsom,CA ,USA,https://acukwik.com/Airport-Info/CN16
,Unicorn,Folsom,LA ,USA,https://acukwik.com/Airport-Info/LA26
,St Agnes Hospital,Fond Du Lac,WI ,USA,https://acukwik.com/Airport-Info/WI48
,Kaiser Hospital,Fontana,CA ,USA,https://acukwik.com/Airport-Info/94CA
,Nj Hwy Auth-Admin Bldg Helispot,Fords,NJ ,USA,https://acukwik.com/Airport-Info/NJ53
,Fordville,Fordville,ND ,USA,https://acukwik.com/Airport-Info/ND14
,Fordyce Municipal,Fordyce,AR ,USA,https://acukwik.com/Airport-Info/5M4
,New London,Forest,VA ,USA,https://acukwik.com/Airport-Info/W90
KFXY,Forest City Municipal,Forest City,IA ,USA,https://acukwik.com/Airport-Info/KFXY
,Silver Creek Ranch,Forest Glen,CA ,USA,https://acukwik.com/Airport-Info/41CA
,Teufel,Forest Grove,OR ,USA,https://acukwik.com/Airport-Info/04OG
,Forest Hill,Forest Hill,MD ,USA,https://acukwik.com/Airport-Info/MD31
,Forest Lake,Forest Lake,MN ,USA,https://acukwik.com/Airport-Info/25D
,Hamilton County Sheriff's Patrol,Forest Park,OH ,USA,https://acukwik.com/Airport-Info/0OH3
,Bird Dog Landing,Forestburg,TX ,USA,https://acukwik.com/Airport-Info/64XA
,H & H Aviation Service Inc,Forestville,NY ,USA,https://acukwik.com/Airport-Info/NK65
,Judy Ranch,Forgan,OK ,USA,https://acukwik.com/Airport-Info/OK39
,Woodliff Airpark,Foristell,MO ,USA,https://acukwik.com/Airport-Info/98MO
,Greene County Steam Plant,Forkland,AL ,USA,https://acukwik.com/Airport-Info/9AL5
,Forks Community Hospital,Forks,WA ,USA,https://acukwik.com/Airport-Info/53WT
,Sunset,Forney,TX ,USA,https://acukwik.com/Airport-Info/TA18
,Curtis And Curtis,Forrest,NM ,USA,https://acukwik.com/Airport-Info/65NM
KFCY,Hutfly,Forrest City,AR ,USA,https://acukwik.com/Airport-Info/KFCY
,Georgia Public Safety Training Center,Forsyth,GA ,USA,https://acukwik.com/Airport-Info/90GA
,Tillitt Field,Forsyth,MT ,USA,https://acukwik.com/Airport-Info/1S3
,Blackhawk Island,Fort Atkinson,WI ,USA,https://acukwik.com/Airport-Info/1WI9
,Christie Aerodrome,Fort Atkinson,WI ,USA,https://acukwik.com/Airport-Info/WS49
,Fort Memorial Hospital,Fort Atkinson,WI ,USA,https://acukwik.com/Airport-Info/WS34
,Oakbrook,Fort Atkinson,WI ,USA,https://acukwik.com/Airport-Info/47WI
,Fort Belvoir Community Hospital,Fort Belvoir,VA ,USA,https://acukwik.com/Airport-Info/VG93
,Fort Benton,Fort Benton,MT ,USA,https://acukwik.com/Airport-Info/79S
,Fort Bragg,Fort Bragg,CA ,USA,https://acukwik.com/Airport-Info/82CL
KFBR,Fort Bridger,Fort Bridger,WY ,USA,https://acukwik.com/Airport-Info/KFBR
,Heaton,Fort Calhoun,NE ,USA,https://acukwik.com/Airport-Info/75NE
KFCS,Butts AAF (Fort Carson),Fort Carson,CO ,USA,https://acukwik.com/Airport-Info/KFCS
,Shorthorn Aux Landing Strip,Fort Cavazos (Killeen),TX ,USA,https://acukwik.com/Airport-Info/23XS
KAZU,Arrowhead Assault Strip,Fort Chaffee,AR ,USA,https://acukwik.com/Airport-Info/KAZU
,Banner Fort Collins Medical Center,Fort Collins,CO ,USA,https://acukwik.com/Airport-Info/57CO
,Christman Field,Fort Collins,CO ,USA,https://acukwik.com/Airport-Info/CO55
,John Galt,Fort Collins,CO ,USA,https://acukwik.com/Airport-Info/CO86
,North Arrow,Fort Collins,CO ,USA,https://acukwik.com/Airport-Info/CD46
,Poudre Valley Hospital,Fort Collins,CO ,USA,https://acukwik.com/Airport-Info/CD07
,Poudre Valley Hospital G1,Fort Collins,CO ,USA,https://acukwik.com/Airport-Info/27CO
,Yankee Field,Fort Collins,CO ,USA,https://acukwik.com/Airport-Info/CO53
,Fort Detrick Helipad,Fort Detrick (Frederick),MD ,USA,https://acukwik.com/Airport-Info/MD32
,Trinity Regional Medical Center,Fort Dodge,IA ,USA,https://acukwik.com/Airport-Info/IA74
KGTB,Wheeler Sack AAF,Fort Drum,NY ,USA,https://acukwik.com/Airport-Info/KGTB
,Papp Airpark,Fort Edward,NY ,USA,https://acukwik.com/Airport-Info/16NY
,Fort Fairfield,Fort Fairfield,ME ,USA,https://acukwik.com/Airport-Info/ME00
,Trinchera Ranch Airstrip,Fort Garland,CO ,USA,https://acukwik.com/Airport-Info/CO92
,Keystone,Fort Hill,PA ,USA,https://acukwik.com/Airport-Info/9PA7
KFHU,Sierra Vista Municipal/Libby AAF,Fort Huachuca,AZ ,USA,https://acukwik.com/Airport-Info/KFHU
KMUI,Muir AAF (Fort Indiantown Gap),Fort Indiantown Gap (Annville),PA ,USA,https://acukwik.com/Airport-Info/KMUI
,Fort Jackson Helipad,Fort Jackson,SC ,USA,https://acukwik.com/Airport-Info/SC11
,Amsterdam Airfield,Fort Johnson,NY ,USA,https://acukwik.com/Airport-Info/NY87
,Scott Valley,Fort Jones,CA ,USA,https://acukwik.com/Airport-Info/A30
,Sunrise Farms,Fort Kent,ME ,USA,https://acukwik.com/Airport-Info/ME25
,Broward Health Medical Center,Fort Lauderdale,FL ,USA,https://acukwik.com/Airport-Info/6FD8
,City Of Fort Lauderdale,Fort Lauderdale,FL ,USA,https://acukwik.com/Airport-Info/30FD
,Downtown Fort Lauderdale,Fort Lauderdale,FL ,USA,https://acukwik.com/Airport-Info/DT1
KFXE,Fort Lauderdale Executive,Fort Lauderdale,FL ,USA,https://acukwik.com/Airport-Info/KFXE
,Port Everglades,Fort Lauderdale,FL ,USA,https://acukwik.com/Airport-Info/2FD4
,Fort Lee Ahp 3(Qrtmst Cen),Fort Lee,VA ,USA,https://acukwik.com/Airport-Info/VA39
,George Washington Bridge,Fort Lee,NJ ,USA,https://acukwik.com/Airport-Info/NJ54
KTBN,Waynesville St Robert Regional/Forney Field,Fort Leonard Wood,MO ,USA,https://acukwik.com/Airport-Info/KTBN
KGRF,Gray AAF,Fort Lewis/Tacoma,WA ,USA,https://acukwik.com/Airport-Info/KGRF
,Halliburton Office,Fort Lupton,CO ,USA,https://acukwik.com/Airport-Info/CO09
KFSW,Fort Madison Municipal,Fort Madison,IA ,USA,https://acukwik.com/Airport-Info/KFSW
,Young Tactical Landing Site,Fort Mc Coy,WI ,USA,https://acukwik.com/Airport-Info/WS20
,6 Mile Airpark,Fort Mckavett,TX ,USA,https://acukwik.com/Airport-Info/06TT
,Kothmann Ranch,Fort Mckavett,TX ,USA,https://acukwik.com/Airport-Info/0XA1
,Fort Mcpherson,Fort Mcpherson,GA ,USA,https://acukwik.com/Airport-Info/GA96
,Jubilee Acres,Fort Meade,FL ,USA,https://acukwik.com/Airport-Info/FD10
,Villa Char Mar,Fort Meade,FL ,USA,https://acukwik.com/Airport-Info/1FA9
,Waters,Fort Meade,FL ,USA,https://acukwik.com/Airport-Info/FD62
KFME,Fort Meade (Odenton) Tipton,Fort Meade (Odenton),MD ,USA,https://acukwik.com/Airport-Info/KFME
,Greely Helipad,Fort Monmouth,NJ ,USA,https://acukwik.com/Airport-Info/NJ55
KLSF,Lawson Aaf (Fort Moore),Fort Moore (Columbus),GA ,USA,https://acukwik.com/Airport-Info/KLSF
,Colorado Plains Medical Center,Fort Morgan,CO ,USA,https://acukwik.com/Airport-Info/0CD1
KFMM,Fort Morgan Municipal,Fort Morgan,CO ,USA,https://acukwik.com/Airport-Info/KFMM
,Buckingham Field,Fort Myers,FL ,USA,https://acukwik.com/Airport-Info/FL59
,Caloosa Downtown,Fort Myers,FL ,USA,https://acukwik.com/Airport-Info/29FA
,Gulf Coast Hospital,Fort Myers,FL ,USA,https://acukwik.com/Airport-Info/67FD
,Healthpark Of Florida Emergency Helistop,Fort Myers,FL ,USA,https://acukwik.com/Airport-Info/3FL9
,Lee Memorial Hospital Emergency,Fort Myers,FL ,USA,https://acukwik.com/Airport-Info/FD67
,Mp25,Fort Myers,FL ,USA,https://acukwik.com/Airport-Info/FL26
KFMY,Page Field,Fort Myers,FL ,USA,https://acukwik.com/Airport-Info/KFMY
,Pine Island,Fort Myers,FL ,USA,https://acukwik.com/Airport-Info/1FA3
,Pine Shadows Airpark,Fort Myers,FL ,USA,https://acukwik.com/Airport-Info/94FL
,Salty Approach,Fort Myers,FL ,USA,https://acukwik.com/Airport-Info/FL90
,Southern Machine & Steel Yard,Fort Myers,FL ,USA,https://acukwik.com/Airport-Info/41FL
KRSW,Southwest Florida International ,Fort Myers,FL ,USA,https://acukwik.com/Airport-Info/KRSW
,Strayhorn Ranch,Fort Myers,FL ,USA,https://acukwik.com/Airport-Info/47FD
,Tranquility Bay Strip,Fort Myers,FL ,USA,https://acukwik.com/Airport-Info/4FA3
,Woodstock,Fort Myers,FL ,USA,https://acukwik.com/Airport-Info/FL86
,Bailey Air,Fort Necessity,LA ,USA,https://acukwik.com/Airport-Info/LA04
KHEY,Hanchey Ahp (Fort Novosel),Fort Novasel (Ozark),AL ,USA,https://acukwik.com/Airport-Info/KHEY
KSXS,Shell Ahp,Fort Novosel,AL ,USA,https://acukwik.com/Airport-Info/KSXS
,Toth Stagefield AHP,Fort Novosel (Dothan),AL ,USA,https://acukwik.com/Airport-Info/24AL
,Runkle Stagefield AHP,Fort Novosel (Elba),AL ,USA,https://acukwik.com/Airport-Info/20AL
,Lucas Ahp,Fort Novosel (Goodman),AL ,USA,https://acukwik.com/Airport-Info/25AL
,Highbluff Ahp,Fort Novosel (Hartford),AL ,USA,https://acukwik.com/Airport-Info/14AL
,Highfalls Stagefield Ahp,Fort Novosel (Hartford),AL ,USA,https://acukwik.com/Airport-Info/15AL
,Goldberg Stagefield Ahp,Fort Novosel (Kirklands Crossroads),AL ,USA,https://acukwik.com/Airport-Info/12AL
,Louisville Stagefield Ahp,Fort Novosel (Louisville),AL ,USA,https://acukwik.com/Airport-Info/18AL
,Brown Stagefield AHP,Fort Novosel (New Brockton),AL ,USA,https://acukwik.com/Airport-Info/06AL
,Stinson Stagefield AHP,Fort Novosel (New Brockton),AL ,USA,https://acukwik.com/Airport-Info/22AL
,Skelly Stagefield AHP,Fort Novosel (Opp),AL ,USA,https://acukwik.com/Airport-Info/21AL
KOZR,Cairns Aaf (Fort Novosel),Fort Novosel (Ozark),AL ,USA,https://acukwik.com/Airport-Info/KOZR
,Ech Stagefield AHP,Fort Novosel (Ozark),AL ,USA,https://acukwik.com/Airport-Info/11AL
,Hatch Ahp,Fort Novosel (Ozark),AL ,USA,https://acukwik.com/Airport-Info/13AL
,Hooper Stagefield Ahp,Fort Novosel (Ozark),AL ,USA,https://acukwik.com/Airport-Info/16AL
KFHK,Knox Ahp,Fort Novosel (Ozark),AL ,USA,https://acukwik.com/Airport-Info/KFHK
KLOR,Lowe Ahp (Fort Novosel),Fort Novosel (Ozark),AL ,USA,https://acukwik.com/Airport-Info/KLOR
,Molinelli Stagefield Ahp,Fort Novosel (Ozark),AL ,USA,https://acukwik.com/Airport-Info/19AL
,Tabernacle Stagefield Ahp,Fort Novosel (Ozark),AL ,USA,https://acukwik.com/Airport-Info/23AL
,Tac X Stagefield Ahp,Fort Novosel (Samson),AL ,USA,https://acukwik.com/Airport-Info/07AL
,Allen Stagefield Ahp,Fort Novosel (Wicksburg),AL ,USA,https://acukwik.com/Airport-Info/05AL
,Hunt Ahp,Fort Novosel/Newton,AL ,USA,https://acukwik.com/Airport-Info/17AL
,Dekalb Regional Medical Center,Fort Payne,AL ,USA,https://acukwik.com/Airport-Info/0AL4
,Flying J Ranch,Fort Payne,AL ,USA,https://acukwik.com/Airport-Info/2AL5
,Isbell Field,Fort Payne,AL ,USA,https://acukwik.com/Airport-Info/4A9
,Fort Peck,Fort Peck,MT ,USA,https://acukwik.com/Airport-Info/37S
,Aas,Fort Pierce,FL ,USA,https://acukwik.com/Airport-Info/FA28
,Aero Acres,Fort Pierce,FL ,USA,https://acukwik.com/Airport-Info/FD88
,Baggett,Fort Pierce,FL ,USA,https://acukwik.com/Airport-Info/FD57
,Dragonfly,Fort Pierce,FL ,USA,https://acukwik.com/Airport-Info/7FL8
,Evans Properties Inc,Fort Pierce,FL ,USA,https://acukwik.com/Airport-Info/FL67
,Fort Pierce,Fort Pierce,FL ,USA,https://acukwik.com/Airport-Info/1FL
,Fp & L Nuclear Power Plant,Fort Pierce,FL ,USA,https://acukwik.com/Airport-Info/75FD
,Hales 700,Fort Pierce,FL ,USA,https://acukwik.com/Airport-Info/FL29
,Hca Florida Lawnwood Hospital,Fort Pierce,FL ,USA,https://acukwik.com/Airport-Info/FD19
,Southeastern,Fort Pierce,FL ,USA,https://acukwik.com/Airport-Info/FD30
KFPR,Treasure Coast International,Fort Pierce,FL ,USA,https://acukwik.com/Airport-Info/KFPR
,Hickory Acres,Fort Plain,NY ,USA,https://acukwik.com/Airport-Info/NY88
,Hop House Airpark,Fort Plain,NY ,USA,https://acukwik.com/Airport-Info/11NK
,Nautical Mile,Fort Plain,NY ,USA,https://acukwik.com/Airport-Info/5NK6
,Nellis Field,Fort Plain,NY ,USA,https://acukwik.com/Airport-Info/NY20
,Tomcat,Fort Plain,NY ,USA,https://acukwik.com/Airport-Info/44NY
KPOE,Makf AAF,Fort Polk,LA ,USA,https://acukwik.com/Airport-Info/KPOE
PAFR,Bryant AAF,Fort Richardson/Anchorage,AK ,USA,https://acukwik.com/Airport-Info/PAFR
KFRI,Marshall AAF,Fort Riley (Junction City),KS ,USA,https://acukwik.com/Airport-Info/KFRI
KFSK,Fort Scott Municipal,Fort Scott,KS ,USA,https://acukwik.com/Airport-Info/KFSK
,Goans Field,Fort Scott,KS ,USA,https://acukwik.com/Airport-Info/5KS4
KFSI,Henry Post AAF,Fort Sill,OK ,USA,https://acukwik.com/Airport-Info/KFSI
,Fort Smith Landing Strip,Fort Smith,MT ,USA,https://acukwik.com/Airport-Info/5U7
KFSM,Fort Smith Regional,Fort Smith,AR ,USA,https://acukwik.com/Airport-Info/KFSM
,Mercy Hospital Fort Smith,Fort Smith,AR ,USA,https://acukwik.com/Airport-Info/AR21
,Pale Morning Dun Ranch,Fort Smith,MT ,USA,https://acukwik.com/Airport-Info/9MT0
,Sparks Regional Medical Center,Fort Smith,AR ,USA,https://acukwik.com/Airport-Info/AR40
,Allison Ranch,Fort Stockton,TX ,USA,https://acukwik.com/Airport-Info/4TS7
KFST,Fort Stockton-Pecos County,Fort Stockton,TX ,USA,https://acukwik.com/Airport-Info/KFST
,Double V Ranch,Fort Sumner,NM ,USA,https://acukwik.com/Airport-Info/NM38
KFSU,Fort Sumner Municipal,Fort Sumner,NM ,USA,https://acukwik.com/Airport-Info/KFSU
,Regeneration,Fort Thomas,AZ ,USA,https://acukwik.com/Airport-Info/5AZ9
,St Elizabeth-Ft Thomas Hospital,Fort Thomas,KY ,USA,https://acukwik.com/Airport-Info/46KY
,Miami Valley Farm,Fort Valley,GA ,USA,https://acukwik.com/Airport-Info/GA99
,Peachtree Landings,Fort Valley,GA ,USA,https://acukwik.com/Airport-Info/5GE1
,Bach Helipad,Fort Wainwrite,AK ,USA,https://acukwik.com/Airport-Info/8AK0
,Hca Florida Fort Walton-Destin Hospital,Fort Walton Beach,FL ,USA,https://acukwik.com/Airport-Info/FD45
,Fort Washington Medical Center,Fort Washington,MD ,USA,https://acukwik.com/Airport-Info/MD72
,Rorer Group,Fort Washington,PA ,USA,https://acukwik.com/Airport-Info/8PN8
,Adderly's Pad,Fort Wayne,IN ,USA,https://acukwik.com/Airport-Info/1IN8
,Dupont Hospital,Fort Wayne,IN ,USA,https://acukwik.com/Airport-Info/9IN5
KFWA,Fort Wayne International,Fort Wayne,IN ,USA,https://acukwik.com/Airport-Info/KFWA
,Fort Wayne-District Operations,Fort Wayne,IN ,USA,https://acukwik.com/Airport-Info/5II7
,Freedom,Fort Wayne,IN ,USA,https://acukwik.com/Airport-Info/28IN
,Haven Center,Fort Wayne,IN ,USA,https://acukwik.com/Airport-Info/26IN
,Old Glory Field,Fort Wayne,IN ,USA,https://acukwik.com/Airport-Info/34IN
,Parkview Memorial Hospital,Fort Wayne,IN ,USA,https://acukwik.com/Airport-Info/1II7
,Parkview Regional Medical Center,Fort Wayne,IN ,USA,https://acukwik.com/Airport-Info/IN97
KSMD,Smith Field,Fort Wayne,IN ,USA,https://acukwik.com/Airport-Info/KSMD
,St Joseph Medical Center,Fort Wayne,IN ,USA,https://acukwik.com/Airport-Info/13II
,The Lutheran Hosp Of Indiana,Fort Wayne,IN ,USA,https://acukwik.com/Airport-Info/64II
,Bradley,Fort White,FL ,USA,https://acukwik.com/Airport-Info/FD31
,Baylor Scott & White All Saints Med Ctr - Ft Worth,Fort Worth,TX ,USA,https://acukwik.com/Airport-Info/XA18
,Beechwood,Fort Worth,TX ,USA,https://acukwik.com/Airport-Info/TX65
,Bell South Airfield,Fort Worth,TX ,USA,https://acukwik.com/Airport-Info/XS04
,Bell Training Facility,Fort Worth,TX ,USA,https://acukwik.com/Airport-Info/3XS7
,Bourland Field,Fort Worth,TX ,USA,https://acukwik.com/Airport-Info/50F
,Cook Children's Medical Center,Fort Worth,TX ,USA,https://acukwik.com/Airport-Info/XA36
,Flying Oaks,Fort Worth,TX ,USA,https://acukwik.com/Airport-Info/2TE2
KAFW,Fort Worth Alliance,Fort Worth,TX ,USA,https://acukwik.com/Airport-Info/KAFW
KFTW,Fort Worth Meacham International,Fort Worth,TX ,USA,https://acukwik.com/Airport-Info/KFTW
KNFW,Fort Worth NAS JRB (Carswell Field),Fort Worth,TX ,USA,https://acukwik.com/Airport-Info/KNFW
KFWS,Fort Worth Spinks,Fort Worth,TX ,USA,https://acukwik.com/Airport-Info/KFWS
,Fuller,Fort Worth,TX ,USA,https://acukwik.com/Airport-Info/TS00
,Harris Hospital,Fort Worth,TX ,USA,https://acukwik.com/Airport-Info/TE30
,Harris Methodist Southwest Helistop,Fort Worth,TX ,USA,https://acukwik.com/Airport-Info/51TA
,Hdc1,Fort Worth,TX ,USA,https://acukwik.com/Airport-Info/TA92
,Helibarn Landing,Fort Worth,TX ,USA,https://acukwik.com/Airport-Info/97XA
,Hicks Airfield,Fort Worth,TX ,USA,https://acukwik.com/Airport-Info/T67
,Hillwood,Fort Worth,TX ,USA,https://acukwik.com/Airport-Info/XS96
,John Peter Smith Ems Building,Fort Worth,TX ,USA,https://acukwik.com/Airport-Info/93TX
,John Peter Smith Health Network,Fort Worth,TX ,USA,https://acukwik.com/Airport-Info/1XS3
,Kenneth Copeland,Fort Worth,TX ,USA,https://acukwik.com/Airport-Info/4T2
,Ktvt Channel 11,Fort Worth,TX ,USA,https://acukwik.com/Airport-Info/TS56
,Medical City Alliance,Fort Worth,TX ,USA,https://acukwik.com/Airport-Info/XA65
,Parkway Surgical Hospital,Fort Worth,TX ,USA,https://acukwik.com/Airport-Info/5TX9
,Plaza Medical Center,Fort Worth,TX ,USA,https://acukwik.com/Airport-Info/XA37
,Plaza Medical Center,Fort Worth,TX ,USA,https://acukwik.com/Airport-Info/89TE
,Stubbs Strip,Fort Worth,TX ,USA,https://acukwik.com/Airport-Info/TS73
,Sycamore Strip,Fort Worth,TX ,USA,https://acukwik.com/Airport-Info/9F9
,Tcjc-Northeast Campus,Fort Worth,TX ,USA,https://acukwik.com/Airport-Info/00TE
,Tcjc-South Campus,Fort Worth,TX ,USA,https://acukwik.com/Airport-Info/9F5
,Texas Health Huguley Hospital,Fort Worth,TX ,USA,https://acukwik.com/Airport-Info/56XA
,Texas Health Methodist Alliance,Fort Worth,TX ,USA,https://acukwik.com/Airport-Info/0TA3
,Standing Rock,Fort Yates,ND ,USA,https://acukwik.com/Airport-Info/Y27
,Standing Rock Hospital,Fort Yates,ND ,USA,https://acukwik.com/Airport-Info/ND21
,Barnaby Lake Medivac Site,Fortine,MT ,USA,https://acukwik.com/Airport-Info/2MT7
,Crystal Lakes Resort,Fortine,MT ,USA,https://acukwik.com/Airport-Info/01MT
KFOT,Rohnerville,Fortuna,CA ,USA,https://acukwik.com/Airport-Info/KFOT
,Essentia Hospital,Fosston,MN ,USA,https://acukwik.com/Airport-Info/MN97
KFSE,Fosston Municipal/Anderson Field,Fosston,MN ,USA,https://acukwik.com/Airport-Info/KFSE
,Fostoria Community Hospital,Fostoria,OH ,USA,https://acukwik.com/Airport-Info/99OI
KFZI,Fostoria Metropolitan,Fostoria,OH ,USA,https://acukwik.com/Airport-Info/KFZI
,Mc Ardle,Fostoria,OH ,USA,https://acukwik.com/Airport-Info/OI77
,Maran,Fountain,FL ,USA,https://acukwik.com/Airport-Info/68FD
,St Luke's Hospital,Fountain Hill,PA ,USA,https://acukwik.com/Airport-Info/PA80
,Adair,Fountain Run,KY ,USA,https://acukwik.com/Airport-Info/6KY4
,Eubank Field,Fountain Run,KY ,USA,https://acukwik.com/Airport-Info/2KT4
,Fountain Valley Regional Hospital,Fountain Valley,CA ,USA,https://acukwik.com/Airport-Info/93CA
,Moburg Aero,Four Corners,WY ,USA,https://acukwik.com/Airport-Info/WY53
,Edwards Grass Strip,Fowler,KS ,USA,https://acukwik.com/Airport-Info/2KS3
,Fowler,Fowler,CO ,USA,https://acukwik.com/Airport-Info/CO80
,Fowler,Fowler,KS ,USA,https://acukwik.com/Airport-Info/18K
,Y Bar Ranch,Fowlerton,TX ,USA,https://acukwik.com/Airport-Info/TT31
,Maple Grove,Fowlerville,MI ,USA,https://acukwik.com/Airport-Info/E66
,Weltons Aerodrome,Fox,AK ,USA,https://acukwik.com/Airport-Info/05AN
,Arrow,Fox Lake,IL ,USA,https://acukwik.com/Airport-Info/IL44
,Precision Chrome,Fox Lake,IL ,USA,https://acukwik.com/Airport-Info/64IS
,Gillette Stadium,Foxborough,MA ,USA,https://acukwik.com/Airport-Info/MA01
,Hunts Cove,Foxburg,PA ,USA,https://acukwik.com/Airport-Info/PN19
,Browns Landing,Foxworth,MS ,USA,https://acukwik.com/Airport-Info/32MS
,Msp Ghq,Framingham,MA ,USA,https://acukwik.com/Airport-Info/MA02
,Culp,Francesville,IN ,USA,https://acukwik.com/Airport-Info/IN27
,Gutwein,Francesville,IN ,USA,https://acukwik.com/Airport-Info/IN21
,Hallmark,Francesville,IN ,USA,https://acukwik.com/Airport-Info/IN32
,Franconia,Franconia,NH ,USA,https://acukwik.com/Airport-Info/1B5
,Presby Field,Franconia,NH ,USA,https://acukwik.com/Airport-Info/25NH
,Wm 'tiny' Zehnder Field,Frankenmuth,MI ,USA,https://acukwik.com/Airport-Info/66G
,Air Cover,Frankford,MO ,USA,https://acukwik.com/Airport-Info/67MU
,Beebe,Frankford,DE ,USA,https://acukwik.com/Airport-Info/DE22
,Boone Ntl Guard,Frankfort,KY ,USA,https://acukwik.com/Airport-Info/02KY
KFFT,Capital City,Frankfort,KY ,USA,https://acukwik.com/Airport-Info/KFFT
,Clinton County Fairgrounds,Frankfort,IN ,USA,https://acukwik.com/Airport-Info/68II
KFKR,Frankfort Clinton County Regional,Frankfort,IN ,USA,https://acukwik.com/Airport-Info/KFKR
KFKS,Frankfort Dow Memorial Field,Frankfort,MI ,USA,https://acukwik.com/Airport-Info/KFKS
,Frankfort Regional Medical Center,Frankfort,KY ,USA,https://acukwik.com/Airport-Info/15KY
,High Point Farm,Frankfort,KY ,USA,https://acukwik.com/Airport-Info/05KT
,Six Mile,Frankfort,MI ,USA,https://acukwik.com/Airport-Info/Y59
,Angel Medical Center,Franklin,NC ,USA,https://acukwik.com/Airport-Info/37NR
,Angel Medical Center,Franklin,NC ,USA,https://acukwik.com/Airport-Info/93NC
,Answered Prayer,Franklin,GA ,USA,https://acukwik.com/Airport-Info/1GE3
,Arnemann Farms,Franklin,KY ,USA,https://acukwik.com/Airport-Info/0KY1
,Atrium At Somerset,Franklin,NJ ,USA,https://acukwik.com/Airport-Info/NJ85
,Canary's,Franklin,IN ,USA,https://acukwik.com/Airport-Info/20IN
,Carrsville Vol Fire Dept,Franklin,VA ,USA,https://acukwik.com/Airport-Info/VG11
,Center Creek Field,Franklin,NE ,USA,https://acukwik.com/Airport-Info/NE12
,Concord Hospital - Franklin,Franklin,NH ,USA,https://acukwik.com/Airport-Info/NH81
,Cummings Farms Airfield,Franklin,KY ,USA,https://acukwik.com/Airport-Info/8KY3
,D W,Franklin,NH ,USA,https://acukwik.com/Airport-Info/NH58
,Fisher,Franklin,PA ,USA,https://acukwik.com/Airport-Info/0PA5
,Flying B Ranch,Franklin,CA ,USA,https://acukwik.com/Airport-Info/CN38
,Franklin County Memorial Hospital,Franklin,NE ,USA,https://acukwik.com/Airport-Info/0NE4
,Franklin Field,Franklin,CA ,USA,https://acukwik.com/Airport-Info/F72
,Franklin Flying Field,Franklin,IN ,USA,https://acukwik.com/Airport-Info/3FK
,Franklin Foundation Hospital,Franklin,LA ,USA,https://acukwik.com/Airport-Info/9LA7
KFKN,Franklin Regional,Franklin,VA ,USA,https://acukwik.com/Airport-Info/KFKN
,Franklin's Plainview,Franklin,NE ,USA,https://acukwik.com/Airport-Info/8NE6
,Freaky Fast,Franklin,TN ,USA,https://acukwik.com/Airport-Info/TN62
,Johnson Memorial Hospital,Franklin,IN ,USA,https://acukwik.com/Airport-Info/55II
,Macon County,Franklin,NC ,USA,https://acukwik.com/Airport-Info/1A5
,Rmr Ranch,Franklin,TX ,USA,https://acukwik.com/Airport-Info/1TE9
,Sandbur Ranches Pvt,Franklin,TX ,USA,https://acukwik.com/Airport-Info/TX75
,Southampton Memorial Hospital,Franklin,VA ,USA,https://acukwik.com/Airport-Info/9VA9
,The Medical Center At Franklin,Franklin,KY ,USA,https://acukwik.com/Airport-Info/81KY
KFKL,Venango Regional,Franklin,PA ,USA,https://acukwik.com/Airport-Info/KFKL
,Warren County Public Safety Dept,Franklin,NJ ,USA,https://acukwik.com/Airport-Info/NJ77
,Welcome Field,Franklin,KY ,USA,https://acukwik.com/Airport-Info/35KY
,Woods Field,Franklin,IN ,USA,https://acukwik.com/Airport-Info/63II
,Gittleson Farms,Franklin Grove,IL ,USA,https://acukwik.com/Airport-Info/15IL
,Philips Lighting Company,Franklin Township,NJ ,USA,https://acukwik.com/Airport-Info/79NJ
,Franklinton,Franklinton,LA ,USA,https://acukwik.com/Airport-Info/2R7
,Riverside Medical Center,Franklinton,LA ,USA,https://acukwik.com/Airport-Info/19LS
,Aero Estates,Frankston,TX ,USA,https://acukwik.com/Airport-Info/T25
,Aero Estates,Frankston,TX ,USA,https://acukwik.com/Airport-Info/TX1
,Cindy Guntly Memorial,Franksville,WI ,USA,https://acukwik.com/Airport-Info/62C
,Stottlemyer,Frankton,IN ,USA,https://acukwik.com/Airport-Info/2II3
,Bigler Airfield,Franktown,VA ,USA,https://acukwik.com/Airport-Info/VG65
,Buffalo,Franktown,CO ,USA,https://acukwik.com/Airport-Info/7CO3
,Hilltop,Franktown,CO ,USA,https://acukwik.com/Airport-Info/CD40
,Reed Hollow Ranch,Franktown,CO ,USA,https://acukwik.com/Airport-Info/CO96
,Triple P Ranch,Franktown,CO ,USA,https://acukwik.com/Airport-Info/CO99
,Grant Pad,Fraser,MI ,USA,https://acukwik.com/Airport-Info/15MI
,Zerbe,Frazer,MT ,USA,https://acukwik.com/Airport-Info/MT51
,Burhans Memorial,Frederick,MD ,USA,https://acukwik.com/Airport-Info/3MD0
,Frederick Health Hospital,Frederick,MD ,USA,https://acukwik.com/Airport-Info/7MD3
KFDK,Frederick Municipal,Frederick,MD ,USA,https://acukwik.com/Airport-Info/KFDK
KFDR,Frederick Regional,Frederick,OK ,USA,https://acukwik.com/Airport-Info/KFDR
,Frederick-Firestone F S #2,Frederick,CO ,USA,https://acukwik.com/Airport-Info/CO68
,Ijamsville,Frederick,MD ,USA,https://acukwik.com/Airport-Info/4MD8
,Boma,Fredericksburg,TX ,USA,https://acukwik.com/Airport-Info/XA45
,Cameron Ranch,Fredericksburg,TX ,USA,https://acukwik.com/Airport-Info/TE97
,Chimney View,Fredericksburg,VA ,USA,https://acukwik.com/Airport-Info/5VA5
,Circle Ranch,Fredericksburg,TX ,USA,https://acukwik.com/Airport-Info/6XA0
,Dogwood Airpark,Fredericksburg,VA ,USA,https://acukwik.com/Airport-Info/VA42
,Farmers Pride,Fredericksburg,PA ,USA,https://acukwik.com/Airport-Info/9N7
KEZF,Fredericksburg/Shannon,Fredericksburg,VA ,USA,https://acukwik.com/Airport-Info/KEZF
,Gillespie County,Fredericksburg,TX ,USA,https://acukwik.com/Airport-Info/T82
,Headwaters,Fredericksburg,TX ,USA,https://acukwik.com/Airport-Info/25XA
,Hill Country Memorial Hospital,Fredericksburg,TX ,USA,https://acukwik.com/Airport-Info/3TX8
,Indian Springs Ranch,Fredericksburg,TX ,USA,https://acukwik.com/Airport-Info/7XS7
,Lz Tango Charlie,Fredericksburg,TX ,USA,https://acukwik.com/Airport-Info/08TT
,Mary Washington Hospital,Fredericksburg,VA ,USA,https://acukwik.com/Airport-Info/6VA7
,Spotsylvania Regional Medical Center,Fredericksburg,VA ,USA,https://acukwik.com/Airport-Info/03VA
,Tschirhart Ranch,Fredericksburg,TX ,USA,https://acukwik.com/Airport-Info/XS01
,White Oak,Fredericksburg,TX ,USA,https://acukwik.com/Airport-Info/44TX
,Wieser Angus Ranch,Fredericksburg,TX ,USA,https://acukwik.com/Airport-Info/35TE
,A. Paul Vance Fredericktown Regional,Fredericktown,MO ,USA,https://acukwik.com/Airport-Info/H88
,Joseph Scott,Fredericktown,MO ,USA,https://acukwik.com/Airport-Info/MU22
,Kokosing,Fredericktown,OH ,USA,https://acukwik.com/Airport-Info/OI24
,Madison Medical Center,Fredericktown,MO ,USA,https://acukwik.com/Airport-Info/MU15
,Fredonia,Fredonia,KS ,USA,https://acukwik.com/Airport-Info/1K7
,Geis Field,Fredonia,WI ,USA,https://acukwik.com/Airport-Info/4WN4
,Robbie Campbell Memorial Airfield,Fredricksburg,VA ,USA,https://acukwik.com/Airport-Info/4VG8
,Silver Wings,Fredricksburg,TX ,USA,https://acukwik.com/Airport-Info/TS36
,Freedom Air Ranch,Freedom,WY ,USA,https://acukwik.com/Airport-Info/0WY0
,Freedom Municipal,Freedom,OK ,USA,https://acukwik.com/Airport-Info/K77
,Sherwood Forest Inc,Freedom,NH ,USA,https://acukwik.com/Airport-Info/60NH
,Centra State Medical Center,Freehold,NJ ,USA,https://acukwik.com/Airport-Info/33NJ
,Cuddihy Landing Strip,Freehold,NJ ,USA,https://acukwik.com/Airport-Info/NJ60
,Ekdahl,Freehold,NJ ,USA,https://acukwik.com/Airport-Info/NJ59
,Freehold,Freehold,NY ,USA,https://acukwik.com/Airport-Info/1I5
,Halka,Freehold,NJ ,USA,https://acukwik.com/Airport-Info/JY14
,Manalapan Township-Village Green,Freehold,NJ ,USA,https://acukwik.com/Airport-Info/18NJ
,Verizon - Cdc Ii,Freehold Township,NJ ,USA,https://acukwik.com/Airport-Info/64NJ
,Veach Field,Freeman,MO ,USA,https://acukwik.com/Airport-Info/0MO3
,Airrep,Freeport,FL ,USA,https://acukwik.com/Airport-Info/82FA
KFEP,Albertus,Freeport,IL ,USA,https://acukwik.com/Airport-Info/KFEP
,Buccaneer Shore Facility,Freeport,TX ,USA,https://acukwik.com/Airport-Info/9TA6
,Dugger Field,Freeport,FL ,USA,https://acukwik.com/Airport-Info/0FD3
,Fhn Memorial Hospital,Freeport,IL ,USA,https://acukwik.com/Airport-Info/50IS
,Freeport,Freeport,NY ,USA,https://acukwik.com/Airport-Info/58NY
,Freeport/Dornink,Freeport,IL ,USA,https://acukwik.com/Airport-Info/IL47
,Go Helitrans,Freeport,TX ,USA,https://acukwik.com/Airport-Info/97TE
,Hercules Marine Services Corp,Freeport,TX ,USA,https://acukwik.com/Airport-Info/52TX
,Lindsay,Freeport,PA ,USA,https://acukwik.com/Airport-Info/PN25
,Mcville,Freeport,PA ,USA,https://acukwik.com/Airport-Info/6P7
,Midstream Freeport,Freeport,TX ,USA,https://acukwik.com/Airport-Info/0XA3
,Pete's Water Landing,Freeport,PA ,USA,https://acukwik.com/Airport-Info/0PN1
,Print Pad,Freeport,NY ,USA,https://acukwik.com/Airport-Info/39NY
,Snider,Freeport,PA ,USA,https://acukwik.com/Airport-Info/PN24
,Douglass Ranch,Freer,TX ,USA,https://acukwik.com/Airport-Info/TX56
,Duval County Ranch Company,Freer,TX ,USA,https://acukwik.com/Airport-Info/28TA
,Duval-Freer,Freer,TX ,USA,https://acukwik.com/Airport-Info/T19
,Seven C's Ranch,Freer,TX ,USA,https://acukwik.com/Airport-Info/0XA4
,Silverhorn Ranch,Freer,TX ,USA,https://acukwik.com/Airport-Info/19TS
,Triple B Ranch,Freer,TX ,USA,https://acukwik.com/Airport-Info/42XS
,Cherry Hill,Freetown,IN ,USA,https://acukwik.com/Airport-Info/40IN
,First Interstate Bank Operations Center,Fremont,CA ,USA,https://acukwik.com/Airport-Info/CL05
,Fremont,Fremont,OH ,USA,https://acukwik.com/Airport-Info/14G
KFET,Fremont Municipal,Fremont,NE ,USA,https://acukwik.com/Airport-Info/KFET
KFFX,Fremont Municipal,Fremont,MI ,USA,https://acukwik.com/Airport-Info/KFFX
,Gibbs Field,Fremont,OH ,USA,https://acukwik.com/Airport-Info/03OH
,Murphy,Fremont,IN ,USA,https://acukwik.com/Airport-Info/3II0
,Promedica Memorial Hospital,Fremont,OH ,USA,https://acukwik.com/Airport-Info/OI79
,Sandusky County Regional,Fremont,OH ,USA,https://acukwik.com/Airport-Info/S24
,Washington Hospital Parking Structure,Fremont,CA ,USA,https://acukwik.com/Airport-Info/CL64
,Gale's,French Lake,MN ,USA,https://acukwik.com/Airport-Info/6MN5
KFRH,French Lick Municipal,French Lick,IN ,USA,https://acukwik.com/Airport-Info/KFRH
,Patoka Reservoir Landing Area,French Lick,IN ,USA,https://acukwik.com/Airport-Info/06I
,Roaring Springs Ranch,Frenchglen,OR ,USA,https://acukwik.com/Airport-Info/OR10
,Eagles Lair,Frenchtown,NJ ,USA,https://acukwik.com/Airport-Info/NJ63
,Malone,Frenchtown,NJ ,USA,https://acukwik.com/Airport-Info/NJ61
KFVE,Frenchville/Northern Aroostook Regional Airport,Frenchville,ME ,USA,https://acukwik.com/Airport-Info/KFVE
,Community Regional Medical Center,Fresno,CA ,USA,https://acukwik.com/Airport-Info/CN51
KFCH,Fresno Chandler Executive,Fresno,CA ,USA,https://acukwik.com/Airport-Info/KFCH
KFAT,Fresno Yosemite International,Fresno,CA ,USA,https://acukwik.com/Airport-Info/KFAT
,Sierra Sky Park,Fresno,CA ,USA,https://acukwik.com/Airport-Info/E79
,St Agnes Medical Center,Fresno,CA ,USA,https://acukwik.com/Airport-Info/CA96
,Friday Harbor,Friday Harbor,WA ,USA,https://acukwik.com/Airport-Info/W33
KFHR,Friday Harbor,Friday Harbor,WA ,USA,https://acukwik.com/Airport-Info/KFHR
,Stuart Island West,Friday Harbor,WA ,USA,https://acukwik.com/Airport-Info/2WA3
,R J C Farms Inc,Friend,KS ,USA,https://acukwik.com/Airport-Info/SN55
KVKX,Potomac Airfield,Friendly,MD ,USA,https://acukwik.com/Airport-Info/KVKX
,Adams County Legion Field,Friendship,WI ,USA,https://acukwik.com/Airport-Info/63C
,J P Reilly,Friendsville,PA ,USA,https://acukwik.com/Airport-Info/59PA
,Mickler,Friendswood,TX ,USA,https://acukwik.com/Airport-Info/XA38
,Polly Ranch,Friendswood,TX ,USA,https://acukwik.com/Airport-Info/7XS0
,BSWMC Centennial,Frisco,TX ,USA,https://acukwik.com/Airport-Info/45XA
,Eds Superdrome,Frisco,TX ,USA,https://acukwik.com/Airport-Info/TX80
,Med City Frisco,Frisco,TX ,USA,https://acukwik.com/Airport-Info/29TA
,Summit Medical Center,Frisco,CO ,USA,https://acukwik.com/Airport-Info/91CO
,Texas Health Resources Frisco Hospital,Frisco,TX ,USA,https://acukwik.com/Airport-Info/13TA
KFRR,Front Royal-Warren County,Front Royal,VA ,USA,https://acukwik.com/Airport-Info/KFRR
,Warren Memorial Replacement Hospital,Front Royal,VA ,USA,https://acukwik.com/Airport-Info/VA36
,Frontenac,Frontenac,MN ,USA,https://acukwik.com/Airport-Info/MY50
,Rowdy T Ranch,Frost,TX ,USA,https://acukwik.com/Airport-Info/TT66
,Goddard Seadrome,Frostproof,FL ,USA,https://acukwik.com/Airport-Info/FD46
,Griffin's Main Office,Frostproof,FL ,USA,https://acukwik.com/Airport-Info/38FD
,Lake Clinch Airpark,Frostproof,FL ,USA,https://acukwik.com/Airport-Info/52FL
,Ridge Landing,Frostproof,FL ,USA,https://acukwik.com/Airport-Info/4FL5
,Lemons Field,Fruitland,ID ,USA,https://acukwik.com/Airport-Info/2ID6
,St. Lukes Fruitland Medical Center,Fruitland,ID ,USA,https://acukwik.com/Airport-Info/2ID7
,Thunder Ridge Airpark,Fruitland,UT ,USA,https://acukwik.com/Airport-Info/UT83
,Whiterik Field,Fruitland,WA ,USA,https://acukwik.com/Airport-Info/51WT
,Flying Palomino Ranch,Fruitland Park,FL ,USA,https://acukwik.com/Airport-Info/5FA1
,Flying-H,Fruitland Park,FL ,USA,https://acukwik.com/Airport-Info/FL99
,Flying-A,Fruitport,MI ,USA,https://acukwik.com/Airport-Info/39Z
,Fry Canyon Field,Fry Canyon,UT ,USA,https://acukwik.com/Airport-Info/UT74
,Dyer's Landing,Fryeburg,ME ,USA,https://acukwik.com/Airport-Info/57ME
KIZG,Eastern Slopes Regional,Fryeburg,ME ,USA,https://acukwik.com/Airport-Info/KIZG
,Lovewell Pond,Fryeburg,ME ,USA,https://acukwik.com/Airport-Info/4ME4
,Tib Field,Fryeburg,ME ,USA,https://acukwik.com/Airport-Info/40ME
KFNL,Northern Colorado Regional,Ft Collins/Loveland,CO ,USA,https://acukwik.com/Airport-Info/KFNL
,Piedmont Ft Mill,Ft Mill,SC ,USA,https://acukwik.com/Airport-Info/51SC
,Winkler Helistop,Ft Myers,FL ,USA,https://acukwik.com/Airport-Info/15FD
,Big Dog - Cameron Field,Ft Valley,GA ,USA,https://acukwik.com/Airport-Info/GA81
,Spangler Farm,Ft. Wayne,IN ,USA,https://acukwik.com/Airport-Info/22IN
,C A M P,Fullerton,NE ,USA,https://acukwik.com/Airport-Info/8NE9
KFUL,Fullerton Municipal,Fullerton,CA ,USA,https://acukwik.com/Airport-Info/KFUL
,Larson,Fullerton,ND ,USA,https://acukwik.com/Airport-Info/6ND2
,Covey Trails,Fulshear,TX ,USA,https://acukwik.com/Airport-Info/X09
KFTT,Elton Hensley Memorial,Fulton,MO ,USA,https://acukwik.com/Airport-Info/KFTT
,Fraundorfer,Fulton,WI ,USA,https://acukwik.com/Airport-Info/11WI
,Fulton,Fulton,KY ,USA,https://acukwik.com/Airport-Info/1M7
,Godspeed Airpark,Fulton,MS ,USA,https://acukwik.com/Airport-Info/8MS2
,Kalt Ranch,Fulton,TX ,USA,https://acukwik.com/Airport-Info/9TE5
KFZY,Oswego County,Fulton,NY ,USA,https://acukwik.com/Airport-Info/KFZY
,Parkway Regional Hospital,Fulton,KY ,USA,https://acukwik.com/Airport-Info/8KY8
,Sheriff's Trng Cntr,Fultondale,AL ,USA,https://acukwik.com/Airport-Info/65AL
PANR,Funter Bay,Funter Bay,AK ,USA,https://acukwik.com/Airport-Info/PANR
,Dupree Willow,Fuquay-Varina,NC ,USA,https://acukwik.com/Airport-Info/84NR
,Fuquay/Angier Field,Fuquay/Varina,NC ,USA,https://acukwik.com/Airport-Info/78NC
KGAB,Gabbs,Gabbs,NV ,USA,https://acukwik.com/Airport-Info/KGAB
,Gackle Municipal,Gackle,ND ,USA,https://acukwik.com/Airport-Info/9G9
,Gadsden Regl Medical Center,Gadsden,AL ,USA,https://acukwik.com/Airport-Info/0AL7
KGAD,Northeast Alabama Regional,Gadsden,AL ,USA,https://acukwik.com/Airport-Info/KGAD
KGAG,Gage,Gage,OK ,USA,https://acukwik.com/Airport-Info/KGAG
,Barnstormers 5,Gaines,MI ,USA,https://acukwik.com/Airport-Info/16MI
,Jackson County,Gainesboro,TN ,USA,https://acukwik.com/Airport-Info/1A7
,Beaver Trail,Gainesville,GA ,USA,https://acukwik.com/Airport-Info/GA40
,Capra Farms,Gainesville,FL ,USA,https://acukwik.com/Airport-Info/8FL7
,D An P Farm,Gainesville,TX ,USA,https://acukwik.com/Airport-Info/12TT
KGLE,Gainesville Municipal,Gainesville,TX ,USA,https://acukwik.com/Airport-Info/KGLE
KGNV,Gainesville Regional,Gainesville,FL ,USA,https://acukwik.com/Airport-Info/KGNV
,Gleim Field,Gainesville,FL ,USA,https://acukwik.com/Airport-Info/FD81
,Hca Florida North Florida Hospital,Gainesville,FL ,USA,https://acukwik.com/Airport-Info/FA56
,Lanier Park Hospital,Gainesville,GA ,USA,https://acukwik.com/Airport-Info/38GA
,Latham Creek,Gainesville,GA ,USA,https://acukwik.com/Airport-Info/14GA
KGVL,Lee Gilmer Memorial,Gainesville,GA ,USA,https://acukwik.com/Airport-Info/KGVL
,NGHS Gainesville,Gainesville,GA ,USA,https://acukwik.com/Airport-Info/74GE
,North Texas Medical Center,Gainesville,TX ,USA,https://acukwik.com/Airport-Info/8TX9
,Robotek,Gainesville,TX ,USA,https://acukwik.com/Airport-Info/TX81
,Shands Cair,Gainesville,FL ,USA,https://acukwik.com/Airport-Info/63FL
,Shands Helistop,Gainesville,FL ,USA,https://acukwik.com/Airport-Info/FA12
,Stahl,Gainesville,TX ,USA,https://acukwik.com/Airport-Info/XS62
,Sunburst Ranch,Gainesville,MO ,USA,https://acukwik.com/Airport-Info/MU48
,The Flying Horseman Ranch,Gainesville,FL ,USA,https://acukwik.com/Airport-Info/81FL
,University Of Florida,Gainesville,FL ,USA,https://acukwik.com/Airport-Info/53FL
,Gaithersburg,Gaithersburg,MD ,USA,https://acukwik.com/Airport-Info/MD34
KGAI,Montgomery County Airpark,Gaithersburg,MD ,USA,https://acukwik.com/Airport-Info/KGAI
,Ct Fields,Galax,VA ,USA,https://acukwik.com/Airport-Info/25VG
KHLX,Twin County,Galax,VA ,USA,https://acukwik.com/Airport-Info/KHLX
,Twin County Regional,Galax,VA ,USA,https://acukwik.com/Airport-Info/VA80
PAGB,Galbraith Lake,Galbraith Lake,AK ,USA,https://acukwik.com/Airport-Info/PAGB
,Gorder Farm,Galchutt,ND ,USA,https://acukwik.com/Airport-Info/40ND
PAGA,Edward G Pitka Sr,Galena,AK ,USA,https://acukwik.com/Airport-Info/PAGA
,Head Field,Galena,OH ,USA,https://acukwik.com/Airport-Info/OH44
,Horseshoe Mound,Galena,IL ,USA,https://acukwik.com/Airport-Info/22IL
,Midwest Medical Center,Galena,IL ,USA,https://acukwik.com/Airport-Info/13IL
KGBG,Galesburg Municipal,Galesburg,IL ,USA,https://acukwik.com/Airport-Info/KGBG
,Koafm,Galesburg,KS ,USA,https://acukwik.com/Airport-Info/45KS
,Osf St Mary Medical Center - Galesburg,Galesburg,IL ,USA,https://acukwik.com/Airport-Info/IL89
,OSF St. Mary South Campus,Galesburg,IL ,USA,https://acukwik.com/Airport-Info/5IL3
,White Farms,Galesburg,KS ,USA,https://acukwik.com/Airport-Info/36KS
,Hay Fever Farm,Galeton,CO ,USA,https://acukwik.com/Airport-Info/CO59
,Kutcher Airfield,Galeton,CO ,USA,https://acukwik.com/Airport-Info/CO26
,Exclusive Landing Area,Galien Township,MI ,USA,https://acukwik.com/Airport-Info/MI77
,Galion Community Hospital,Galion,OH ,USA,https://acukwik.com/Airport-Info/01OI
KGQQ,Galion Municipal,Galion,OH ,USA,https://acukwik.com/Airport-Info/KGQQ
,Horning,Galion,OH ,USA,https://acukwik.com/Airport-Info/OH21
,Medflight 5,Galion,OH ,USA,https://acukwik.com/Airport-Info/8OH6
,Julkev,Gallatin,TN ,USA,https://acukwik.com/Airport-Info/22TN
,Lake Viking,Gallatin,MO ,USA,https://acukwik.com/Airport-Info/1MO3
,Landmark Mfg Corporation,Gallatin,MO ,USA,https://acukwik.com/Airport-Info/1MO4
KXNX,Music City Executive,Gallatin,TN ,USA,https://acukwik.com/Airport-Info/KXNX
,Silvernails Field,Gallatin,NY ,USA,https://acukwik.com/Airport-Info/82NY
,Nine Quarter Circle Ranch,Gallatin Gateway,MT ,USA,https://acukwik.com/Airport-Info/1MT0
,Bristow Us Llc,Galliano,LA ,USA,https://acukwik.com/Airport-Info/2LS0
KGAO,South Lafourche Leonard Miller Jr,Galliano,LA ,USA,https://acukwik.com/Airport-Info/KGAO
KGAS,Gallipolis/Gallia-Meigs Regional,Gallipolis,OH ,USA,https://acukwik.com/Airport-Info/KGAS
,Holzer,Gallipolis,OH ,USA,https://acukwik.com/Airport-Info/4OH7
KGUP,Gallup Municipal,Gallup,NM ,USA,https://acukwik.com/Airport-Info/KGUP
,Sanostee,Gallup,NM ,USA,https://acukwik.com/Airport-Info/NM27
,Blue Heron,Gallupville,NY ,USA,https://acukwik.com/Airport-Info/N25
,Galmey,Galmey,MO ,USA,https://acukwik.com/Airport-Info/MU94
,Mustang,Galt,CA ,USA,https://acukwik.com/Airport-Info/2CL9
,Vetters Sky Ranch,Galt,CA ,USA,https://acukwik.com/Airport-Info/51CL
,Galveston,Galveston,IN ,USA,https://acukwik.com/Airport-Info/5I6
,Galveston Helicopter,Galveston,TX ,USA,https://acukwik.com/Airport-Info/TA03
,Galveston Helicopter Adventures,Galveston,TX ,USA,https://acukwik.com/Airport-Info/89TX
,Galveston Helipad Area Nr 2,Galveston,TX ,USA,https://acukwik.com/Airport-Info/XA74
,San Luis Resort,Galveston,TX ,USA,https://acukwik.com/Airport-Info/8XS5
KGLS,Scholes International at Galveston,Galveston,TX ,USA,https://acukwik.com/Airport-Info/KGLS
,Tourist Ride Services,Galveston,TX ,USA,https://acukwik.com/Airport-Info/84TS
,U Of Texas Medical Branch Emergency Room,Galveston,TX ,USA,https://acukwik.com/Airport-Info/9TA7
,U Of Texas Medical Branch Ewing Hall,Galveston,TX ,USA,https://acukwik.com/Airport-Info/9TS7
,Galway,Galway,NY ,USA,https://acukwik.com/Airport-Info/NY37
PAGM,Gambell,Gambell,AK ,USA,https://acukwik.com/Airport-Info/PAGM
,Kubecka Aviation,Ganado,TX ,USA,https://acukwik.com/Airport-Info/TS08
,August Field,Gansevoort,NY ,USA,https://acukwik.com/Airport-Info/NK17
,Heber Airpark,Gansevoort,NY ,USA,https://acukwik.com/Airport-Info/K30
,Garberville,Garberville,CA ,USA,https://acukwik.com/Airport-Info/O16
KGCK,Garden City Regional,Garden City,KS ,USA,https://acukwik.com/Airport-Info/KGCK
,Glass Ranch,Garden City,TX ,USA,https://acukwik.com/Airport-Info/TS13
,Lovers Lane,Garden City,MO ,USA,https://acukwik.com/Airport-Info/70MO
,Second F,Garden City,TX ,USA,https://acukwik.com/Airport-Info/73XS
,Tres Amigos,Garden City,TX ,USA,https://acukwik.com/Airport-Info/73XA
,Bat Cave Field,Garden Ridge,TX ,USA,https://acukwik.com/Airport-Info/TS55
,Black Bear Ranch,Garden Valley,ID ,USA,https://acukwik.com/Airport-Info/42ID
,Garden Valley,Garden Valley,ID ,USA,https://acukwik.com/Airport-Info/U88
,Garden Valley,Garden Valley,ID ,USA,https://acukwik.com/Airport-Info/D12
,Parker Field,Gardendale,AL ,USA,https://acukwik.com/Airport-Info/AL18
,Uab Hospital/Gardendale Fed,Gardendale,AL ,USA,https://acukwik.com/Airport-Info/41AL
,Wood Farm Airfield,Gardendale,TX ,USA,https://acukwik.com/Airport-Info/12XA
,Gardiner,Gardiner,MT ,USA,https://acukwik.com/Airport-Info/29S
,Gardiner,Gardiner,NY ,USA,https://acukwik.com/Airport-Info/5NY5
,Parker's Landing,Gardiner,NY ,USA,https://acukwik.com/Airport-Info/NK38
,Diesel Dogs,Gardner,MA ,USA,https://acukwik.com/Airport-Info/MA40
,Gardner Municipal,Gardner,KS ,USA,https://acukwik.com/Airport-Info/K34
KGDM,Gardner Municipal,Gardner,MA ,USA,https://acukwik.com/Airport-Info/KGDM
,Hayden Farm,Gardner,KS ,USA,https://acukwik.com/Airport-Info/00KS
,Carson Valley Medical Center Gardnerville,Gardnerville,NV ,USA,https://acukwik.com/Airport-Info/NV03
,Pinenut,Gardnerville,NV ,USA,https://acukwik.com/Airport-Info/NV55
,Angen Field,Garfield,MN ,USA,https://acukwik.com/Airport-Info/MN44
,Hacienda De Gay Airstrip,Garfield,GA ,USA,https://acukwik.com/Airport-Info/7GA3
,Lost Bridge Village,Garfield,AR ,USA,https://acukwik.com/Airport-Info/40AR
,Cleveland Clinic Marymount Hospital,Garfield Heights,OH ,USA,https://acukwik.com/Airport-Info/03OI
,Faulkner Point,Garland,TX ,USA,https://acukwik.com/Airport-Info/90TA
,Garland/Dfw Heloplex,Garland,TX ,USA,https://acukwik.com/Airport-Info/T57
,Madeira Airpark,Garland,TX ,USA,https://acukwik.com/Airport-Info/TX91
,Superturf,Garland,TX ,USA,https://acukwik.com/Airport-Info/TS60
,Bagwell,Garner,NC ,USA,https://acukwik.com/Airport-Info/NC99
,Peacock,Garner,NC ,USA,https://acukwik.com/Airport-Info/4NC7
,Davis,Garnett,SC ,USA,https://acukwik.com/Airport-Info/SC12
,Garnett Municipal,Garnett,KS ,USA,https://acukwik.com/Airport-Info/K68
,Gates,Garrettsville,OH ,USA,https://acukwik.com/Airport-Info/7D8
,Fischer,Garrison,ND ,USA,https://acukwik.com/Airport-Info/ND22
,Garrison Municipal,Garrison,ND ,USA,https://acukwik.com/Airport-Info/D05
,Mille Lacs Lake,Garrison,MN ,USA,https://acukwik.com/Airport-Info/7MN4
KGYY,Gary/Chicago International,Gary,IN ,USA,https://acukwik.com/Airport-Info/KGYY
,Homan Field,Gary,SD ,USA,https://acukwik.com/Airport-Info/00SD
,Lake Cochrane,Gary,SD ,USA,https://acukwik.com/Airport-Info/SD2
,Methodist Hospital Northlake,Gary,IN ,USA,https://acukwik.com/Airport-Info/IN79
,Police,Gary,IN ,USA,https://acukwik.com/Airport-Info/IN78
,Stone's Conservation,Gary,SD ,USA,https://acukwik.com/Airport-Info/17SD
,Marion Health,Gas City,IN ,USA,https://acukwik.com/Airport-Info/08IN
,Royalton,Gasport,NY ,USA,https://acukwik.com/Airport-Info/9G5
,Ward Field,Gasquet,CA ,USA,https://acukwik.com/Airport-Info/0O9
,Darden,Gaston,SC ,USA,https://acukwik.com/Airport-Info/SC13
,Dick Fisher,Gaston,OR ,USA,https://acukwik.com/Airport-Info/69OR
,Gaston,Gaston,SC ,USA,https://acukwik.com/Airport-Info/2SC8
,Caromont Rmc,Gastonia,NC ,USA,https://acukwik.com/Airport-Info/NR80
KAKH,Gastonia Municipal,Gastonia,NC ,USA,https://acukwik.com/Airport-Info/KAKH
,North Carolina Helicopters,Gastonia,NC ,USA,https://acukwik.com/Airport-Info/6NC6
,Davis,Gates,OR ,USA,https://acukwik.com/Airport-Info/6S4
,Jiles Field,Gates,NC ,USA,https://acukwik.com/Airport-Info/9NC4
KGOP,Gatesville Municipal,Gatesville,TX ,USA,https://acukwik.com/Airport-Info/KGOP
,McGregor,Gatesville,TX ,USA,https://acukwik.com/Airport-Info/2TX5
,Gateway Helipad,Gateway,CO ,USA,https://acukwik.com/Airport-Info/7CO1
,Hendricks Field at West Creek Ranch,Gateway,CO ,USA,https://acukwik.com/Airport-Info/63CO
,Hubbard,Gateway,CO ,USA,https://acukwik.com/Airport-Info/9CO3
,Arthur Field,Gatzke,MN ,USA,https://acukwik.com/Airport-Info/MN50
,Hagens,Gatzke,MN ,USA,https://acukwik.com/Airport-Info/78MN
,Klamar Field,Gatzke,MN ,USA,https://acukwik.com/Airport-Info/77MN
,Paul Field,Gatzke,MN ,USA,https://acukwik.com/Airport-Info/79MN
,Colle Field,Gautier,MS ,USA,https://acukwik.com/Airport-Info/34MS
,Murrow Field On The Divide,Gavilan,NM ,USA,https://acukwik.com/Airport-Info/NM99
KGLR,Gaylord Regional,Gaylord,MI ,USA,https://acukwik.com/Airport-Info/KGLR
,Lakes Of The North,Gaylord,MI ,USA,https://acukwik.com/Airport-Info/4Y4
,Cedar & Sky Fly In Ranch,Geary,OK ,USA,https://acukwik.com/Airport-Info/OL28
,Mckinley Ranch,Geary,OK ,USA,https://acukwik.com/Airport-Info/0OK3
,Henley Ranch,Geiger,AL ,USA,https://acukwik.com/Airport-Info/AL43
,Nova Chemicals Olefins Llc,Geismar,LA ,USA,https://acukwik.com/Airport-Info/LS55
,Black Hawk,Geneseo,IL ,USA,https://acukwik.com/Airport-Info/9IS7
,Gen-Airpark,Geneseo,IL ,USA,https://acukwik.com/Airport-Info/3G8
,Geneseo,Geneseo,NY ,USA,https://acukwik.com/Airport-Info/D52
,Hammond-Henry Hospital,Geneseo,IL ,USA,https://acukwik.com/Airport-Info/3LL2
,Alligator Drink,Geneva,FL ,USA,https://acukwik.com/Airport-Info/0FL2
,Cedar Knoll Flying Ranch,Geneva,FL ,USA,https://acukwik.com/Airport-Info/01FL
,Geneva Municipal,Geneva,AL ,USA,https://acukwik.com/Airport-Info/33J
,Germack,Geneva,OH ,USA,https://acukwik.com/Airport-Info/7D9
,Grammar,Geneva,NY ,USA,https://acukwik.com/Airport-Info/NK76
,Northwestern Medicine Delnor Hospital,Geneva,IL ,USA,https://acukwik.com/Airport-Info/76IL
,Old Hickory Airpark,Geneva,OH ,USA,https://acukwik.com/Airport-Info/OH12
,Paine's,Geneva,OH ,USA,https://acukwik.com/Airport-Info/98OH
,Southerland Strip,Geneva,FL ,USA,https://acukwik.com/Airport-Info/FD92
,University Hospitals Geneva Medical Center,Geneva,OH ,USA,https://acukwik.com/Airport-Info/87OH
,Wiregrass Hospital,Geneva,AL ,USA,https://acukwik.com/Airport-Info/8AL9
,Aero Lake Estates,Genoa,IL ,USA,https://acukwik.com/Airport-Info/30IS
,Genoa Municipal,Genoa,NE ,USA,https://acukwik.com/Airport-Info/97Y
,Idlas,Genoa,IL ,USA,https://acukwik.com/Airport-Info/IL60
,Toussaint Airpark,Genoa,OH ,USA,https://acukwik.com/Airport-Info/9OH2
,Cherokee Strip,Gentry,AR ,USA,https://acukwik.com/Airport-Info/1AR5
,Diamond C,Gentry,AR ,USA,https://acukwik.com/Airport-Info/71AR
,Live Oak County,George West,TX ,USA,https://acukwik.com/Airport-Info/8T6
,4bh,Georgetown,TX ,USA,https://acukwik.com/Airport-Info/36TS
,Bar 3 Ranch,Georgetown,TX ,USA,https://acukwik.com/Airport-Info/0XA7
KGEO,Brown County,Georgetown,OH ,USA,https://acukwik.com/Airport-Info/KGEO
,Cross Country Estates Marshall Field,Georgetown,TX ,USA,https://acukwik.com/Airport-Info/07TS
KGED,Delaware Coastal,Georgetown,DE ,USA,https://acukwik.com/Airport-Info/KGED
,Georgetown,Georgetown,CA ,USA,https://acukwik.com/Airport-Info/E36
KGGE,Georgetown County,Georgetown,SC ,USA,https://acukwik.com/Airport-Info/KGGE
KGTU,Georgetown Exec,Georgetown,TX ,USA,https://acukwik.com/Airport-Info/KGTU
,Georgetown Scott County Regional,Georgetown,KY ,USA,https://acukwik.com/Airport-Info/27K
,Green,Georgetown,TX ,USA,https://acukwik.com/Airport-Info/TX92
,Hilde-Griff Field,Georgetown,TX ,USA,https://acukwik.com/Airport-Info/05TE
,Miller's Mother Lode,Georgetown,CA ,USA,https://acukwik.com/Airport-Info/29CN
,Randys Airpark,Georgetown,TX ,USA,https://acukwik.com/Airport-Info/TA68
,Skyline Ranch,Georgetown,TX ,USA,https://acukwik.com/Airport-Info/60XA
,Southwest Regional Medical Center,Georgetown,OH ,USA,https://acukwik.com/Airport-Info/OH16
,Tri-Modal Air Park,Georgetown,TX ,USA,https://acukwik.com/Airport-Info/30TA
,Geraldine,Geraldine,MT ,USA,https://acukwik.com/Airport-Info/5U8
,Owen Bros,Geraldine,MT ,USA,https://acukwik.com/Airport-Info/MT01
,Black Rock City,Gerlach,NV ,USA,https://acukwik.com/Airport-Info/88NV
,Soldier Meadow Nr 1,Gerlach,NV ,USA,https://acukwik.com/Airport-Info/NV06
,Soldier Meadow Nr 2,Gerlach,NV ,USA,https://acukwik.com/Airport-Info/NV05
,Flying M Aerodrome,Germansville,PA ,USA,https://acukwik.com/Airport-Info/P91
,Hummel,Germantown,OH ,USA,https://acukwik.com/Airport-Info/OH64
,Jims,Germantown,OH ,USA,https://acukwik.com/Airport-Info/OH63
,Methodist Lebonheur Healthcare Germantown Hospital,Germantown,TN ,USA,https://acukwik.com/Airport-Info/TN69
,Willow Creek,Germantown,WI ,USA,https://acukwik.com/Airport-Info/WI77
,Moltz,Geronimo,TX ,USA,https://acukwik.com/Airport-Info/50TA
,Talbott Field,Gerrardstown,WV ,USA,https://acukwik.com/Airport-Info/8WV8
,Taylors,Gerrardstown,WV ,USA,https://acukwik.com/Airport-Info/WV68
,Air Methods,Gettysburg,PA ,USA,https://acukwik.com/Airport-Info/PN33
,Battlefield,Gettysburg,PA ,USA,https://acukwik.com/Airport-Info/PA14
,Cloudbound,Gettysburg,PA ,USA,https://acukwik.com/Airport-Info/PA47
,Gary Myers,Gettysburg,SD ,USA,https://acukwik.com/Airport-Info/SD93
,Gettysburg Municipal,Gettysburg,SD ,USA,https://acukwik.com/Airport-Info/0D8
,Gettysburg Regional,Gettysburg,PA ,USA,https://acukwik.com/Airport-Info/W05
,Helicopter Applicators Inc,Gettysburg,PA ,USA,https://acukwik.com/Airport-Info/12PA
,Manor Landing,Gettysburg,PA ,USA,https://acukwik.com/Airport-Info/9PS8
,Morris,Gettysburg,PA ,USA,https://acukwik.com/Airport-Info/PS56
,Ramada Inn-Gettysburg,Gettysburg,PA ,USA,https://acukwik.com/Airport-Info/PS90
,The Gettysburg Hospital,Gettysburg,PA ,USA,https://acukwik.com/Airport-Info/PA11
,Kline Kill,Ghent,NY ,USA,https://acukwik.com/Airport-Info/NY1
,District 8 Emergency,Gibson,LA ,USA,https://acukwik.com/Airport-Info/LS64
,Mggenas,Gibson,IA ,USA,https://acukwik.com/Airport-Info/IA12
,Gibson Area Hospital,Gibson City,IL ,USA,https://acukwik.com/Airport-Info/9IS8
,Schertz Field,Gibson City,IL ,USA,https://acukwik.com/Airport-Info/9IS2
,Mclean Brothers,Gibsonville,NC ,USA,https://acukwik.com/Airport-Info/59NC
,Bar S Ranch,Giddings,TX ,USA,https://acukwik.com/Airport-Info/9TX1
KGYB,Giddings-Lee County,Giddings,TX ,USA,https://acukwik.com/Airport-Info/KGYB
,Gideon Memorial,Gideon,MO ,USA,https://acukwik.com/Airport-Info/M85
,East Gig Harbor,Gig Harbor,WA ,USA,https://acukwik.com/Airport-Info/6WA8
,Fire District 5 EMS,Gig Harbor,WA ,USA,https://acukwik.com/Airport-Info/WA50
KGXF,Gila Bend AF Aux,Gila Bend,AZ ,USA,https://acukwik.com/Airport-Info/KGXF
,Gila Bend Municipal,Gila Bend,AZ ,USA,https://acukwik.com/Airport-Info/E63
,Lakeside Airpark,Gila Bend,AZ ,USA,https://acukwik.com/Airport-Info/AZ05
KGAX,Williams Auxiliary Airfield 6,Gila Bend,AZ ,USA,https://acukwik.com/Airport-Info/KGAX
,Gilbert International Airpark,Gilbert,SC ,USA,https://acukwik.com/Airport-Info/SC45
,Mercy Gilbert Medical Center,Gilbert,AZ ,USA,https://acukwik.com/Airport-Info/06AZ
,Pixley-Richards Gilbert,Gilbert,AZ ,USA,https://acukwik.com/Airport-Info/3AZ1
,Sand Burr,Gilbert,SC ,USA,https://acukwik.com/Airport-Info/SC84
,Koppie,Gilberts,IL ,USA,https://acukwik.com/Airport-Info/7IS5
,Kentucky Dam State Park,Gilbertsville,KY ,USA,https://acukwik.com/Airport-Info/M34
,Bengtsson Field,Gilboa,NY ,USA,https://acukwik.com/Airport-Info/44NK
,B/G,Gilboa/Grand Gorge,NY ,USA,https://acukwik.com/Airport-Info/3NK7
,Sandy Rock,Gildford,MT ,USA,https://acukwik.com/Airport-Info/14MT
,Lindell Loveless,Gillespie,IL ,USA,https://acukwik.com/Airport-Info/LL45
,Campbell County Memorial Hospital,Gillette,WY ,USA,https://acukwik.com/Airport-Info/WY21
KGCC,Gillette-Campbell County,Gillette,WY ,USA,https://acukwik.com/Airport-Info/KGCC
,Little Buffalo Ranch,Gillette,WY ,USA,https://acukwik.com/Airport-Info/WY13
,Madsen,Gillette,WY ,USA,https://acukwik.com/Airport-Info/WY65
,Ohman Ranch,Gillette,WY ,USA,https://acukwik.com/Airport-Info/WY12
,Gilliam,Gilliam,LA ,USA,https://acukwik.com/Airport-Info/LA54
,B Tree Farms,Gillsville,GA ,USA,https://acukwik.com/Airport-Info/97GA
KJXI,Fox Stephens Field / Gilmer Municipal,Gilmer,TX ,USA,https://acukwik.com/Airport-Info/KJXI
,St Louise Regional Hospital,Gilroy,CA ,USA,https://acukwik.com/Airport-Info/5CL2
,Girard District Hospital,Girard,KS ,USA,https://acukwik.com/Airport-Info/SN80
,Alyeska Resort,Girdwood,AK ,USA,https://acukwik.com/Airport-Info/AK42
,Girdwood,Girdwood,AK ,USA,https://acukwik.com/Airport-Info/AQY
,Racs Magazine,Girdwood,AK ,USA,https://acukwik.com/Airport-Info/AN00
,Glacier Creek,Glacier Creek,AK ,USA,https://acukwik.com/Airport-Info/KGZ
,Gates Ranch,Glacier View,AK ,USA,https://acukwik.com/Airport-Info/28AK
,Dorsey Ranch,Glad Valley,SD ,USA,https://acukwik.com/Airport-Info/1SD0
,Pinyon,Glade Park,CO ,USA,https://acukwik.com/Airport-Info/CO43
,Gladewater Municipal,Gladewater,TX ,USA,https://acukwik.com/Airport-Info/07F
,Liberty Cross Landing,Gladstone,NJ ,USA,https://acukwik.com/Airport-Info/JY25
,West Gladstone,Gladstone,MI ,USA,https://acukwik.com/Airport-Info/43MI
KGDW,Gladwin Zettel Memorial,Gladwin,MI ,USA,https://acukwik.com/Airport-Info/KGDW
,Sugar Springs Airpark,Gladwin,MI ,USA,https://acukwik.com/Airport-Info/5M6
,Palmer Field,Glasco,KS ,USA,https://acukwik.com/Airport-Info/96KS
,Blatter,Glasgow,MT ,USA,https://acukwik.com/Airport-Info/25MT
,Creek Side Landing,Glasgow,KY ,USA,https://acukwik.com/Airport-Info/4KY1
,Glasgow Industrial,Glasgow,MT ,USA,https://acukwik.com/Airport-Info/07MT
KGLW,Glasgow Municipal,Glasgow,KY ,USA,https://acukwik.com/Airport-Info/KGLW
,Tj Samson Hospital,Glasgow,KY ,USA,https://acukwik.com/Airport-Info/7KY8
KGGW,Wokal Field/Glasgow-Valley County,Glasgow,MT ,USA,https://acukwik.com/Airport-Info/KGGW
,Thomas Browne Airpark,Glassboro,NJ ,USA,https://acukwik.com/Airport-Info/61NJ
,Clark Hill,Glastonbury,CT ,USA,https://acukwik.com/Airport-Info/CT02
,Corporate Center,Glastonbury,CT ,USA,https://acukwik.com/Airport-Info/CT38
,Eifling Farms,Glen Allan,MS ,USA,https://acukwik.com/Airport-Info/MS13
,Lewis,Glen Allan,MS ,USA,https://acukwik.com/Airport-Info/MS75
,Baltimore Washington Medical Center,Glen Burnie,MD ,USA,https://acukwik.com/Airport-Info/0MD0
,Tar Cove,Glen Burnie,MD ,USA,https://acukwik.com/Airport-Info/MD36
,Bullfrog Basin,Glen Canyon Natl Rec Area,UT ,USA,https://acukwik.com/Airport-Info/U07
,Circle Eight Ranch,Glen Rose,TX ,USA,https://acukwik.com/Airport-Info/XA04
,Circle P Ranch,Glen Rose,TX ,USA,https://acukwik.com/Airport-Info/41TA
,Glen Rose Medical Center,Glen Rose,TX ,USA,https://acukwik.com/Airport-Info/XA54
,Little 'l' Ranch,Glen Rose,TX ,USA,https://acukwik.com/Airport-Info/TS61
,Rancho Hielo Brazos,Glen Rose,TX ,USA,https://acukwik.com/Airport-Info/TA35
,Wright Ranch,Glen Rose,TX ,USA,https://acukwik.com/Airport-Info/TX93
,Wyatt 3-Rivers,Glen Rose,TX ,USA,https://acukwik.com/Airport-Info/8TS7
,Cuyler Field,Glen St Mary,FL ,USA,https://acukwik.com/Airport-Info/FD27
,Glen Ullin Regional,Glen Ullin,ND ,USA,https://acukwik.com/Airport-Info/D57
,Double A,Glenburn,ME ,USA,https://acukwik.com/Airport-Info/ME27
,Judy Strip,Glenburn,ND ,USA,https://acukwik.com/Airport-Info/ND18
KGYL,Glencoe Municipal,Glencoe,MN ,USA,https://acukwik.com/Airport-Info/KGYL
,Glencoe Regional Health Service,Glencoe,MN ,USA,https://acukwik.com/Airport-Info/MN82
,Lenling,Glencross,SD ,USA,https://acukwik.com/Airport-Info/0SD0
,700 North Brand,Glendale,CA ,USA,https://acukwik.com/Airport-Info/0CL4
,Abc7-Tv,Glendale,CA ,USA,https://acukwik.com/Airport-Info/06CL
,Bank Of America Glendale,Glendale,CA ,USA,https://acukwik.com/Airport-Info/CL19
,Banner Thunderbird Medical Center,Glendale,AZ ,USA,https://acukwik.com/Airport-Info/77AZ
,Cherry Creek Townhouse,Glendale,CO ,USA,https://acukwik.com/Airport-Info/CO62
,Dreamworks Helistop Glendale,Glendale,CA ,USA,https://acukwik.com/Airport-Info/5CA0
,Glendale Adventist Medical Center/GAMC,Glendale,CA ,USA,https://acukwik.com/Airport-Info/CL06
,Glendale Fokker Field,Glendale,WV ,USA,https://acukwik.com/Airport-Info/WV66
,Glendale Plaza Emergency,Glendale,CA ,USA,https://acukwik.com/Airport-Info/2CL7
KLUF,Luke AFB,Glendale,AZ ,USA,https://acukwik.com/Airport-Info/KLUF
,Nace Family Airstrip,Glendale,OR ,USA,https://acukwik.com/Airport-Info/OG41
,Verdugo Hills Hospital,Glendale,CA ,USA,https://acukwik.com/Airport-Info/95CL
,Adventist Glenoaks Medical Center,Glendale Heights,IL ,USA,https://acukwik.com/Airport-Info/IS09
,West Jersey Hospital,Glendale/Voorhees,NJ ,USA,https://acukwik.com/Airport-Info/5NJ9
KGDV,Dawson Community,Glendive,MT ,USA,https://acukwik.com/Airport-Info/KGDV
,Thomas Memorial,Glendo,WY ,USA,https://acukwik.com/Airport-Info/76V
,Big Dalton Dam Emergency,Glendora,CA ,USA,https://acukwik.com/Airport-Info/CL18
,Foothill Presbyterian Hospital,Glendora,CA ,USA,https://acukwik.com/Airport-Info/14CL
,Siletz Bay State,Gleneden Beach,OR ,USA,https://acukwik.com/Airport-Info/S45
,Jasmine Hill,Glenmora,LA ,USA,https://acukwik.com/Airport-Info/11LS
,Mackie Memorial,Glenmora,LA ,USA,https://acukwik.com/Airport-Info/LS95
,Snowshoe Lake,Glennallen,AK ,USA,https://acukwik.com/Airport-Info/5AK4
,Glenns Ferry Municipal,Glenns Ferry,ID ,USA,https://acukwik.com/Airport-Info/U89
,Health Center,Glenns Ferry,ID ,USA,https://acukwik.com/Airport-Info/3ID4
KGFL,Floyd Bennett Memorial,Glens Falls,NY ,USA,https://acukwik.com/Airport-Info/KGFL
,Glens Falls Hospital,Glens Falls,NY ,USA,https://acukwik.com/Airport-Info/10NK
,Northshore Glenbrook Hospital,Glenview,IL ,USA,https://acukwik.com/Airport-Info/0IS2
,Bakko Aviation,Glenwood,MN ,USA,https://acukwik.com/Airport-Info/MN71
,Caddo Lndg,Glenwood,AR ,USA,https://acukwik.com/Airport-Info/72AR
,Glenwood,Glenwood,NM ,USA,https://acukwik.com/Airport-Info/E94
KGHW,Glenwood Municipal,Glenwood,MN ,USA,https://acukwik.com/Airport-Info/KGHW
,Whitewater Mesa Ranch,Glenwood,NM ,USA,https://acukwik.com/Airport-Info/NM55
KGWS,Glenwood Springs Municipal,Glenwood Springs,CO ,USA,https://acukwik.com/Airport-Info/KGWS
,Lookout Mountain,Glenwood Springs,CO ,USA,https://acukwik.com/Airport-Info/CD42
,Sunlite,Glenwood Springs,CO ,USA,https://acukwik.com/Airport-Info/CD41
,Valley View Hospital,Glenwood Springs,CO ,USA,https://acukwik.com/Airport-Info/60CO
,Glide Aero,Glide,OR ,USA,https://acukwik.com/Airport-Info/17OR
,Hilltop,Glide,OR ,USA,https://acukwik.com/Airport-Info/98TE
,San Carlos Apache,Globe,AZ ,USA,https://acukwik.com/Airport-Info/P13
,Plouffe Landing,Glocester,RI ,USA,https://acukwik.com/Airport-Info/RI28
,New Quarter Farm,Gloucester,VA ,USA,https://acukwik.com/Airport-Info/92VA
,Nugent,Gloucester,MA ,USA,https://acukwik.com/Airport-Info/MA13
,Pond Road,Gloucester,MA ,USA,https://acukwik.com/Airport-Info/MA15
,Riverside Walter Reed Hospital,Gloucester,VA ,USA,https://acukwik.com/Airport-Info/VA70
,U S C G,Gloucester,MA ,USA,https://acukwik.com/Airport-Info/MA42
,Burr Oak Lodge,Glouster,OH ,USA,https://acukwik.com/Airport-Info/9OA6
,Winter Strip,Gluek,MN ,USA,https://acukwik.com/Airport-Info/2MN1
,Gnadenhutten,Gnadenhutten,OH ,USA,https://acukwik.com/Airport-Info/3OH8
,Eck Field,Goddard,KS ,USA,https://acukwik.com/Airport-Info/SN64
,Lake Waltanna,Goddard,KS ,USA,https://acukwik.com/Airport-Info/SN65
,Yoder Airpark,Goddard,KS ,USA,https://acukwik.com/Airport-Info/SN61
,Aresti Aerodrome,Godley,TX ,USA,https://acukwik.com/Airport-Info/20T
,Benjamin Franklin,Godley,TX ,USA,https://acukwik.com/Airport-Info/59TX
,Hawkins Field,Godley,TX ,USA,https://acukwik.com/Airport-Info/35TT
,Hiebert Airfield,Goessel,KS ,USA,https://acukwik.com/Airport-Info/17Q
,Camino Airstrip,Goffs,CA ,USA,https://acukwik.com/Airport-Info/CL29
,Country Club Air Park,Goffstown,NH ,USA,https://acukwik.com/Airport-Info/NH88
,Gold Beach Municipal,Gold Beach,OR ,USA,https://acukwik.com/Airport-Info/4S1
,Blackhawk Field,Gold Hill,NC ,USA,https://acukwik.com/Airport-Info/NR72
,Gold Hill,Gold Hill,NC ,USA,https://acukwik.com/Airport-Info/NC25
,Lonesome Field,Gold Hill,NC ,USA,https://acukwik.com/Airport-Info/1NC8
,Lz Carroll,Gold Hill,NC ,USA,https://acukwik.com/Airport-Info/4NC9
,Bel-Voir Acres,Golden,MO ,USA,https://acukwik.com/Airport-Info/MO04
,Lookout Center Field,Golden,CO ,USA,https://acukwik.com/Airport-Info/20CO
,Table Rock,Golden,MO ,USA,https://acukwik.com/Airport-Info/MO32
,Mcguire Airfield,Golden City,MO ,USA,https://acukwik.com/Airport-Info/7MO7
,Golden Horn Lodge,Golden Horn Lodge,AK ,USA,https://acukwik.com/Airport-Info/3Z8
,Harvey Gulf,Golden Meadow,LA ,USA,https://acukwik.com/Airport-Info/9LA0
,Brecht Strip,Golden Valley,ND ,USA,https://acukwik.com/Airport-Info/08ND
,Aerostone Airfield,Goldendale,WA ,USA,https://acukwik.com/Airport-Info/03WN
,Goldendale,Goldendale,WA ,USA,https://acukwik.com/Airport-Info/S20
,Hillcrest,Goldendale,WA ,USA,https://acukwik.com/Airport-Info/2WN9
,Piper Canyon,Goldendale,WA ,USA,https://acukwik.com/Airport-Info/9WA4
,Goldfield,Goldfield,NV ,USA,https://acukwik.com/Airport-Info/1A8
,Horse Mesa Dam Nr 2,Goldfield,AZ ,USA,https://acukwik.com/Airport-Info/AZ53
,Horse Mesa Nr 1,Goldfield,AZ ,USA,https://acukwik.com/Airport-Info/AZ55
,Lida Junction,Goldfield,NV ,USA,https://acukwik.com/Airport-Info/0L4
,Mormon Flat Dam,Goldfield,AZ ,USA,https://acukwik.com/Airport-Info/AZ56
,Stewart Mountain Dam,Goldfield,AZ ,USA,https://acukwik.com/Airport-Info/AZ54
,Carolina Kidney,Goldsboro,NC ,USA,https://acukwik.com/Airport-Info/5NC0
,Scottbrook Farm,Goldsboro,NC ,USA,https://acukwik.com/Airport-Info/2NC4
KGSB,Seymour Johnson AFB,Goldsboro,NC ,USA,https://acukwik.com/Airport-Info/KGSB
KGWW,Wayne Executive Jetport,Goldsboro,NC ,USA,https://acukwik.com/Airport-Info/KGWW
,Wayne Memorial Hospital Inc,Goldsboro,NC ,USA,https://acukwik.com/Airport-Info/0NC0
,David Jay Perry,Goldsby,OK ,USA,https://acukwik.com/Airport-Info/1K4
,Dick's,Goldsby,OK ,USA,https://acukwik.com/Airport-Info/OK02
,Pacer Field,Goldsby,OK ,USA,https://acukwik.com/Airport-Info/5OK4
,Paradise Air Haven,Goldsby,OK ,USA,https://acukwik.com/Airport-Info/39OK
,Derksen,Goldston,NC ,USA,https://acukwik.com/Airport-Info/52NR
,Cabrito,Goldthwaite,TX ,USA,https://acukwik.com/Airport-Info/98TS
,Flying 7h Ranch,Goldthwaite,TX ,USA,https://acukwik.com/Airport-Info/TA76
,Goldthwaite Municipal,Goldthwaite,TX ,USA,https://acukwik.com/Airport-Info/T37
,Gritz Field,Goliad,TX ,USA,https://acukwik.com/Airport-Info/XS46
,Lantana Ridge,Goliad,TX ,USA,https://acukwik.com/Airport-Info/18XA
,Skid Row Airpark,Golinda,TX ,USA,https://acukwik.com/Airport-Info/42XA
PAGL,Golovin,Golovin,AK ,USA,https://acukwik.com/Airport-Info/PAGL
,D'angelo,Golts,MD ,USA,https://acukwik.com/Airport-Info/6MD7
,Boyd's Turf,Golva,ND ,USA,https://acukwik.com/Airport-Info/0NA9
,Double H Ranch,Gonzales,LA ,USA,https://acukwik.com/Airport-Info/0LA1
,Galvez-Lake Vfd,Gonzales,LA ,USA,https://acukwik.com/Airport-Info/8LA8
,Gonzales Memorial Hospital,Gonzales,TX ,USA,https://acukwik.com/Airport-Info/30XS
KREG,Louisiana Regional,Gonzales,LA ,USA,https://acukwik.com/Airport-Info/KREG
,Roger M. Dreyer Memorial,Gonzales,TX ,USA,https://acukwik.com/Airport-Info/T20
,Shell Chemical East Site,Gonzales,LA ,USA,https://acukwik.com/Airport-Info/00LA
,Shell Chemical West Site,Gonzales,LA ,USA,https://acukwik.com/Airport-Info/5LS0
,St Elizabeth Hospital,Gonzales,LA ,USA,https://acukwik.com/Airport-Info/LA84
,Earlybird,Goodfield,IL ,USA,https://acukwik.com/Airport-Info/IL35
,Sodbuster Strip,Goodhue,MN ,USA,https://acukwik.com/Airport-Info/6MN7
KGNG,Gooding Municipal,Gooding,ID ,USA,https://acukwik.com/Airport-Info/KGNG
,"North Canyon Medical Center, Inc",Gooding,ID ,USA,https://acukwik.com/Airport-Info/1ID8
,Bellamy Farm,Goodland,KS ,USA,https://acukwik.com/Airport-Info/27KS
KGLD,Renner Field/Goodland Municipal,Goodland,KS ,USA,https://acukwik.com/Airport-Info/KGLD
,Williams Field,Goodland,TX ,USA,https://acukwik.com/Airport-Info/TX99
,Nowhere,Goodlett,TX ,USA,https://acukwik.com/Airport-Info/00TT
,Dollar General,Goodlettsville,TN ,USA,https://acukwik.com/Airport-Info/9TN8
,Peterson,Goodman,MS ,USA,https://acukwik.com/Airport-Info/1MS2
,Goodnews,Goodnews,AK ,USA,https://acukwik.com/Airport-Info/GNU
,Pinewood Air Park,Goodnow,WI ,USA,https://acukwik.com/Airport-Info/WS39
,Loghouse /Stol,Goodrich,TX ,USA,https://acukwik.com/Airport-Info/TE38
KGYR,Phoenix Goodyear,Goodyear,AZ ,USA,https://acukwik.com/Airport-Info/KGYR
,West Valley Medical Center,Goodyear,AZ ,USA,https://acukwik.com/Airport-Info/76AZ
,Goose Bay,Goose Bay,AK ,USA,https://acukwik.com/Airport-Info/Z40
,Mount Holly,Goose Creek,SC ,USA,https://acukwik.com/Airport-Info/SC98
KGRN,Gordon Municipal,Gordon,NE ,USA,https://acukwik.com/Airport-Info/KGRN
,Moore Ranch,Gordon,TX ,USA,https://acukwik.com/Airport-Info/83TS
,Tailwind Ranch,Gordon,GA ,USA,https://acukwik.com/Airport-Info/31GE
KGVE,Gordonsville Municipal,Gordonsville,VA ,USA,https://acukwik.com/Airport-Info/KGVE
,Cedar Mills,Gordonville,TX ,USA,https://acukwik.com/Airport-Info/3T0
,Al's Field,Gore,VA ,USA,https://acukwik.com/Airport-Info/48VA
,Timber Ridge Airpark,Gore,VA ,USA,https://acukwik.com/Airport-Info/VA46
,Kellums,Goreville,IL ,USA,https://acukwik.com/Airport-Info/16IS
,Gorham,Gorham,NH ,USA,https://acukwik.com/Airport-Info/2G8
,Midlakes,Gorham,NY ,USA,https://acukwik.com/Airport-Info/92G
,Moody Field,Gorham,ME ,USA,https://acukwik.com/Airport-Info/21ME
,Webster Field,Gorham,ME ,USA,https://acukwik.com/Airport-Info/ME91
,Howard,Gorin,MO ,USA,https://acukwik.com/Airport-Info/MO82
,Quail Lake Sky Park,Gorman/Lancaster,CA ,USA,https://acukwik.com/Airport-Info/CL46
,Countryview,Goshen,IN ,USA,https://acukwik.com/Airport-Info/IN34
KGSH,Goshen Municipal,Goshen,IN ,USA,https://acukwik.com/Airport-Info/KGSH
,Hallelujah Field,Goshen,OH ,USA,https://acukwik.com/Airport-Info/OI40
,Hickory Grove Airpark,Goshen,OH ,USA,https://acukwik.com/Airport-Info/OH65
,Obannon Creek Aerodrome,Goshen,OH ,USA,https://acukwik.com/Airport-Info/OH66
,Wings Ago Airstrip,Goshen,CT ,USA,https://acukwik.com/Airport-Info/CT42
,Randal Field,Gosnell,AR ,USA,https://acukwik.com/Airport-Info/70AR
,Canapitsit,Gosnold,MA ,USA,https://acukwik.com/Airport-Info/15MA
,Cuttyhunk,Gosnold,MA ,USA,https://acukwik.com/Airport-Info/02MA
,Shenandoah Flying Field,Gosport,IN ,USA,https://acukwik.com/Airport-Info/3II1
,Gothenburg Memorial Hospital,Gothenburg,NE ,USA,https://acukwik.com/Airport-Info/NE16
KGTE,Gothenburg Municipal,Gothenburg,NE ,USA,https://acukwik.com/Airport-Info/KGTE
,Hendricks Field,Gouverneur,NY ,USA,https://acukwik.com/Airport-Info/NK16
,Cowtown,Govan,SC ,USA,https://acukwik.com/Airport-Info/98SC
,Coberly,Gove,KS ,USA,https://acukwik.com/Airport-Info/86KS
,Lundgren Angus Ranch,Gove,KS ,USA,https://acukwik.com/Airport-Info/9KS6
,Gowanda,Gowanda,NY ,USA,https://acukwik.com/Airport-Info/D59
,Simpson,Grace,ID ,USA,https://acukwik.com/Airport-Info/ID62
,Kapaun-Wilson Field,Graceville,MN ,USA,https://acukwik.com/Airport-Info/4MN5
,Kirkland,Graceville,FL ,USA,https://acukwik.com/Airport-Info/FD26
,Cosmo Field,Graford,TX ,USA,https://acukwik.com/Airport-Info/TT16
,Possum Kingdom,Graford,TX ,USA,https://acukwik.com/Airport-Info/F35
,Aurora Medical Center Grafton,Grafton,WI ,USA,https://acukwik.com/Airport-Info/03WI
,Dept Of Juvenile Justice,Grafton,IL ,USA,https://acukwik.com/Airport-Info/8IS3
,Grafton City Hospital,Grafton,WV ,USA,https://acukwik.com/Airport-Info/22WV
KGAF,Hutson Field,Grafton,ND ,USA,https://acukwik.com/Airport-Info/KGAF
,Mole,Grafton,OH ,USA,https://acukwik.com/Airport-Info/1OA2
,Prescott Hill,Grafton,NH ,USA,https://acukwik.com/Airport-Info/NH24
,Beulah Field,Graham,TX ,USA,https://acukwik.com/Airport-Info/01TX
,Burkett Ranch/Jackson Pasture,Graham,TX ,USA,https://acukwik.com/Airport-Info/TT40
,"Costello Island, Inc",Graham,TX ,USA,https://acukwik.com/Airport-Info/4TA3
KRPH,Graham Municipal,Graham,TX ,USA,https://acukwik.com/Airport-Info/KRPH
,Lone Star Pad 1,Graham,WA ,USA,https://acukwik.com/Airport-Info/8WA1
,Rosser Ranch,Graham,TX ,USA,https://acukwik.com/Airport-Info/10TT
,East Kansas City,Grain Valley,MO ,USA,https://acukwik.com/Airport-Info/3GV
,Homestead,Grain Valley,MO ,USA,https://acukwik.com/Airport-Info/9MU4
,Washburn Farm,Grain Valley,MO ,USA,https://acukwik.com/Airport-Info/62MO
,Coppersmith,Grainton,NE ,USA,https://acukwik.com/Airport-Info/2NE6
,Carl Ensor,Grainville,MO ,USA,https://acukwik.com/Airport-Info/61MO
,Doublewide Ranch,Granbury,TX ,USA,https://acukwik.com/Airport-Info/TA90
KGDJ,Granbury Regional,Granbury,TX ,USA,https://acukwik.com/Airport-Info/KGDJ
,Nassau Bay,Granbury,TX ,USA,https://acukwik.com/Airport-Info/0TX0
,Parker,Granbury,TX ,USA,https://acukwik.com/Airport-Info/TS89
,Pecan Plantation,Granbury,TX ,USA,https://acukwik.com/Airport-Info/0TX1
,The Landings,Granbury,TX ,USA,https://acukwik.com/Airport-Info/66TE
KGNB,Granby-Grand County,Granby,CO ,USA,https://acukwik.com/Airport-Info/KGNB
,Kremmling Memorial Hospital,Granby,CO ,USA,https://acukwik.com/Airport-Info/51CO
,Lynch Field,Granby,MO ,USA,https://acukwik.com/Airport-Info/44MU
,Ascension Genesys Hospital,Grand Blanc,MI ,USA,https://acukwik.com/Airport-Info/8MI1
KGCN,Grand Canyon National Park,Grand Canyon,AZ ,USA,https://acukwik.com/Airport-Info/KGCN
,Valle- Grand Canyon,Grand Canyon,AZ ,USA,https://acukwik.com/Airport-Info/40G
,Little Pecan Island,Grand Chenier,LA ,USA,https://acukwik.com/Airport-Info/3LA4
,Aeleron,Grand Coteau,LA ,USA,https://acukwik.com/Airport-Info/08LS
,Coulee Medical Cntr,Grand Coulee,WA ,USA,https://acukwik.com/Airport-Info/2WA5
,Rice Ranch,Grand Coulee,WA ,USA,https://acukwik.com/Airport-Info/2WA6
,Casslindan,Grand Forks,ND ,USA,https://acukwik.com/Airport-Info/2ND3
KRDR,Grand Forks Afb,Grand Forks,ND ,USA,https://acukwik.com/Airport-Info/KRDR
KGFK,Grand Forks International,Grand Forks,ND ,USA,https://acukwik.com/Airport-Info/KGFK
,Grand Haven Memorial Airpark,Grand Haven,MI ,USA,https://acukwik.com/Airport-Info/3GM
,North Ottawa Community Hospital,Grand Haven,MI ,USA,https://acukwik.com/Airport-Info/84MI
KGRI,Central Nebraska Regional,Grand Island,NE ,USA,https://acukwik.com/Airport-Info/KGRI
,St Francis Medical Center,Grand Island,NE ,USA,https://acukwik.com/Airport-Info/NE76
,Conoco Inc,Grand Isle,LA ,USA,https://acukwik.com/Airport-Info/0LA5
,Era Helicopters Fourchon Helibase,Grand Isle,LA ,USA,https://acukwik.com/Airport-Info/09LA
,Exxon,Grand Isle,LA ,USA,https://acukwik.com/Airport-Info/0LA7
,Medicant Island,Grand Isle,LA ,USA,https://acukwik.com/Airport-Info/LS56
,Middle Hero,Grand Isle,VT ,USA,https://acukwik.com/Airport-Info/29VT
,Savage Island,Grand Isle,VT ,USA,https://acukwik.com/Airport-Info/VT15
,Blm Fire Center,Grand Junction,CO ,USA,https://acukwik.com/Airport-Info/28CO
KGJT,Grand Junction Regional Walker Field,Grand Junction,CO ,USA,https://acukwik.com/Airport-Info/KGJT
,Lands End,Grand Junction,CO ,USA,https://acukwik.com/Airport-Info/2CO9
,Mountain Bell,Grand Junction,CO ,USA,https://acukwik.com/Airport-Info/82CO
,St Mary's Hospital & Medical Center,Grand Junction,CO ,USA,https://acukwik.com/Airport-Info/29CO
,St Somewhere,Grand Junction,TN ,USA,https://acukwik.com/Airport-Info/6TN7
,Abrams Municipal,Grand Ledge,MI ,USA,https://acukwik.com/Airport-Info/4D0
,Grand Marais,Grand Marais,MI ,USA,https://acukwik.com/Airport-Info/Y98
KCKC,Grand Marais/Cook County,Grand Marais,MN ,USA,https://acukwik.com/Airport-Info/KCKC
,Grand Marais/Cook County,Grand Marais,MN ,USA,https://acukwik.com/Airport-Info/0G5
,Gunflint Lodge,Grand Marais,MN ,USA,https://acukwik.com/Airport-Info/M56
,Loon Lake,Grand Marais,MN ,USA,https://acukwik.com/Airport-Info/83MN
,North Shore Health,Grand Marais,MN ,USA,https://acukwik.com/Airport-Info/80MN
,Northbound,Grand Papids,MN ,USA,https://acukwik.com/Airport-Info/5MN6
,Dallas/Fort Worth Medical Center,Grand Prairie,TX ,USA,https://acukwik.com/Airport-Info/56TA
KGPM,Grand Prairie Municipal,Grand Prairie,TX ,USA,https://acukwik.com/Airport-Info/KGPM
,Heliport-Facility 5a,Grand Prairie,TX ,USA,https://acukwik.com/Airport-Info/0TX2
,Premier Aviation Inc,Grand Prairie,TX ,USA,https://acukwik.com/Airport-Info/TA88
,Amway Downtown,Grand Rapids,MI ,USA,https://acukwik.com/Airport-Info/9MI3
KGRR,Gerald R Ford International,Grand Rapids,MI ,USA,https://acukwik.com/Airport-Info/KGRR
,Grand Itasca Clinic And Hospital,Grand Rapids,MN ,USA,https://acukwik.com/Airport-Info/MN20
KGPZ,Grand Rapids/Itasca County-Gordon Newstrom Field,Grand Rapids,MN ,USA,https://acukwik.com/Airport-Info/KGPZ
,Lily Lake,Grand Rapids,MN ,USA,https://acukwik.com/Airport-Info/12MN
,Spectrum Health Blodgett,Grand Rapids,MI ,USA,https://acukwik.com/Airport-Info/2MI1
,Spectrum Health Butterworth,Grand Rapids,MI ,USA,https://acukwik.com/Airport-Info/MI97
,St Mary's Hospital,Grand Rapids,MI ,USA,https://acukwik.com/Airport-Info/MI63
,Wabana,Grand Rapids,MN ,USA,https://acukwik.com/Airport-Info/9MN2
,Bowen Lake Ranch,Grand Saline,TX ,USA,https://acukwik.com/Airport-Info/96TS
,Grand Tower,Grand Tower,IL ,USA,https://acukwik.com/Airport-Info/3IS9
,Grandfield Municipal,Grandfield,OK ,USA,https://acukwik.com/Airport-Info/1O1
,Dakota,Grandin,ND ,USA,https://acukwik.com/Airport-Info/NA60
,Double S Ranch,Grandin,MO ,USA,https://acukwik.com/Airport-Info/1MO6
,Double A,Grandview,TX ,USA,https://acukwik.com/Airport-Info/XA75
,Drennan,Grandview,TX ,USA,https://acukwik.com/Airport-Info/3XA0
,Flying M Ranch,Grandview,TX ,USA,https://acukwik.com/Airport-Info/11TE
,Pharmnall,Grandview,TX ,USA,https://acukwik.com/Airport-Info/22TA
,Weller,Grandville,MI ,USA,https://acukwik.com/Airport-Info/MI78
,Cotton Gin,Grandy,NC ,USA,https://acukwik.com/Airport-Info/NC36
,C V,Granger,IN ,USA,https://acukwik.com/Airport-Info/II43
,Foos Field,Granger,IN ,USA,https://acukwik.com/Airport-Info/IN82
,Hungry Ridge Ranch,Grangeville,ID ,USA,https://acukwik.com/Airport-Info/37ID
KGIC,Idaho County,Grangeville,ID ,USA,https://acukwik.com/Airport-Info/KGIC
,Pinnacle,Grangeville,ID ,USA,https://acukwik.com/Airport-Info/0ID8
,Running Creek Ranch,Grangeville,ID ,USA,https://acukwik.com/Airport-Info/05ID
,Wind Ridge,Grangeville,ID ,USA,https://acukwik.com/Airport-Info/66ID
,Granite,Granite,CO ,USA,https://acukwik.com/Airport-Info/CD43
,Twin Lakes Ranch,Granite,OK ,USA,https://acukwik.com/Airport-Info/81OK
,Gateway Regional Medical Center,Granite City,IL ,USA,https://acukwik.com/Airport-Info/38LL
KGDB,Granite Falls Municipal/Lenzen-Roe-Fagen Memorial,Granite Falls,MN ,USA,https://acukwik.com/Airport-Info/KGDB
,Green Valley Airfield,Granite Falls,WA ,USA,https://acukwik.com/Airport-Info/WA25
PAGZ,Granite Mountain As,Granite Mountain,AK ,USA,https://acukwik.com/Airport-Info/PAGZ
,Granite Shoals/ Bob Sylvester Airpark,Granite Shoals,TX ,USA,https://acukwik.com/Airport-Info/2G5
,Twin Lakes,Graniteville,SC ,USA,https://acukwik.com/Airport-Info/S17
KGGF,Grant Municipal,Grant,NE ,USA,https://acukwik.com/Airport-Info/KGGF
,Hendricks Field,Grant,NE ,USA,https://acukwik.com/Airport-Info/27NE
,Kumor,Grant,NE ,USA,https://acukwik.com/Airport-Info/2NE7
,Mussman,Grant Park,IL ,USA,https://acukwik.com/Airport-Info/7IL0
,Cox-Grantham Airfield,Grantham,NC ,USA,https://acukwik.com/Airport-Info/6NC0
,Cunningham,Granton,WI ,USA,https://acukwik.com/Airport-Info/2WN6
KGNT,Grants-Milan Municipal,Grants,NM ,USA,https://acukwik.com/Airport-Info/KGNT
,Grants Pass,Grants Pass,OR ,USA,https://acukwik.com/Airport-Info/3S8
,Placer,Grants Pass,OR ,USA,https://acukwik.com/Airport-Info/OR48
,Three Rivers Medical Center,Grants Pass,OR ,USA,https://acukwik.com/Airport-Info/OR19
,Winkle Bar,Grants Pass,OR ,USA,https://acukwik.com/Airport-Info/OR74
,Burnett Medical Center,Grantsburg,WI ,USA,https://acukwik.com/Airport-Info/WI59
,Circle T,Grantsburg,WI ,USA,https://acukwik.com/Airport-Info/WS77
KGTG,Grantsburg Muni,Grantsburg,WI ,USA,https://acukwik.com/Airport-Info/KGTG
,Vienna Correctional Center,Grantsburg,IL ,USA,https://acukwik.com/Airport-Info/IL61
,Murphy's Landing,Grantville,GA ,USA,https://acukwik.com/Airport-Info/80GA
,Granville,Granville,NY ,USA,https://acukwik.com/Airport-Info/01NK
,Morehaven,Granville,MA ,USA,https://acukwik.com/Airport-Info/MA43
,Baylor Scott & White Med Ctr - Grapevine,Grapevine,TX ,USA,https://acukwik.com/Airport-Info/78TX
,Grasmere,Grasmere,ID ,USA,https://acukwik.com/Airport-Info/U91
,Queen Anne Er,Grasonville,MD ,USA,https://acukwik.com/Airport-Info/50MD
,Dague Strip,Grass Creek,IN ,USA,https://acukwik.com/Airport-Info/II12
,16 Ranch,Grass Range,MT ,USA,https://acukwik.com/Airport-Info/36MT
,Matovich,Grass Range,MT ,USA,https://acukwik.com/Airport-Info/08MT
,N Bar Ranch,Grass Range,MT ,USA,https://acukwik.com/Airport-Info/19MT
,Alta Sierra,Grass Valley,CA ,USA,https://acukwik.com/Airport-Info/09CL
KGOO,Nevada County,Grass Valley,CA ,USA,https://acukwik.com/Airport-Info/KGOO
,River Highlands Ranch,Grass Valley,CA ,USA,https://acukwik.com/Airport-Info/CN86
,Sierra Nevada Memorial Hospital,Grass Valley,CA ,USA,https://acukwik.com/Airport-Info/CA15
,Folmar,Grassflat,PA ,USA,https://acukwik.com/Airport-Info/07PN
,Farpoint Airfield,Gratis,OH ,USA,https://acukwik.com/Airport-Info/OI36
,Gravette Field,Gravette,AR ,USA,https://acukwik.com/Airport-Info/AR09
,Ozarks Community Hospital,Gravette,AR ,USA,https://acukwik.com/Airport-Info/0AR4
,Harbour,Gravois Mills,MO ,USA,https://acukwik.com/Airport-Info/MO30
,Sherlock Field,Gravois Mills,MO ,USA,https://acukwik.com/Airport-Info/1MO8
,Center Field,Gray,TN ,USA,https://acukwik.com/Airport-Info/93TN
,Dry Pond,Gray,ME ,USA,https://acukwik.com/Airport-Info/ME80
,Frogg Island,Gray,ME ,USA,https://acukwik.com/Airport-Info/5ME2
,Grayland Intergalactic,Grayland,WA ,USA,https://acukwik.com/Airport-Info/43IG
PAGX,Grayling,Grayling,AK ,USA,https://acukwik.com/Airport-Info/PAGX
KGOV,Grayling AAF,Grayling,MI ,USA,https://acukwik.com/Airport-Info/KGOV
,Campbell,Grayslake,IL ,USA,https://acukwik.com/Airport-Info/C81
,NW Lake Forest Hospital-Grayslake,Grayslake,IL ,USA,https://acukwik.com/Airport-Info/LL14
,Bea-D,Graytown,OH ,USA,https://acukwik.com/Airport-Info/7OI5
KGBR,Walter J Koladza,Great Barrington,MA ,USA,https://acukwik.com/Airport-Info/KGBR
,Button,Great Bend,KS ,USA,https://acukwik.com/Airport-Info/SN67
KGBD,Great Bend Municipal,Great Bend,KS ,USA,https://acukwik.com/Airport-Info/KGBD
,Oasis Aerodrome,Great Bend,KS ,USA,https://acukwik.com/Airport-Info/0KS5
,Agfertilizers,Great Falls,MT ,USA,https://acukwik.com/Airport-Info/MT17
,Benefis Healthcare,Great Falls,MT ,USA,https://acukwik.com/Airport-Info/MT70
,Columbus Hospital,Great Falls,MT ,USA,https://acukwik.com/Airport-Info/MT27
KGTF,Great Falls International,Great Falls,MT ,USA,https://acukwik.com/Airport-Info/KGTF
,Horner Field,Great Falls,MT ,USA,https://acukwik.com/Airport-Info/MT49
KGFA,Malmstrom Afb,Great Falls,MT ,USA,https://acukwik.com/Airport-Info/KGFA
,Reverse 5 Bar M,Great Falls,MT ,USA,https://acukwik.com/Airport-Info/31MT
,John E Rogers,Great Meadows,NJ ,USA,https://acukwik.com/Airport-Info/NJ65
