icao,airport_name,city,state,country,airport_link,source_url,raw_image,cleaned_image,status,error,crop_bbox
BIAR,Akureyri,Akureyri,,ICELAND,https://acukwik.com/Airport-Info/BIAR,https://acukwik.com/extimages/Listing-Images/BIAR.jpg,runway_diagrams/raw/BIAR.jpg,runway_diagrams/cleaned/BIAR.jpg,ok,,"0,0,575,450"
BIKF,Keflavik International,Keflavik,,ICELAND,https://acukwik.com/Airport-Info/BIKF,https://acukwik.com/extimages/Listing-Images/BIKF.jpg,runway_diagrams/raw/BIKF.jpg,runway_diagrams/cleaned/BIKF.jpg,ok,,"0,0,1000,870"
BIRK,Reykjavik City,Reykjavik,,ICELAND,https://acukwik.com/Airport-Info/BIRK,https://acukwik.com/extimages/Listing-Images/BIRK.jpg,runway_diagrams/raw/BIRK.jpg,runway_diagrams/cleaned/BIRK.jpg,ok,,"0,0,1000,1217"
CYEG,Edmonton International,Edmonton,AB,CANADA,https://acukwik.com/Airport-Info/CYEG,https://acukwik.com/extimages/Listing-Images/CYEG.jpg,runway_diagrams/raw/CYEG.jpg,runway_diagrams/cleaned/CYEG.jpg,ok,,"0,0,414,630"
CYHM,John C Munro Hamilton International,Hamilton,ON,CANADA,https://acukwik.com/Airport-Info/CYHM,https://acukwik.com/extimages/Listing-Images/CYHM.jpg,runway_diagrams/raw/CYHM.jpg,runway_diagrams/cleaned/CYHM.jpg,ok,,"0,0,575,525"
CYHU,Montreal Metropolitan,Montreal,QC,CANADA,https://acukwik.com/Airport-Info/CYHU,https://acukwik.com/extimages/Listing-Images/CYHU.jpg,runway_diagrams/raw/CYHU.jpg,runway_diagrams/cleaned/CYHU.jpg,ok,,"0,0,1000,870"
CYHZ,Halifax Stanfield International,Halifax,NS,CANADA,https://acukwik.com/Airport-Info/CYHZ,https://acukwik.com/extimages/Listing-Images/CYHZ.jpg,runway_diagrams/raw/CYHZ.jpg,runway_diagrams/cleaned/CYHZ.jpg,ok,,"0,0,414,459"
CYKF,Region of Waterloo International,Kitchener,ON,CANADA,https://acukwik.com/Airport-Info/CYKF,https://acukwik.com/extimages/Listing-Images/CYKF.jpg,runway_diagrams/raw/CYKF.jpg,runway_diagrams/cleaned/CYKF.jpg,ok,,"0,0,575,550"
CYLS,Lake Simcoe Regional,Barrie-Orillia,ON,CANADA,https://acukwik.com/Airport-Info/CYLS,https://acukwik.com/extimages/Listing-Images/CYLS.jpg,runway_diagrams/raw/CYLS.jpg,runway_diagrams/cleaned/CYLS.jpg,ok,,"0,0,1000,739"
CYLW,Kelowna International,Kelowna,BC,CANADA,https://acukwik.com/Airport-Info/CYLW,https://acukwik.com/extimages/Listing-Images/CYLW.jpg,runway_diagrams/raw/CYLW.jpg,runway_diagrams/cleaned/CYLW.jpg,ok,,"0,0,575,650"
CYMM,Fort McMurray,Fort McMurray,AB,CANADA,https://acukwik.com/Airport-Info/CYMM,https://acukwik.com/extimages/Listing-Images/CYMM.jpg,runway_diagrams/raw/CYMM.jpg,runway_diagrams/cleaned/CYMM.jpg,ok,,"0,0,414,306"
CYND,Gatineau-Ottawa Executive,Ottawa,QC,CANADA,https://acukwik.com/Airport-Info/CYND,https://acukwik.com/extimages/Listing-Images/CYND.jpg,runway_diagrams/raw/CYND.jpg,runway_diagrams/cleaned/CYND.jpg,ok,,"0,0,575,425"
CYOW,Ottawa MacDonald Cartier Intl,Ottawa,ON,CANADA,https://acukwik.com/Airport-Info/CYOW,https://acukwik.com/extimages/Listing-Images/CYOW.jpg,runway_diagrams/raw/CYOW.jpg,runway_diagrams/cleaned/CYOW.jpg,ok,,"0,0,575,500"
CYPK,Pitt Meadows Regional,Pitt Meadows,BC,CANADA,https://acukwik.com/Airport-Info/CYPK,https://acukwik.com/extimages/Listing-Images/CYPK.jpg,runway_diagrams/raw/CYPK.jpg,runway_diagrams/cleaned/CYPK.jpg,ok,,"0,0,1000,1043"
CYQB,Quebec City Jean Lesage International,Quebec City,QC,CANADA,https://acukwik.com/Airport-Info/CYQB,https://acukwik.com/extimages/Listing-Images/CYQB.jpg,runway_diagrams/raw/CYQB.jpg,runway_diagrams/cleaned/CYQB.jpg,ok,,"0,0,1000,1043"
CYQG,Windsor,Windsor,ON,CANADA,https://acukwik.com/Airport-Info/CYQG,https://acukwik.com/extimages/Listing-Images/CYQG.jpg,runway_diagrams/raw/CYQG.jpg,runway_diagrams/cleaned/CYQG.jpg,ok,,"0,0,575,600"
CYQR,Regina International,Regina,SK,CANADA,https://acukwik.com/Airport-Info/CYQR,https://acukwik.com/extimages/Listing-Images/CYQR.jpg,runway_diagrams/raw/CYQR.jpg,runway_diagrams/cleaned/CYQR.jpg,ok,,"0,0,575,525"
CYQT,Thunder Bay,Thunder Bay,ON,CANADA,https://acukwik.com/Airport-Info/CYQT,https://acukwik.com/extimages/Listing-Images/CYQT.jpg,runway_diagrams/raw/CYQT.jpg,runway_diagrams/cleaned/CYQT.jpg,ok,,"0,0,575,450"
CYQX,Gander International,Gander,NL,CANADA,https://acukwik.com/Airport-Info/CYQX,https://acukwik.com/extimages/Listing-Images/CYQX.jpg,runway_diagrams/raw/CYQX.jpg,runway_diagrams/cleaned/CYQX.jpg,ok,,"0,0,575,600"
CYRL,Red Lake,Red Lake,ON,CANADA,https://acukwik.com/Airport-Info/CYRL,https://acukwik.com/extimages/Listing-Images/CYRL.jpg,runway_diagrams/raw/CYRL.jpg,runway_diagrams/cleaned/CYRL.jpg,ok,,"0,0,575,425"
CYTZ,Billy Bishop Toronto City,Toronto,ON,CANADA,https://acukwik.com/Airport-Info/CYTZ,https://acukwik.com/extimages/Listing-Images/CYTZ.jpg,runway_diagrams/raw/CYTZ.jpg,runway_diagrams/cleaned/CYTZ.jpg,ok,,"0,0,575,475"
CYUL,Montreal/Pierre Elliott Trudeau Intl,Montreal,QC,CANADA,https://acukwik.com/Airport-Info/CYUL,https://acukwik.com/extimages/Listing-Images/CYUL.jpg,runway_diagrams/raw/CYUL.jpg,runway_diagrams/cleaned/CYUL.jpg,ok,,"0,0,575,713"
CYVR,Vancouver International,Vancouver,BC,CANADA,https://acukwik.com/Airport-Info/CYVR,https://acukwik.com/extimages/Listing-Images/CYVR.jpg,runway_diagrams/raw/CYVR.jpg,runway_diagrams/cleaned/CYVR.jpg,ok,,"0,0,1000,957"
CYWG,James Armstrong Richardson/Winnipeg International,Winnipeg,MB,CANADA,https://acukwik.com/Airport-Info/CYWG,https://acukwik.com/extimages/Listing-Images/CYWG.jpg,runway_diagrams/raw/CYWG.jpg,runway_diagrams/cleaned/CYWG.jpg,ok,,"0,0,575,700"
CYXE,Saskatoon J G Diefenbaker Intl,Saskatoon,SK,CANADA,https://acukwik.com/Airport-Info/CYXE,https://acukwik.com/extimages/Listing-Images/CYXE.jpg,runway_diagrams/raw/CYXE.jpg,runway_diagrams/cleaned/CYXE.jpg,ok,,"0,0,1000,870"
CYXS,Prince George,Prince George,BC,CANADA,https://acukwik.com/Airport-Info/CYXS,https://acukwik.com/extimages/Listing-Images/CYXS.jpg,runway_diagrams/raw/CYXS.jpg,runway_diagrams/cleaned/CYXS.jpg,ok,,"0,0,575,600"
CYXU,London,London,ON,CANADA,https://acukwik.com/Airport-Info/CYXU,https://acukwik.com/extimages/Listing-Images/CYXU.jpg,runway_diagrams/raw/CYXU.jpg,runway_diagrams/cleaned/CYXU.jpg,ok,,"0,0,575,600"
CYXX,Abbotsford International,Abbotsford,BC,CANADA,https://acukwik.com/Airport-Info/CYXX,https://acukwik.com/extimages/Listing-Images/CYXX.jpg,runway_diagrams/raw/CYXX.jpg,runway_diagrams/cleaned/CYXX.jpg,ok,,"0,0,1000,870"
CYYC,Calgary International,Calgary,AB,CANADA,https://acukwik.com/Airport-Info/CYYC,https://acukwik.com/extimages/Listing-Images/CYYC.jpg,runway_diagrams/raw/CYYC.jpg,runway_diagrams/cleaned/CYYC.jpg,ok,,"0,0,1000,1696"
CYYJ,Victoria International,Victoria,BC,CANADA,https://acukwik.com/Airport-Info/CYYJ,https://acukwik.com/extimages/Listing-Images/CYYJ.jpg,runway_diagrams/raw/CYYJ.jpg,runway_diagrams/cleaned/CYYJ.jpg,ok,,"0,0,575,525"
CYYR,Goose Bay,Goose Bay,NL,CANADA,https://acukwik.com/Airport-Info/CYYR,https://acukwik.com/extimages/Listing-Images/CYYR.jpg,runway_diagrams/raw/CYYR.jpg,runway_diagrams/cleaned/CYYR.jpg,ok,,"0,0,575,450"
CYYT,St John's International,St John's,NL,CANADA,https://acukwik.com/Airport-Info/CYYT,https://acukwik.com/extimages/Listing-Images/CYYT.jpg,runway_diagrams/raw/CYYT.jpg,runway_diagrams/cleaned/CYYT.jpg,ok,,"0,0,575,525"
CYYZ,Toronto Lester B Pearson International,Toronto,ON,CANADA,https://acukwik.com/Airport-Info/CYYZ,https://acukwik.com/extimages/Listing-Images/CYYZ.jpg,runway_diagrams/raw/CYYZ.jpg,runway_diagrams/cleaned/CYYZ.jpg,ok,,"0,0,1000,1304"
CYZF,Yellowknife,Yellowknife,NT,CANADA,https://acukwik.com/Airport-Info/CYZF,https://acukwik.com/extimages/Listing-Images/CYZF.jpg,runway_diagrams/raw/CYZF.jpg,runway_diagrams/cleaned/CYZF.jpg,ok,,"0,0,575,600"
CYZV,Sept-Iles,Sept-Iles,QC,CANADA,https://acukwik.com/Airport-Info/CYZV,https://acukwik.com/extimages/Listing-Images/CYZV.jpg,runway_diagrams/raw/CYZV.jpg,runway_diagrams/cleaned/CYZV.jpg,ok,,"0,0,575,450"
CZBB,Boundary Bay,Vancouver,BC,CANADA,https://acukwik.com/Airport-Info/CZBB,https://acukwik.com/extimages/Listing-Images/CZBB.jpg,runway_diagrams/raw/CZBB.jpg,runway_diagrams/cleaned/CZBB.jpg,ok,,"0,0,1000,957"
CZBM,Roland-Desourdy,Bromont,QC,CANADA,https://acukwik.com/Airport-Info/CZBM,https://acukwik.com/extimages/Listing-Images/CZBM.jpg,runway_diagrams/raw/CZBM.jpg,runway_diagrams/cleaned/CZBM.jpg,ok,,"0,0,414,342"
DAAG,Houari Boumediene,Algiers,16,ALGERIA,https://acukwik.com/Airport-Info/DAAG,https://acukwik.com/extimages/Listing-Images/DAAG.jpg,runway_diagrams/raw/DAAG.jpg,runway_diagrams/cleaned/DAAG.jpg,ok,,"0,0,1000,739"
DAAT,Tamanrasset/Aguenar - Hadj Bey Akhamok,Tamanrasset,11,ALGERIA,https://acukwik.com/Airport-Info/DAAT,https://acukwik.com/extimages/Listing-Images/DAAT.jpg,runway_diagrams/raw/DAAT.jpg,runway_diagrams/cleaned/DAAT.jpg,ok,,"0,0,575,500"
DAUG,Ghardaia/Noumerat-Moufdi Zakaria,Ghardaia,47,ALGERIA,https://acukwik.com/Airport-Info/DAUG,https://acukwik.com/extimages/Listing-Images/DAUG.jpg,runway_diagrams/raw/DAUG.jpg,runway_diagrams/cleaned/DAUG.jpg,ok,,"0,0,414,432"
DFFD,Ouagadougou/Thomas Sankara International,Ouagadougou,,BURKINA FASO,https://acukwik.com/Airport-Info/DFFD,https://acukwik.com/extimages/Listing-Images/DFFD.jpg,runway_diagrams/raw/DFFD.jpg,runway_diagrams/cleaned/DFFD.jpg,ok,,"0,0,1000,1043"
DGAA,Kotoka International,Accra,,GHANA,https://acukwik.com/Airport-Info/DGAA,https://acukwik.com/extimages/Listing-Images/DGAA.jpg,runway_diagrams/raw/DGAA.jpg,runway_diagrams/cleaned/DGAA.jpg,ok,,"0,0,1000,826"
DIAP,Abidjan/Félix Houphouët-Boigny International,Abidjan,,COTE D'IVOIRE,https://acukwik.com/Airport-Info/DIAP,https://acukwik.com/extimages/Listing-Images/DIAP.jpg,runway_diagrams/raw/DIAP.jpg,runway_diagrams/cleaned/DIAP.jpg,ok,,"0,0,575,475"
DNAA,Nnamdi Azikiwe International,Abuja,,NIGERIA,https://acukwik.com/Airport-Info/DNAA,https://acukwik.com/extimages/Listing-Images/DNAA.jpg,runway_diagrams/raw/DNAA.jpg,runway_diagrams/cleaned/DNAA.jpg,ok,,"0,0,575,600"
DNMM,Murtala Muhammed International,Lagos,,NIGERIA,https://acukwik.com/Airport-Info/DNMM,https://acukwik.com/extimages/Listing-Images/DNMM.jpg,runway_diagrams/raw/DNMM.jpg,runway_diagrams/cleaned/DNMM.jpg,ok,,"0,0,1000,1130"
DRRN,Niamey/Diori Hamani,Niamey,,NIGER,https://acukwik.com/Airport-Info/DRRN,https://acukwik.com/extimages/Listing-Images/DRRN.jpg,runway_diagrams/raw/DRRN.jpg,runway_diagrams/cleaned/DRRN.jpg,ok,,"0,0,575,425"
DTTA,Tunis/Carthage International,Tunis,,TUNISIA,https://acukwik.com/Airport-Info/DTTA,https://acukwik.com/extimages/Listing-Images/DTTA.jpg,runway_diagrams/raw/DTTA.jpg,runway_diagrams/cleaned/DTTA.jpg,ok,,"0,0,414,324"
EBAW,Antwerp/Deurne,Antwerp,,BELGIUM,https://acukwik.com/Airport-Info/EBAW,https://acukwik.com/extimages/Listing-Images/EBAW.jpg,runway_diagrams/raw/EBAW.jpg,runway_diagrams/cleaned/EBAW.jpg,ok,,"0,0,575,525"
EBBR,Brussels National,Brussels,,BELGIUM,https://acukwik.com/Airport-Info/EBBR,https://acukwik.com/extimages/Listing-Images/EBBR.jpg,runway_diagrams/raw/EBBR.jpg,runway_diagrams/cleaned/EBBR.jpg,ok,,"0,0,1000,913"
EBCI,Brussels South/Charleroi,Charleroi,,BELGIUM,https://acukwik.com/Airport-Info/EBCI,https://acukwik.com/extimages/Listing-Images/EBCI.jpg,runway_diagrams/raw/EBCI.jpg,runway_diagrams/cleaned/EBCI.jpg,ok,,"0,0,575,425"
EBKT,Kortrijk-Wevelgem International (Flanders),Kortrijk,,BELGIUM,https://acukwik.com/Airport-Info/EBKT,https://acukwik.com/extimages/Listing-Images/EBKT.jpg,runway_diagrams/raw/EBKT.jpg,runway_diagrams/cleaned/EBKT.jpg,ok,,"0,0,1000,652"
EBLG,Liege,Liege,,BELGIUM,https://acukwik.com/Airport-Info/EBLG,https://acukwik.com/extimages/Listing-Images/EBLG.jpg,runway_diagrams/raw/EBLG.jpg,runway_diagrams/cleaned/EBLG.jpg,ok,,"0,0,414,378"
EBOS,Ostend-Bruges International,Oostende,,BELGIUM,https://acukwik.com/Airport-Info/EBOS,https://acukwik.com/extimages/Listing-Images/EBOS.jpg,runway_diagrams/raw/EBOS.jpg,runway_diagrams/cleaned/EBOS.jpg,ok,,"0,0,414,306"
EDDB,Berlin/Brandenburg Intl,Berlin,,GERMANY,https://acukwik.com/Airport-Info/EDDB,https://acukwik.com/extimages/Listing-Images/EDDB.jpg,runway_diagrams/raw/EDDB.jpg,runway_diagrams/cleaned/EDDB.jpg,ok,,"0,0,575,750"
EDDF,Frankfurt Main International,Frankfurt,,GERMANY,https://acukwik.com/Airport-Info/EDDF,https://acukwik.com/extimages/Listing-Images/EDDF.jpg,runway_diagrams/raw/EDDF.jpg,runway_diagrams/cleaned/EDDF.jpg,ok,,"0,0,575,675"
EDDG,Münster/Osnabrück International,Münster,,GERMANY,https://acukwik.com/Airport-Info/EDDG,https://acukwik.com/extimages/Listing-Images/EDDG.jpg,runway_diagrams/raw/EDDG.jpg,runway_diagrams/cleaned/EDDG.jpg,ok,,"0,0,414,306"
EDDH,Hamburg,Hamburg,,GERMANY,https://acukwik.com/Airport-Info/EDDH,https://acukwik.com/extimages/Listing-Images/EDDH.jpg,runway_diagrams/raw/EDDH.jpg,runway_diagrams/cleaned/EDDH.jpg,ok,,"0,0,575,538"
EDDK,Koeln Bonn (Cologne),Cologne-Bonn,,GERMANY,https://acukwik.com/Airport-Info/EDDK,https://acukwik.com/extimages/Listing-Images/EDDK.jpg,runway_diagrams/raw/EDDK.jpg,runway_diagrams/cleaned/EDDK.jpg,ok,,"0,0,575,500"
EDDL,Dusseldorf,Dusseldorf,,GERMANY,https://acukwik.com/Airport-Info/EDDL,https://acukwik.com/extimages/Listing-Images/EDDL.jpg,runway_diagrams/raw/EDDL.jpg,runway_diagrams/cleaned/EDDL.jpg,ok,,"0,0,575,475"
EDDM,Munich (München),Munich,,GERMANY,https://acukwik.com/Airport-Info/EDDM,https://acukwik.com/extimages/Listing-Images/EDDM.jpg,runway_diagrams/raw/EDDM.jpg,runway_diagrams/cleaned/EDDM.jpg,ok,,"0,0,575,450"
EDDP,Leipzig-Halle,Leipzig,,GERMANY,https://acukwik.com/Airport-Info/EDDP,https://acukwik.com/extimages/Listing-Images/EDDP.jpg,runway_diagrams/raw/EDDP.jpg,runway_diagrams/cleaned/EDDP.jpg,ok,,"0,0,575,550"
EDDS,Stuttgart,Stuttgart,,GERMANY,https://acukwik.com/Airport-Info/EDDS,https://acukwik.com/extimages/Listing-Images/EDDS.jpg,runway_diagrams/raw/EDDS.jpg,runway_diagrams/cleaned/EDDS.jpg,ok,,"0,0,575,450"
EDDV,Hannover-Langenhagen,Hannover,,GERMANY,https://acukwik.com/Airport-Info/EDDV,https://acukwik.com/extimages/Listing-Images/EDDV.jpg,runway_diagrams/raw/EDDV.jpg,runway_diagrams/cleaned/EDDV.jpg,ok,,"0,0,414,306"
EDDW,Bremen,Bremen,,GERMANY,https://acukwik.com/Airport-Info/EDDW,https://acukwik.com/extimages/Listing-Images/EDDW.jpg,runway_diagrams/raw/EDDW.jpg,runway_diagrams/cleaned/EDDW.jpg,ok,,"0,0,414,306"
EDFE,Frankfurt/Egelsbach,Frankfurt,,GERMANY,https://acukwik.com/Airport-Info/EDFE,https://acukwik.com/extimages/Listing-Images/EDFE.jpg,runway_diagrams/raw/EDFE.jpg,runway_diagrams/cleaned/EDFE.jpg,ok,,"0,0,575,525"
EDFH,Frankfurt-Hahn,Frankfurt,,GERMANY,https://acukwik.com/Airport-Info/EDFH,https://acukwik.com/extimages/Listing-Images/EDFH.jpg,runway_diagrams/raw/EDFH.jpg,runway_diagrams/cleaned/EDFH.jpg,ok,,"0,0,414,414"
EDMO,Oberpfaffenhofen,Munich,,GERMANY,https://acukwik.com/Airport-Info/EDMO,https://acukwik.com/extimages/Listing-Images/EDMO.jpg,runway_diagrams/raw/EDMO.jpg,runway_diagrams/cleaned/EDMO.jpg,ok,,"0,0,575,600"
EDSB,Karlsruhe/Baden-Baden,Baden-Baden,,GERMANY,https://acukwik.com/Airport-Info/EDSB,https://acukwik.com/extimages/Listing-Images/EDSB.jpg,runway_diagrams/raw/EDSB.jpg,runway_diagrams/cleaned/EDSB.jpg,ok,,"0,0,414,504"
EDTG,Bremgarten,Bremgarten,,GERMANY,https://acukwik.com/Airport-Info/EDTG,https://acukwik.com/extimages/Listing-Images/EDTG.jpg,runway_diagrams/raw/EDTG.jpg,runway_diagrams/cleaned/EDTG.jpg,ok,,"0,0,575,463"
EETN,Tallinn/Lennart Meri,Tallinn,,ESTONIA,https://acukwik.com/Airport-Info/EETN,https://acukwik.com/extimages/Listing-Images/EETN.jpg,runway_diagrams/raw/EETN.jpg,runway_diagrams/cleaned/EETN.jpg,ok,,"0,0,414,306"
EFHK,Helsinki Vantaa,Helsinki,,FINLAND,https://acukwik.com/Airport-Info/EFHK,https://acukwik.com/extimages/Listing-Images/EFHK.jpg,runway_diagrams/raw/EFHK.jpg,runway_diagrams/cleaned/EFHK.jpg,ok,,"0,0,1000,1043"
EGAA,Belfast International (Aldergrove),Belfast,,UNITED KINGDOM,https://acukwik.com/Airport-Info/EGAA,https://acukwik.com/extimages/Listing-Images/EGAA.jpg,runway_diagrams/raw/EGAA.jpg,runway_diagrams/cleaned/EGAA.jpg,ok,,"0,0,575,550"
EGBB,Birmingham International,Birmingham,,UNITED KINGDOM,https://acukwik.com/Airport-Info/EGBB,https://acukwik.com/extimages/Listing-Images/EGBB.jpg,runway_diagrams/raw/EGBB.jpg,runway_diagrams/cleaned/EGBB.jpg,ok,,"0,0,575,500"
EGBE,Coventry (Baginton),Coventry,,UNITED KINGDOM,https://acukwik.com/Airport-Info/EGBE,https://acukwik.com/extimages/Listing-Images/EGBE.jpg,runway_diagrams/raw/EGBE.jpg,runway_diagrams/cleaned/EGBE.jpg,ok,,"0,0,415,324"
EGBJ,Gloucestershire/Staverton,Gloucester,,UNITED KINGDOM,https://acukwik.com/Airport-Info/EGBJ,https://acukwik.com/extimages/Listing-Images/EGBJ.jpg,runway_diagrams/raw/EGBJ.jpg,runway_diagrams/cleaned/EGBJ.jpg,ok,,"0,0,575,550"
EGBP,Cotswold (Kemble),Cirencester,,UNITED KINGDOM,https://acukwik.com/Airport-Info/EGBP,https://acukwik.com/extimages/Listing-Images/EGBP.jpg,runway_diagrams/raw/EGBP.jpg,runway_diagrams/cleaned/EGBP.jpg,ok,,"0,0,575,425"
EGCC,Manchester,Manchester,,UNITED KINGDOM,https://acukwik.com/Airport-Info/EGCC,https://acukwik.com/extimages/Listing-Images/EGCC.jpg,runway_diagrams/raw/EGCC.jpg,runway_diagrams/cleaned/EGCC.jpg,ok,,"0,0,414,396"
EGCM,Leeds East,Church Fenton,,UNITED KINGDOM,https://acukwik.com/Airport-Info/EGCM,https://acukwik.com/extimages/Listing-Images/EGCM.jpg,runway_diagrams/raw/EGCM.jpg,runway_diagrams/cleaned/EGCM.jpg,ok,,"0,0,1000,913"
EGFF,Cardiff,Cardiff,,UNITED KINGDOM,https://acukwik.com/Airport-Info/EGFF,https://acukwik.com/extimages/Listing-Images/EGFF.jpg,runway_diagrams/raw/EGFF.jpg,runway_diagrams/cleaned/EGFF.jpg,ok,,"0,0,575,525"
EGGP,Liverpool John Lennon,Liverpool,,UNITED KINGDOM,https://acukwik.com/Airport-Info/EGGP,https://acukwik.com/extimages/Listing-Images/EGGP.jpg,runway_diagrams/raw/EGGP.jpg,runway_diagrams/cleaned/EGGP.jpg,ok,,"0,0,414,306"
EGGW,London Luton,London,,UNITED KINGDOM,https://acukwik.com/Airport-Info/EGGW,https://acukwik.com/extimages/Listing-Images/EGGW.jpg,runway_diagrams/raw/EGGW.jpg,runway_diagrams/cleaned/EGGW.jpg,ok,,"0,0,1000,826"
EGHH,Bournemouth,Bournemouth,,UNITED KINGDOM,https://acukwik.com/Airport-Info/EGHH,https://acukwik.com/extimages/Listing-Images/EGHH.jpg,runway_diagrams/raw/EGHH.jpg,runway_diagrams/cleaned/EGHH.jpg,ok,,"0,0,414,306"
EGHI,Southampton,Southampton,,UNITED KINGDOM,https://acukwik.com/Airport-Info/EGHI,https://acukwik.com/extimages/Listing-Images/EGHI.jpg,runway_diagrams/raw/EGHI.jpg,runway_diagrams/cleaned/EGHI.jpg,ok,,"0,0,576,550"
EGHQ,Cornwall Newquay,Newquay,,UNITED KINGDOM,https://acukwik.com/Airport-Info/EGHQ,https://acukwik.com/extimages/Listing-Images/EGHQ.jpg,runway_diagrams/raw/EGHQ.jpg,runway_diagrams/cleaned/EGHQ.jpg,ok,,"0,0,414,324"
EGJB,Guernsey,Guernsey,,UNITED KINGDOM,https://acukwik.com/Airport-Info/EGJB,https://acukwik.com/extimages/Listing-Images/EGJB.jpg,runway_diagrams/raw/EGJB.jpg,runway_diagrams/cleaned/EGJB.jpg,ok,,"0,0,575,425"
EGKB,London Biggin Hill,London,,UNITED KINGDOM,https://acukwik.com/Airport-Info/EGKB,https://acukwik.com/extimages/Listing-Images/EGKB.jpg,runway_diagrams/raw/EGKB.jpg,runway_diagrams/cleaned/EGKB.jpg,ok,,"0,0,575,550"
EGKK,London Gatwick,London,,UNITED KINGDOM,https://acukwik.com/Airport-Info/EGKK,https://acukwik.com/extimages/Listing-Images/EGKK.jpg,runway_diagrams/raw/EGKK.jpg,runway_diagrams/cleaned/EGKK.jpg,ok,,"0,0,575,450"
EGLC,London City,London,,UNITED KINGDOM,https://acukwik.com/Airport-Info/EGLC,https://acukwik.com/extimages/Listing-Images/EGLC.jpg,runway_diagrams/raw/EGLC.jpg,runway_diagrams/cleaned/EGLC.jpg,ok,,"0,0,414,306"
EGLF,Farnborough,London,,UNITED KINGDOM,https://acukwik.com/Airport-Info/EGLF,https://acukwik.com/extimages/Listing-Images/EGLF.jpg,runway_diagrams/raw/EGLF.jpg,runway_diagrams/cleaned/EGLF.jpg,ok,,"0,0,1000,783"
EGLK,Blackbushe,London,,UNITED KINGDOM,https://acukwik.com/Airport-Info/EGLK,https://acukwik.com/extimages/Listing-Images/EGLK.jpg,runway_diagrams/raw/EGLK.jpg,runway_diagrams/cleaned/EGLK.jpg,ok,,"0,0,1000,870"
EGLL,London Heathrow,London,,UNITED KINGDOM,https://acukwik.com/Airport-Info/EGLL,https://acukwik.com/extimages/Listing-Images/EGLL.jpg,runway_diagrams/raw/EGLL.jpg,runway_diagrams/cleaned/EGLL.jpg,ok,,"0,0,414,306"
EGMD,Lydd/London Ashford,Ashford,,UNITED KINGDOM,https://acukwik.com/Airport-Info/EGMD,https://acukwik.com/extimages/Listing-Images/EGMD.jpg,runway_diagrams/raw/EGMD.jpg,runway_diagrams/cleaned/EGMD.jpg,ok,,"0,0,415,360"
EGNH,Blackpool,Blackpool,,UNITED KINGDOM,https://acukwik.com/Airport-Info/EGNH,https://acukwik.com/extimages/Listing-Images/EGNH.jpg,runway_diagrams/raw/EGNH.jpg,runway_diagrams/cleaned/EGNH.jpg,ok,,"0,0,1000,783"
EGNJ,Humberside,Hull,,UNITED KINGDOM,https://acukwik.com/Airport-Info/EGNJ,https://acukwik.com/extimages/Listing-Images/EGNJ.jpg,runway_diagrams/raw/EGNJ.jpg,runway_diagrams/cleaned/EGNJ.jpg,ok,,"0,0,575,525"
EGNM,Leeds Bradford,Leeds,,UNITED KINGDOM,https://acukwik.com/Airport-Info/EGNM,https://acukwik.com/extimages/Listing-Images/EGNM.jpg,runway_diagrams/raw/EGNM.jpg,runway_diagrams/cleaned/EGNM.jpg,ok,,"0,0,415,360"
EGNS,Ronaldsway-Isle of Man,Isle of Man,,UNITED KINGDOM,https://acukwik.com/Airport-Info/EGNS,https://acukwik.com/extimages/Listing-Images/EGNS.jpg,runway_diagrams/raw/EGNS.jpg,runway_diagrams/cleaned/EGNS.jpg,ok,,"0,0,414,342"
EGNT,Newcastle International,Newcastle,,UNITED KINGDOM,https://acukwik.com/Airport-Info/EGNT,https://acukwik.com/extimages/Listing-Images/EGNT.jpg,runway_diagrams/raw/EGNT.jpg,runway_diagrams/cleaned/EGNT.jpg,ok,,"0,0,575,425"
EGNV,Teesside International,Durham,,UNITED KINGDOM,https://acukwik.com/Airport-Info/EGNV,https://acukwik.com/extimages/Listing-Images/EGNV.jpg,runway_diagrams/raw/EGNV.jpg,runway_diagrams/cleaned/EGNV.jpg,ok,,"0,0,575,450"
EGNX,East Midlands,Derby,,UNITED KINGDOM,https://acukwik.com/Airport-Info/EGNX,https://acukwik.com/extimages/Listing-Images/EGNX.jpg,runway_diagrams/raw/EGNX.jpg,runway_diagrams/cleaned/EGNX.jpg,ok,,"0,0,575,425"
EGPD,Aberdeen International (Dyce),Aberdeen,,UNITED KINGDOM,https://acukwik.com/Airport-Info/EGPD,https://acukwik.com/extimages/Listing-Images/EGPD.jpg,runway_diagrams/raw/EGPD.jpg,runway_diagrams/cleaned/EGPD.jpg,ok,,"0,0,415,396"
EGPE,Inverness,Inverness,,UNITED KINGDOM,https://acukwik.com/Airport-Info/EGPE,https://acukwik.com/extimages/Listing-Images/EGPE.jpg,runway_diagrams/raw/EGPE.jpg,runway_diagrams/cleaned/EGPE.jpg,ok,,"0,0,575,450"
EGPF,Glasgow International,Glasgow,,UNITED KINGDOM,https://acukwik.com/Airport-Info/EGPF,https://acukwik.com/extimages/Listing-Images/EGPF.jpg,runway_diagrams/raw/EGPF.jpg,runway_diagrams/cleaned/EGPF.jpg,ok,,"0,0,415,324"
EGPH,Edinburgh International,Edinburgh,,UNITED KINGDOM,https://acukwik.com/Airport-Info/EGPH,https://acukwik.com/extimages/Listing-Images/EGPH.jpg,runway_diagrams/raw/EGPH.jpg,runway_diagrams/cleaned/EGPH.jpg,ok,,"0,0,414,306"
EGPK,Glasgow Prestwick,Glasgow,,UNITED KINGDOM,https://acukwik.com/Airport-Info/EGPK,https://acukwik.com/extimages/Listing-Images/EGPK.jpg,runway_diagrams/raw/EGPK.jpg,runway_diagrams/cleaned/EGPK.jpg,ok,,"0,0,575,600"
EGSC,Cambridge,Cambridge,,UNITED KINGDOM,https://acukwik.com/Airport-Info/EGSC,https://acukwik.com/extimages/Listing-Images/EGSC.jpg,runway_diagrams/raw/EGSC.jpg,runway_diagrams/cleaned/EGSC.jpg,ok,,"0,0,575,500"
EGSH,Norwich International,Norwich,,UNITED KINGDOM,https://acukwik.com/Airport-Info/EGSH,https://acukwik.com/extimages/Listing-Images/EGSH.jpg,runway_diagrams/raw/EGSH.jpg,runway_diagrams/cleaned/EGSH.jpg,ok,,"0,0,414,306"
EGSS,London Stansted,London,,UNITED KINGDOM,https://acukwik.com/Airport-Info/EGSS,https://acukwik.com/extimages/Listing-Images/EGSS.jpg,runway_diagrams/raw/EGSS.jpg,runway_diagrams/cleaned/EGSS.jpg,ok,,"0,0,575,500"
EGTK,London Oxford (Kidlington),Oxford,,UNITED KINGDOM,https://acukwik.com/Airport-Info/EGTK,https://acukwik.com/extimages/Listing-Images/EGTK.jpg,runway_diagrams/raw/EGTK.jpg,runway_diagrams/cleaned/EGTK.jpg,ok,,"0,0,1000,870"
EGWU,RAF Northolt,London,,UNITED KINGDOM,https://acukwik.com/Airport-Info/EGWU,https://acukwik.com/extimages/Listing-Images/EGWU.jpg,runway_diagrams/raw/EGWU.jpg,runway_diagrams/cleaned/EGWU.jpg,ok,,"0,0,414,306"
EHAM,Amsterdam Schiphol,Amsterdam,,NETHERLANDS,https://acukwik.com/Airport-Info/EHAM,https://acukwik.com/extimages/Listing-Images/EHAM.jpg,runway_diagrams/raw/EHAM.jpg,runway_diagrams/cleaned/EHAM.jpg,ok,,"0,0,414,414"
EHRD,Rotterdam/The Hague,Rotterdam,,NETHERLANDS,https://acukwik.com/Airport-Info/EHRD,https://acukwik.com/extimages/Listing-Images/EHRD.jpg,runway_diagrams/raw/EHRD.jpg,runway_diagrams/cleaned/EHRD.jpg,ok,,"0,0,575,425"
EICK,Cork,Cork,,IRELAND,https://acukwik.com/Airport-Info/EICK,https://acukwik.com/extimages/Listing-Images/EICK.jpg,runway_diagrams/raw/EICK.jpg,runway_diagrams/cleaned/EICK.jpg,ok,,"0,0,414,522"
EIDW,Dublin,Dublin,,IRELAND,https://acukwik.com/Airport-Info/EIDW,https://acukwik.com/extimages/Listing-Images/EIDW.jpg,runway_diagrams/raw/EIDW.jpg,runway_diagrams/cleaned/EIDW.jpg,ok,,"0,0,1000,783"
EINN,Shannon International,Shannon,,IRELAND,https://acukwik.com/Airport-Info/EINN,https://acukwik.com/extimages/Listing-Images/EINN.jpg,runway_diagrams/raw/EINN.jpg,runway_diagrams/cleaned/EINN.jpg,ok,,"0,0,1000,783"
EIWT,Dublin/Weston,Dublin,,IRELAND,https://acukwik.com/Airport-Info/EIWT,https://acukwik.com/extimages/Listing-Images/EIWT.jpg,runway_diagrams/raw/EIWT.jpg,runway_diagrams/cleaned/EIWT.jpg,ok,,"0,0,414,306"
EKCH,Copenhagen/Kastrup,Copenhagen,,DENMARK,https://acukwik.com/Airport-Info/EKCH,https://acukwik.com/extimages/Listing-Images/EKCH.jpg,runway_diagrams/raw/EKCH.jpg,runway_diagrams/cleaned/EKCH.jpg,ok,,"0,0,414,504"
EKRK,Copenhagen/Roskilde,Copenhagen,,DENMARK,https://acukwik.com/Airport-Info/EKRK,https://acukwik.com/extimages/Listing-Images/EKRK.jpg,runway_diagrams/raw/EKRK.jpg,runway_diagrams/cleaned/EKRK.jpg,ok,,"0,0,575,600"
EKSB,Sonderborg,Sonderborg,,DENMARK,https://acukwik.com/Airport-Info/EKSB,https://acukwik.com/extimages/Listing-Images/EKSB.jpg,runway_diagrams/raw/EKSB.jpg,runway_diagrams/cleaned/EKSB.jpg,ok,,"0,0,575,425"
ELLX,Luxembourg,Luxembourg,,LUXEMBOURG,https://acukwik.com/Airport-Info/ELLX,https://acukwik.com/extimages/Listing-Images/ELLX.jpg,runway_diagrams/raw/ELLX.jpg,runway_diagrams/cleaned/ELLX.jpg,ok,,"0,0,575,450"
ENBR,Bergen/Flesland,Bergen,,NORWAY,https://acukwik.com/Airport-Info/ENBR,https://acukwik.com/extimages/Listing-Images/ENBR.jpg,runway_diagrams/raw/ENBR.jpg,runway_diagrams/cleaned/ENBR.jpg,ok,,"0,0,1000,957"
ENGM,Oslo/Gardermoen,Oslo,,NORWAY,https://acukwik.com/Airport-Info/ENGM,https://acukwik.com/extimages/Listing-Images/ENGM.jpg,runway_diagrams/raw/ENGM.jpg,runway_diagrams/cleaned/ENGM.jpg,ok,,"0,0,575,700"
ENTO,Sandefjord/Torp,Sandefjord,,NORWAY,https://acukwik.com/Airport-Info/ENTO,https://acukwik.com/extimages/Listing-Images/ENTO.jpg,runway_diagrams/raw/ENTO.jpg,runway_diagrams/cleaned/ENTO.jpg,ok,,"0,0,1000,1000"
EPGD,Gdansk Lech Walesa,Gdansk,,POLAND,https://acukwik.com/Airport-Info/EPGD,https://acukwik.com/extimages/Listing-Images/EPGD.jpg,runway_diagrams/raw/EPGD.jpg,runway_diagrams/cleaned/EPGD.jpg,ok,,"0,0,575,450"
EPKK,Krakow/Balice John Paul II Intl,Krakow,,POLAND,https://acukwik.com/Airport-Info/EPKK,https://acukwik.com/extimages/Listing-Images/EPKK.jpg,runway_diagrams/raw/EPKK.jpg,runway_diagrams/cleaned/EPKK.jpg,ok,,"0,0,414,306"
EPMO,Warsaw-Modlin,Warsaw,,POLAND,https://acukwik.com/Airport-Info/EPMO,https://acukwik.com/extimages/Listing-Images/EPMO.jpg,runway_diagrams/raw/EPMO.jpg,runway_diagrams/cleaned/EPMO.jpg,ok,,"0,0,414,306"
EPWA,Warsaw Chopin,Warsaw,,POLAND,https://acukwik.com/Airport-Info/EPWA,https://acukwik.com/extimages/Listing-Images/EPWA.jpg,runway_diagrams/raw/EPWA.jpg,runway_diagrams/cleaned/EPWA.jpg,ok,,"0,0,1000,1000"
ESGG,Göteborg/Landvetter,Gothenburg,O,SWEDEN,https://acukwik.com/Airport-Info/ESGG,https://acukwik.com/extimages/Listing-Images/ESGG.jpg,runway_diagrams/raw/ESGG.jpg,runway_diagrams/cleaned/ESGG.jpg,ok,,"0,0,1000,957"
ESMS,Malmo Sturup,Malmo,M,SWEDEN,https://acukwik.com/Airport-Info/ESMS,https://acukwik.com/extimages/Listing-Images/ESMS.jpg,runway_diagrams/raw/ESMS.jpg,runway_diagrams/cleaned/ESMS.jpg,ok,,"0,0,575,625"
ESSA,Stockholm Arlanda,Stockholm,AB,SWEDEN,https://acukwik.com/Airport-Info/ESSA,https://acukwik.com/extimages/Listing-Images/ESSA.jpg,runway_diagrams/raw/ESSA.jpg,runway_diagrams/cleaned/ESSA.jpg,ok,,"0,0,1000,1391"
ESSB,Stockholm City/Bromma,Stockholm,AB,SWEDEN,https://acukwik.com/Airport-Info/ESSB,https://acukwik.com/extimages/Listing-Images/ESSB.jpg,runway_diagrams/raw/ESSB.jpg,runway_diagrams/cleaned/ESSB.jpg,ok,,"0,0,1000,957"
ETAR,Ramstein AB,Ramstein,,GERMANY,https://acukwik.com/Airport-Info/ETAR,https://acukwik.com/extimages/Listing-Images/ETAR.jpg,runway_diagrams/raw/ETAR.jpg,runway_diagrams/cleaned/ETAR.jpg,ok,,"0,0,414,306"
EVLA,Liepaja International,Liepaja,,LATVIA,https://acukwik.com/Airport-Info/EVLA,https://acukwik.com/extimages/Listing-Images/EVLA.jpg,runway_diagrams/raw/EVLA.jpg,runway_diagrams/cleaned/EVLA.jpg,ok,,"0,0,414,306"
EVRA,Riga International,Riga,,LATVIA,https://acukwik.com/Airport-Info/EVRA,https://acukwik.com/extimages/Listing-Images/EVRA.jpg,runway_diagrams/raw/EVRA.jpg,runway_diagrams/cleaned/EVRA.jpg,ok,,"0,0,575,600"
EYVI,Vilnius International,Vilnius,,LITHUANIA,https://acukwik.com/Airport-Info/EYVI,https://acukwik.com/extimages/Listing-Images/EYVI.jpg,runway_diagrams/raw/EYVI.jpg,runway_diagrams/cleaned/EYVI.jpg,ok,,"0,0,414,378"
FACT,Cape Town International,Cape Town,WC,SOUTH AFRICA,https://acukwik.com/Airport-Info/FACT,https://acukwik.com/extimages/Listing-Images/FACT.jpg,runway_diagrams/raw/FACT.jpg,runway_diagrams/cleaned/FACT.jpg,ok,,"0,0,414,378"
FAGM,Johannesburg/Rand,Johannesburg,GT,SOUTH AFRICA,https://acukwik.com/Airport-Info/FAGM,https://acukwik.com/extimages/Listing-Images/FAGM.jpg,runway_diagrams/raw/FAGM.jpg,runway_diagrams/cleaned/FAGM.jpg,ok,,"0,0,414,324"
FALA,Lanseria International,Johannesburg,GT,SOUTH AFRICA,https://acukwik.com/Airport-Info/FALA,https://acukwik.com/extimages/Listing-Images/FALA.jpg,runway_diagrams/raw/FALA.jpg,runway_diagrams/cleaned/FALA.jpg,ok,,"0,0,575,450"
FAOR,Johannesburg/OR Tambo International,Johannesburg,GT,SOUTH AFRICA,https://acukwik.com/Airport-Info/FAOR,https://acukwik.com/extimages/Listing-Images/FAOR.jpg,runway_diagrams/raw/FAOR.jpg,runway_diagrams/cleaned/FAOR.jpg,ok,,"0,0,1000,1587"
FCBB,Brazzaville/Maya Maya International,Brazzaville,,CONGO,https://acukwik.com/Airport-Info/FCBB,https://acukwik.com/extimages/Listing-Images/FCBB.jpg,runway_diagrams/raw/FCBB.jpg,runway_diagrams/cleaned/FCBB.jpg,ok,,"0,0,414,342"
FEFF,M'Poko International,Bangui,,CENTRAL AFRICAN REPUBLIC,https://acukwik.com/Airport-Info/FEFF,https://acukwik.com/extimages/Listing-Images/FEFF.jpg,runway_diagrams/raw/FEFF.jpg,runway_diagrams/cleaned/FEFF.jpg,ok,,"0,0,1000,1152"
FGSL,Malabo Santa Isabel,Malabo,,EQUATORIAL GUINEA,https://acukwik.com/Airport-Info/FGSL,https://acukwik.com/extimages/Listing-Images/FGSL.jpg,runway_diagrams/raw/FGSL.jpg,runway_diagrams/cleaned/FGSL.jpg,ok,,"0,0,414,360"
FIMP,Mauritius - Sir Seewoosagur Ramgoolam Intl,Curepipe,,MAURITIUS,https://acukwik.com/Airport-Info/FIMP,https://acukwik.com/extimages/Listing-Images/FIMP.jpg,runway_diagrams/raw/FIMP.jpg,runway_diagrams/cleaned/FIMP.jpg,ok,,"0,0,1000,739"
FKKD,Douala,Douala,,CAMEROON,https://acukwik.com/Airport-Info/FKKD,https://acukwik.com/extimages/Listing-Images/FKKD.jpg,runway_diagrams/raw/FKKD.jpg,runway_diagrams/cleaned/FKKD.jpg,ok,,"0,0,575,500"
FKYS,Yaounde/Nsimalen,Yaounde,,CAMEROON,https://acukwik.com/Airport-Info/FKYS,https://acukwik.com/extimages/Listing-Images/FKYS.jpg,runway_diagrams/raw/FKYS.jpg,runway_diagrams/cleaned/FKYS.jpg,ok,,"0,0,575,625"
FLHN,Harry Mwaanga Nkumbula Intl Livingstone,Livingstone,,ZAMBIA,https://acukwik.com/Airport-Info/FLHN,https://acukwik.com/extimages/Listing-Images/FLHN.jpg,runway_diagrams/raw/FLHN.jpg,runway_diagrams/cleaned/FLHN.jpg,ok,,"0,0,414,306"
FLKK,Kenneth Kaunda International,Lusaka,,ZAMBIA,https://acukwik.com/Airport-Info/FLKK,https://acukwik.com/extimages/Listing-Images/FLKK.jpg,runway_diagrams/raw/FLKK.jpg,runway_diagrams/cleaned/FLKK.jpg,ok,,"0,0,1000,826"
FLMF,Mfuwe International,Mfuwe,,ZAMBIA,https://acukwik.com/Airport-Info/FLMF,https://acukwik.com/extimages/Listing-Images/FLMF.jpg,runway_diagrams/raw/FLMF.jpg,runway_diagrams/cleaned/FLMF.jpg,ok,,"0,0,414,306"
FLSK,Simon Mwansa Kapwepwe International,Ndola,,ZAMBIA,https://acukwik.com/Airport-Info/FLSK,https://acukwik.com/extimages/Listing-Images/FLSK.jpg,runway_diagrams/raw/FLSK.jpg,runway_diagrams/cleaned/FLSK.jpg,ok,,"0,0,575,425"
FMCH,Prince Said Ibrahim/Moroni Hahaya Intl,Moroni,,COMOROS,https://acukwik.com/Airport-Info/FMCH,https://acukwik.com/extimages/Listing-Images/FMCH.jpg,runway_diagrams/raw/FMCH.jpg,runway_diagrams/cleaned/FMCH.jpg,ok,,"0,0,1000,1043"
FMMI,Antananarivo/Ivato Intl,Antananarivo,,MADAGASCAR,https://acukwik.com/Airport-Info/FMMI,https://acukwik.com/extimages/Listing-Images/FMMI.jpg,runway_diagrams/raw/FMMI.jpg,runway_diagrams/cleaned/FMMI.jpg,ok,,"0,0,414,306"
FNCA,Cabinda International,Cabinda,CAB,ANGOLA,https://acukwik.com/Airport-Info/FNCA,https://acukwik.com/extimages/Listing-Images/FNCA.jpg,runway_diagrams/raw/FNCA.jpg,runway_diagrams/cleaned/FNCA.jpg,ok,,"0,0,414,351"
FNLU,4 de Fevereiro/Luanda,Luanda,LUA,ANGOLA,https://acukwik.com/Airport-Info/FNLU,https://acukwik.com/extimages/Listing-Images/FNLU.jpg,runway_diagrams/raw/FNLU.jpg,runway_diagrams/cleaned/FNLU.jpg,ok,,"0,0,1000,913"
FQMA,Maputo,Maputo,,MOZAMBIQUE,https://acukwik.com/Airport-Info/FQMA,https://acukwik.com/extimages/Listing-Images/FQMA.jpg,runway_diagrams/raw/FQMA.jpg,runway_diagrams/cleaned/FQMA.jpg,ok,,"0,0,414,432"
FSIA,Mahe Island/Seychelles International,Mahe Island,,SEYCHELLES,https://acukwik.com/Airport-Info/FSIA,https://acukwik.com/extimages/Listing-Images/FSIA.jpg,runway_diagrams/raw/FSIA.jpg,runway_diagrams/cleaned/FSIA.jpg,ok,,"0,0,575,425"
FTTJ,Hassan Djamous/Ndjamena,Ndjamena,,CHAD,https://acukwik.com/Airport-Info/FTTJ,https://acukwik.com/extimages/Listing-Images/FTTJ.jpg,runway_diagrams/raw/FTTJ.jpg,runway_diagrams/cleaned/FTTJ.jpg,ok,,"0,0,414,324"
FVRG,Harare/Robert Gabriel Mugabe International,Harare,,ZIMBABWE,https://acukwik.com/Airport-Info/FVRG,https://acukwik.com/extimages/Listing-Images/FVRG.jpg,runway_diagrams/raw/FVRG.jpg,runway_diagrams/cleaned/FVRG.jpg,ok,,"0,0,414,396"
FZAA,Kinshasa/N'Djili International,Kinshasa,KN,DEMOCRATIC REPUBLIC OF CONGO,https://acukwik.com/Airport-Info/FZAA,https://acukwik.com/extimages/Listing-Images/FZAA.jpg,runway_diagrams/raw/FZAA.jpg,runway_diagrams/cleaned/FZAA.jpg,ok,,"0,0,414,306"
FZQA,Lubumbashi/Luano Intl,Lubumbashi,HK,DEMOCRATIC REPUBLIC OF CONGO,https://acukwik.com/Airport-Info/FZQA,https://acukwik.com/extimages/Listing-Images/FZQA.jpg,runway_diagrams/raw/FZQA.jpg,runway_diagrams/cleaned/FZQA.jpg,ok,,"0,0,414,306"
GABS,Bamako/Modibo Keïta Intl (Senou),Bamako,,MALI,https://acukwik.com/Airport-Info/GABS,https://acukwik.com/extimages/Listing-Images/GABS.jpg,runway_diagrams/raw/GABS.jpg,runway_diagrams/cleaned/GABS.jpg,ok,,"0,0,414,324"
GLRB,Roberts International,Monrovia,,LIBERIA,https://acukwik.com/Airport-Info/GLRB,https://acukwik.com/extimages/Listing-Images/GLRB.jpg,runway_diagrams/raw/GLRB.jpg,runway_diagrams/cleaned/GLRB.jpg,ok,,"0,0,1000,1109"
GMAD,Agadir/Al Massira,Agadir,,MOROCCO,https://acukwik.com/Airport-Info/GMAD,https://acukwik.com/extimages/Listing-Images/GMAD.jpg,runway_diagrams/raw/GMAD.jpg,runway_diagrams/cleaned/GMAD.jpg,ok,,"0,0,414,306"
GMME,Rabat Salé/1st Royal AB,Rabat,,MOROCCO,https://acukwik.com/Airport-Info/GMME,https://acukwik.com/extimages/Listing-Images/GMME.jpg,runway_diagrams/raw/GMME.jpg,runway_diagrams/cleaned/GMME.jpg,ok,,"0,0,575,550"
GMMH,Dakhla International,Dakhla,,MOROCCO,https://acukwik.com/Airport-Info/GMMH,https://acukwik.com/extimages/Listing-Images/GMMH.jpg,runway_diagrams/raw/GMMH.jpg,runway_diagrams/cleaned/GMMH.jpg,ok,,"0,0,414,396"
GMMN,Casablanca/Mohammed V Intl,Casablanca,,MOROCCO,https://acukwik.com/Airport-Info/GMMN,https://acukwik.com/extimages/Listing-Images/GMMN.jpg,runway_diagrams/raw/GMMN.jpg,runway_diagrams/cleaned/GMMN.jpg,ok,,"0,0,1000,1217"
GMMX,Marrakech/Menara,Marrakech,,MOROCCO,https://acukwik.com/Airport-Info/GMMX,https://acukwik.com/extimages/Listing-Images/GMMX.jpg,runway_diagrams/raw/GMMX.jpg,runway_diagrams/cleaned/GMMX.jpg,ok,,"0,0,1000,826"
GMTT,Ibn Batouta Intl,Tanger,,MOROCCO,https://acukwik.com/Airport-Info/GMTT,https://acukwik.com/extimages/Listing-Images/GMTT.jpg,runway_diagrams/raw/GMTT.jpg,runway_diagrams/cleaned/GMTT.jpg,ok,,"0,0,1000,739"
GOBD,Dakar/Blaise Diagne (Diass) International,Dakar,,SENEGAL,https://acukwik.com/Airport-Info/GOBD,https://acukwik.com/extimages/Listing-Images/GOBD.jpg,runway_diagrams/raw/GOBD.jpg,runway_diagrams/cleaned/GOBD.jpg,ok,,"0,0,575,600"
GOOY,Dakar/Leopold Sedar Senghor Intl,Dakar-Yoff,,SENEGAL,https://acukwik.com/Airport-Info/GOOY,https://acukwik.com/extimages/Listing-Images/GOOY.jpg,runway_diagrams/raw/GOOY.jpg,runway_diagrams/cleaned/GOOY.jpg,ok,,"0,0,575,600"
GQNO,Nouakchott Oumtounsy International,Nouakchott,,MAURITANIA,https://acukwik.com/Airport-Info/GQNO,https://acukwik.com/extimages/Listing-Images/GQNO.jpg,runway_diagrams/raw/GQNO.jpg,runway_diagrams/cleaned/GQNO.jpg,ok,,"0,0,1000,804"
GUCY,Conakry Gbessia,Conakry,,GUINEA,https://acukwik.com/Airport-Info/GUCY,https://acukwik.com/extimages/Listing-Images/GUCY.jpg,runway_diagrams/raw/GUCY.jpg,runway_diagrams/cleaned/GUCY.jpg,ok,,"0,0,575,425"
GVAC,Sal/Amilcar Cabral International,Espargos,,CAPE VERDE,https://acukwik.com/Airport-Info/GVAC,https://acukwik.com/extimages/Listing-Images/GVAC.jpg,runway_diagrams/raw/GVAC.jpg,runway_diagrams/cleaned/GVAC.jpg,ok,,"0,0,1000,848"
GVNP,Praia/Nelson Mandela Intl,Praia,,CAPE VERDE,https://acukwik.com/Airport-Info/GVNP,https://acukwik.com/extimages/Listing-Images/GVNP.jpg,runway_diagrams/raw/GVNP.jpg,runway_diagrams/cleaned/GVNP.jpg,ok,,"0,0,1000,804"
HAAB,Addis Ababa Bole International,Addis Ababa,,ETHIOPIA,https://acukwik.com/Airport-Info/HAAB,https://acukwik.com/extimages/Listing-Images/HAAB.jpg,runway_diagrams/raw/HAAB.jpg,runway_diagrams/cleaned/HAAB.jpg,ok,,"0,0,1000,783"
HCMM,Mogadishu/Aden Adde International,Mogadishu,,SOMALIA,https://acukwik.com/Airport-Info/HCMM,https://acukwik.com/extimages/Listing-Images/HCMM.jpg,runway_diagrams/raw/HCMM.jpg,runway_diagrams/cleaned/HCMM.jpg,ok,,"0,0,575,450"
HDAM,Djibouti-Ambouli Intl,Djibouti,,DJIBOUTI,https://acukwik.com/Airport-Info/HDAM,https://acukwik.com/extimages/Listing-Images/HDAM.jpg,runway_diagrams/raw/HDAM.jpg,runway_diagrams/cleaned/HDAM.jpg,ok,,"0,0,1000,739"
HEAL,El Alamein International,El Alamein,,EGYPT,https://acukwik.com/Airport-Info/HEAL,https://acukwik.com/extimages/Listing-Images/HEAL.jpg,runway_diagrams/raw/HEAL.jpg,runway_diagrams/cleaned/HEAL.jpg,ok,,"0,0,1000,870"
HEAR,El Arish,El Arish,,EGYPT,https://acukwik.com/Airport-Info/HEAR,https://acukwik.com/extimages/Listing-Images/HEAR.jpg,runway_diagrams/raw/HEAR.jpg,runway_diagrams/cleaned/HEAR.jpg,ok,,"0,0,1000,957"
HECA,Cairo International,Cairo,,EGYPT,https://acukwik.com/Airport-Info/HECA,https://acukwik.com/extimages/Listing-Images/HECA.jpg,runway_diagrams/raw/HECA.jpg,runway_diagrams/cleaned/HECA.jpg,ok,,"0,0,1000,1130"
HEGN,Hurghada International,Hurghada,,EGYPT,https://acukwik.com/Airport-Info/HEGN,https://acukwik.com/extimages/Listing-Images/HEGN.jpg,runway_diagrams/raw/HEGN.jpg,runway_diagrams/cleaned/HEGN.jpg,ok,,"0,0,1000,1174"
HELX,Luxor International,Luxor,,EGYPT,https://acukwik.com/Airport-Info/HELX,https://acukwik.com/extimages/Listing-Images/HELX.jpg,runway_diagrams/raw/HELX.jpg,runway_diagrams/cleaned/HELX.jpg,ok,,"0,0,1000,826"
HESH,Sharm El Sheikh International,Sharm El Sheikh,,EGYPT,https://acukwik.com/Airport-Info/HESH,https://acukwik.com/extimages/Listing-Images/HESH.jpg,runway_diagrams/raw/HESH.jpg,runway_diagrams/cleaned/HESH.jpg,ok,,"0,0,415,432"
HESN,Aswan International/Aswan AB,Aswan,,EGYPT,https://acukwik.com/Airport-Info/HESN,https://acukwik.com/extimages/Listing-Images/HESN.jpg,runway_diagrams/raw/HESN.jpg,runway_diagrams/cleaned/HESN.jpg,ok,,"0,0,1000,1174"
HHAS,Asmara International,Asmara,,ERITREA,https://acukwik.com/Airport-Info/HHAS,https://acukwik.com/extimages/Listing-Images/HHAS.jpg,runway_diagrams/raw/HHAS.jpg,runway_diagrams/cleaned/HHAS.jpg,ok,,"0,0,1000,804"
HJJJ,Juba,Juba,,SOUTH SUDAN,https://acukwik.com/Airport-Info/HJJJ,https://acukwik.com/extimages/Listing-Images/HJJJ.jpg,runway_diagrams/raw/HJJJ.jpg,runway_diagrams/cleaned/HJJJ.jpg,ok,,"0,0,575,550"
HKJK,Nairobi Jomo Kenyatta International,Nairobi,,KENYA,https://acukwik.com/Airport-Info/HKJK,https://acukwik.com/extimages/Listing-Images/HKJK.jpg,runway_diagrams/raw/HKJK.jpg,runway_diagrams/cleaned/HKJK.jpg,ok,,"0,0,1000,957"
HKMO,Moi International,Mombasa,,KENYA,https://acukwik.com/Airport-Info/HKMO,https://acukwik.com/extimages/Listing-Images/HKMO.jpg,runway_diagrams/raw/HKMO.jpg,runway_diagrams/cleaned/HKMO.jpg,ok,,"0,0,414,486"
HLLB,Benina,Benghazi,,LIBYA,https://acukwik.com/Airport-Info/HLLB,https://acukwik.com/extimages/Listing-Images/HLLB.jpg,runway_diagrams/raw/HLLB.jpg,runway_diagrams/cleaned/HLLB.jpg,ok,,"0,0,414,414"
HLLM,Mitiga International,Tripoli,,LIBYA,https://acukwik.com/Airport-Info/HLLM,https://acukwik.com/extimages/Listing-Images/HLLM.jpg,runway_diagrams/raw/HLLM.jpg,runway_diagrams/cleaned/HLLM.jpg,ok,,"0,0,1000,783"
HLLQ,Al Abraq (Labraq)/El Beida,Al Bayda,,LIBYA,https://acukwik.com/Airport-Info/HLLQ,https://acukwik.com/extimages/Listing-Images/HLLQ.jpg,runway_diagrams/raw/HLLQ.jpg,runway_diagrams/cleaned/HLLQ.jpg,ok,,"0,0,414,306"
HLLT,Tripoli International,Tripoli,,LIBYA,https://acukwik.com/Airport-Info/HLLT,https://acukwik.com/extimages/Listing-Images/HLLT.jpg,runway_diagrams/raw/HLLT.jpg,runway_diagrams/cleaned/HLLT.jpg,ok,,"0,0,1000,826"
HLTQ,Tobruk,Tobruk,,LIBYA,https://acukwik.com/Airport-Info/HLTQ,https://acukwik.com/extimages/Listing-Images/HLTQ.jpg,runway_diagrams/raw/HLTQ.jpg,runway_diagrams/cleaned/HLTQ.jpg,ok,,"0,0,575,550"
HRYR,Kigali International,Kigali,,RWANDA,https://acukwik.com/Airport-Info/HRYR,https://acukwik.com/extimages/Listing-Images/HRYR.jpg,runway_diagrams/raw/HRYR.jpg,runway_diagrams/cleaned/HRYR.jpg,ok,,"0,0,1000,739"
HSPN,Port Sudan New International,Port Sudan,,SUDAN,https://acukwik.com/Airport-Info/HSPN,https://acukwik.com/extimages/Listing-Images/HSPN.jpg,runway_diagrams/raw/HSPN.jpg,runway_diagrams/cleaned/HSPN.jpg,ok,,"0,0,1000,826"
HSSK,Khartoum International,Khartoum,,SUDAN,https://acukwik.com/Airport-Info/HSSK,https://acukwik.com/extimages/Listing-Images/HSSK.jpg,runway_diagrams/raw/HSSK.jpg,runway_diagrams/cleaned/HSSK.jpg,ok,,"0,0,414,414"
HTDA,Dar Es Salaam/Julius Nyerere Intl,Dar Es Salaam,,TANZANIA,https://acukwik.com/Airport-Info/HTDA,https://acukwik.com/extimages/Listing-Images/HTDA.jpg,runway_diagrams/raw/HTDA.jpg,runway_diagrams/cleaned/HTDA.jpg,ok,,"0,0,575,450"
HTKJ,Kilimanjaro International,Kilimanjaro,,TANZANIA,https://acukwik.com/Airport-Info/HTKJ,https://acukwik.com/extimages/Listing-Images/HTKJ.jpg,runway_diagrams/raw/HTKJ.jpg,runway_diagrams/cleaned/HTKJ.jpg,ok,,"0,0,414,306"
HTMW,Mwanza,Mwanza,,TANZANIA,https://acukwik.com/Airport-Info/HTMW,https://acukwik.com/extimages/Listing-Images/HTMW.jpg,runway_diagrams/raw/HTMW.jpg,runway_diagrams/cleaned/HTMW.jpg,ok,,"0,0,1000,739"
HUEN,Entebbe International,Kampala,,UGANDA,https://acukwik.com/Airport-Info/HUEN,https://acukwik.com/extimages/Listing-Images/HUEN.jpg,runway_diagrams/raw/HUEN.jpg,runway_diagrams/cleaned/HUEN.jpg,ok,,"0,0,575,538"
KAAO,Wichita Col James Jabara,Wichita,KS,USA,https://acukwik.com/Airport-Info/KAAO,https://acukwik.com/extimages/Listing-Images/KAAO.jpg,runway_diagrams/raw/KAAO.jpg,runway_diagrams/cleaned/KAAO.jpg,ok,,"0,0,575,625"
KABE,Lehigh Valley International,Allentown,PA,USA,https://acukwik.com/Airport-Info/KABE,https://acukwik.com/extimages/Listing-Images/KABE.jpg,runway_diagrams/raw/KABE.jpg,runway_diagrams/cleaned/KABE.jpg,ok,,"0,0,575,550"
KABI,Abilene Regional,Abilene,TX,USA,https://acukwik.com/Airport-Info/KABI,https://acukwik.com/extimages/Listing-Images/KABI.jpg,runway_diagrams/raw/KABI.jpg,runway_diagrams/cleaned/KABI.jpg,ok,,"0,0,575,725"
KABQ,Albuquerque/Sunport International,Albuquerque,NM,USA,https://acukwik.com/Airport-Info/KABQ,https://acukwik.com/extimages/Listing-Images/KABQ.jpg,runway_diagrams/raw/KABQ.jpg,runway_diagrams/cleaned/KABQ.jpg,ok,,"0,0,575,550"
KABR,Aberdeen Regional,Aberdeen,SD,USA,https://acukwik.com/Airport-Info/KABR,https://acukwik.com/extimages/Listing-Images/KABR.jpg,runway_diagrams/raw/KABR.jpg,runway_diagrams/cleaned/KABR.jpg,ok,,"0,0,414,468"
KABY,Southwest Georgia Regional,Albany,GA,USA,https://acukwik.com/Airport-Info/KABY,https://acukwik.com/extimages/Listing-Images/KABY.jpg,runway_diagrams/raw/KABY.jpg,runway_diagrams/cleaned/KABY.jpg,ok,,"0,0,575,550"
KACT,Waco Regional,Waco,TX,USA,https://acukwik.com/Airport-Info/KACT,https://acukwik.com/extimages/Listing-Images/KACT.jpg,runway_diagrams/raw/KACT.jpg,runway_diagrams/cleaned/KACT.jpg,ok,,"0,0,414,432"
KACY,Atlantic City International,Atlantic City,NJ,USA,https://acukwik.com/Airport-Info/KACY,https://acukwik.com/extimages/Listing-Images/KACY.jpg,runway_diagrams/raw/KACY.jpg,runway_diagrams/cleaned/KACY.jpg,ok,,"0,0,575,625"
KADM,Ardmore Municipal,Ardmore,OK,USA,https://acukwik.com/Airport-Info/KADM,https://acukwik.com/extimages/Listing-Images/KADM.jpg,runway_diagrams/raw/KADM.jpg,runway_diagrams/cleaned/KADM.jpg,ok,,"0,0,414,504"
KADS,Addison/Dallas,Dallas,TX,USA,https://acukwik.com/Airport-Info/KADS,https://acukwik.com/extimages/Listing-Images/KADS.jpg,runway_diagrams/raw/KADS.jpg,runway_diagrams/cleaned/KADS.jpg,ok,,"0,0,575,600"
KAEG,Double Eagle II,Albuquerque,NM,USA,https://acukwik.com/Airport-Info/KAEG,https://acukwik.com/extimages/Listing-Images/KAEG.jpg,runway_diagrams/raw/KAEG.jpg,runway_diagrams/cleaned/KAEG.jpg,ok,,"0,0,414,306"
KAEX,Alexandria International,Alexandria,LA,USA,https://acukwik.com/Airport-Info/KAEX,https://acukwik.com/extimages/Listing-Images/KAEX.jpg,runway_diagrams/raw/KAEX.jpg,runway_diagrams/cleaned/KAEX.jpg,ok,,"0,0,575,600"
KAFJ,Washington County,Washington,PA,USA,https://acukwik.com/Airport-Info/KAFJ,https://acukwik.com/extimages/Listing-Images/KAFJ.jpg,runway_diagrams/raw/KAFJ.jpg,runway_diagrams/cleaned/KAFJ.jpg,ok,,"0,0,414,360"
KAFW,Fort Worth Alliance,Fort Worth,TX,USA,https://acukwik.com/Airport-Info/KAFW,https://acukwik.com/extimages/Listing-Images/KAFW.jpg,runway_diagrams/raw/KAFW.jpg,runway_diagrams/cleaned/KAFW.jpg,ok,,"0,0,575,700"
KAGC,Allegheny County,Pittsburgh,PA,USA,https://acukwik.com/Airport-Info/KAGC,https://acukwik.com/extimages/Listing-Images/KAGC.jpg,runway_diagrams/raw/KAGC.jpg,runway_diagrams/cleaned/KAGC.jpg,ok,,"0,0,575,425"
KAGS,Augusta Regional/Bush Field,Augusta,GA,USA,https://acukwik.com/Airport-Info/KAGS,https://acukwik.com/extimages/Listing-Images/KAGS.jpg,runway_diagrams/raw/KAGS.jpg,runway_diagrams/cleaned/KAGS.jpg,ok,,"0,0,575,525"
KAID,Anderson Regional,Anderson,IN,USA,https://acukwik.com/Airport-Info/KAID,https://acukwik.com/extimages/Listing-Images/KAID.jpg,runway_diagrams/raw/KAID.jpg,runway_diagrams/cleaned/KAID.jpg,ok,,"0,0,575,475"
KALB,Albany International,Albany,NY,USA,https://acukwik.com/Airport-Info/KALB,https://acukwik.com/extimages/Listing-Images/KALB.jpg,runway_diagrams/raw/KALB.jpg,runway_diagrams/cleaned/KALB.jpg,ok,,"0,0,414,468"
KALN,St Louis Regional,Alton,IL,USA,https://acukwik.com/Airport-Info/KALN,https://acukwik.com/extimages/Listing-Images/KALN.jpg,runway_diagrams/raw/KALN.jpg,runway_diagrams/cleaned/KALN.jpg,ok,,"0,0,575,550"
KALO,Waterloo Regional,Waterloo,IA,USA,https://acukwik.com/Airport-Info/KALO,https://acukwik.com/extimages/Listing-Images/KALO.jpg,runway_diagrams/raw/KALO.jpg,runway_diagrams/cleaned/KALO.jpg,ok,,"0,0,575,575"
KAMA,Rick Husband Amarillo International,Amarillo,TX,USA,https://acukwik.com/Airport-Info/KAMA,https://acukwik.com/extimages/Listing-Images/KAMA.jpg,runway_diagrams/raw/KAMA.jpg,runway_diagrams/cleaned/KAMA.jpg,ok,,"0,0,575,510"
KANE,Anoka County/Blaine (Janes Field),Minneapolis,MN,USA,https://acukwik.com/Airport-Info/KANE,https://acukwik.com/extimages/Listing-Images/KANE.jpg,runway_diagrams/raw/KANE.jpg,runway_diagrams/cleaned/KANE.jpg,ok,,"0,0,575,663"
KAOH,Lima Allen County,Lima,OH,USA,https://acukwik.com/Airport-Info/KAOH,https://acukwik.com/extimages/Listing-Images/KAOH.jpg,runway_diagrams/raw/KAOH.jpg,runway_diagrams/cleaned/KAOH.jpg,ok,,"0,0,414,306"
KAPA,Centennial,Denver,CO,USA,https://acukwik.com/Airport-Info/KAPA,https://acukwik.com/extimages/Listing-Images/KAPA.jpg,runway_diagrams/raw/KAPA.jpg,runway_diagrams/cleaned/KAPA.jpg,ok,,"0,0,1000,1043"
KAPC,Napa County,Napa,CA,USA,https://acukwik.com/Airport-Info/KAPC,https://acukwik.com/extimages/Listing-Images/KAPC.jpg,runway_diagrams/raw/KAPC.jpg,runway_diagrams/cleaned/KAPC.jpg,ok,,"0,0,1000,1000"
KAPF,Naples Municipal,Naples,FL,USA,https://acukwik.com/Airport-Info/KAPF,https://acukwik.com/extimages/Listing-Images/KAPF.jpg,runway_diagrams/raw/KAPF.jpg,runway_diagrams/cleaned/KAPF.jpg,ok,,"0,0,1000,1130"
KARB,Ann Arbor Municipal,Ann Arbor,MI,USA,https://acukwik.com/Airport-Info/KARB,https://acukwik.com/extimages/Listing-Images/KARB.jpg,runway_diagrams/raw/KARB.jpg,runway_diagrams/cleaned/KARB.jpg,ok,,"0,0,575,475"
KARG,Walnut Ridge Regional,Walnut Ridge,AR,USA,https://acukwik.com/Airport-Info/KARG,https://acukwik.com/extimages/Listing-Images/KARG.jpg,runway_diagrams/raw/KARG.jpg,runway_diagrams/cleaned/KARG.jpg,ok,,"0,0,414,450"
KARR,Chicago/Aurora Municipal,Chicago,IL,USA,https://acukwik.com/Airport-Info/KARR,https://acukwik.com/extimages/Listing-Images/KARR.jpg,runway_diagrams/raw/KARR.jpg,runway_diagrams/cleaned/KARR.jpg,ok,,"0,0,575,550"
KASE,Aspen-Pitkin County/Sardy Field,Aspen,CO,USA,https://acukwik.com/Airport-Info/KASE,https://acukwik.com/extimages/Listing-Images/KASE.jpg,runway_diagrams/raw/KASE.jpg,runway_diagrams/cleaned/KASE.jpg,ok,,"0,0,575,500"
KASG,Springdale Municipal,Springdale,AR,USA,https://acukwik.com/Airport-Info/KASG,https://acukwik.com/extimages/Listing-Images/KASG.jpg,runway_diagrams/raw/KASG.jpg,runway_diagrams/cleaned/KASG.jpg,ok,,"0,0,575,625"
KASH,Nashua-Boire Field,Nashua,NH,USA,https://acukwik.com/Airport-Info/KASH,https://acukwik.com/extimages/Listing-Images/KASH.jpg,runway_diagrams/raw/KASH.jpg,runway_diagrams/cleaned/KASH.jpg,ok,,"0,0,575,475"
KATL,Hartsfield Jackson Atlanta International,Atlanta,GA,USA,https://acukwik.com/Airport-Info/KATL,https://acukwik.com/extimages/Listing-Images/KATL.jpg,runway_diagrams/raw/KATL.jpg,runway_diagrams/cleaned/KATL.jpg,ok,,"0,0,1000,1913"
KATW,Appleton International,Appleton,WI,USA,https://acukwik.com/Airport-Info/KATW,https://acukwik.com/extimages/Listing-Images/KATW.jpg,runway_diagrams/raw/KATW.jpg,runway_diagrams/cleaned/KATW.jpg,ok,,"0,0,575,650"
KATY,Watertown Regional,Watertown,SD,USA,https://acukwik.com/Airport-Info/KATY,https://acukwik.com/extimages/Listing-Images/KATY.jpg,runway_diagrams/raw/KATY.jpg,runway_diagrams/cleaned/KATY.jpg,ok,,"0,0,575,625"
KAUS,Austin Bergstrom International,Austin,TX,USA,https://acukwik.com/Airport-Info/KAUS,https://acukwik.com/extimages/Listing-Images/KAUS.jpg,runway_diagrams/raw/KAUS.jpg,runway_diagrams/cleaned/KAUS.jpg,ok,,"0,0,575,575"
KAVL,Asheville Regional,Asheville,NC,USA,https://acukwik.com/Airport-Info/KAVL,https://acukwik.com/extimages/Listing-Images/KAVL.jpg,runway_diagrams/raw/KAVL.jpg,runway_diagrams/cleaned/KAVL.jpg,ok,,"0,0,575,575"
KAVP,Wilkes-Barre/Scranton International,Scranton,PA,USA,https://acukwik.com/Airport-Info/KAVP,https://acukwik.com/extimages/Listing-Images/KAVP.jpg,runway_diagrams/raw/KAVP.jpg,runway_diagrams/cleaned/KAVP.jpg,ok,,"0,0,575,725"
KAVQ,Marana Regional,Tucson,AZ,USA,https://acukwik.com/Airport-Info/KAVQ,https://acukwik.com/extimages/Listing-Images/KAVQ.jpg,runway_diagrams/raw/KAVQ.jpg,runway_diagrams/cleaned/KAVQ.jpg,ok,,"0,0,414,396"
KAWM,West Memphis Municipal,West Memphis,AR,USA,https://acukwik.com/Airport-Info/KAWM,https://acukwik.com/extimages/Listing-Images/KAWM.jpg,runway_diagrams/raw/KAWM.jpg,runway_diagrams/cleaned/KAWM.jpg,ok,,"0,0,575,500"
KAWO,Arlington Municipal,Arlington,WA,USA,https://acukwik.com/Airport-Info/KAWO,https://acukwik.com/extimages/Listing-Images/KAWO.jpg,runway_diagrams/raw/KAWO.jpg,runway_diagrams/cleaned/KAWO.jpg,ok,,"0,0,575,500"
KAZO,Kalamazoo/Battle Creek International,Kalamazoo,MI,USA,https://acukwik.com/Airport-Info/KAZO,https://acukwik.com/extimages/Listing-Images/KAZO.jpg,runway_diagrams/raw/KAZO.jpg,runway_diagrams/cleaned/KAZO.jpg,ok,,"0,0,575,575"
KBAF,Westfield-Barnes Regional,Westfield,MA,USA,https://acukwik.com/Airport-Info/KBAF,https://acukwik.com/extimages/Listing-Images/KBAF.jpg,runway_diagrams/raw/KBAF.jpg,runway_diagrams/cleaned/KBAF.jpg,ok,,"0,0,575,775"
KBAK,Columbus Municipal,Columbus,IN,USA,https://acukwik.com/Airport-Info/KBAK,https://acukwik.com/extimages/Listing-Images/KBAK.jpg,runway_diagrams/raw/KBAK.jpg,runway_diagrams/cleaned/KBAK.jpg,ok,,"0,0,414,324"
KBAZ,New Braunfels Ntl,New Braunfels,TX,USA,https://acukwik.com/Airport-Info/KBAZ,https://acukwik.com/extimages/Listing-Images/KBAZ.jpg,runway_diagrams/raw/KBAZ.jpg,runway_diagrams/cleaned/KBAZ.jpg,ok,,"0,0,414,504"
KBCT,Boca Raton,Boca Raton,FL,USA,https://acukwik.com/Airport-Info/KBCT,https://acukwik.com/extimages/Listing-Images/KBCT.jpg,runway_diagrams/raw/KBCT.jpg,runway_diagrams/cleaned/KBCT.jpg,ok,,"0,0,575,450"
KBDL,Bradley International,Windsor Locks,CT,USA,https://acukwik.com/Airport-Info/KBDL,https://acukwik.com/extimages/Listing-Images/KBDL.jpg,runway_diagrams/raw/KBDL.jpg,runway_diagrams/cleaned/KBDL.jpg,ok,,"0,0,575,650"
KBDN,Bend Municipal,Bend,OR,USA,https://acukwik.com/Airport-Info/KBDN,https://acukwik.com/extimages/Listing-Images/KBDN.jpg,runway_diagrams/raw/KBDN.jpg,runway_diagrams/cleaned/KBDN.jpg,ok,,"0,0,575,575"
KBDR,Bridgeport/Sikorsky,Bridgeport,CT,USA,https://acukwik.com/Airport-Info/KBDR,https://acukwik.com/extimages/Listing-Images/KBDR.jpg,runway_diagrams/raw/KBDR.jpg,runway_diagrams/cleaned/KBDR.jpg,ok,,"0,0,575,425"
KBED,Laurence G Hanscom Field,Bedford,MA,USA,https://acukwik.com/Airport-Info/KBED,https://acukwik.com/extimages/Listing-Images/KBED.jpg,runway_diagrams/raw/KBED.jpg,runway_diagrams/cleaned/KBED.jpg,ok,,"0,0,1000,957"
KBEH,Southwest Michigan Regional,Benton Harbor,MI,USA,https://acukwik.com/Airport-Info/KBEH,https://acukwik.com/extimages/Listing-Images/KBEH.jpg,runway_diagrams/raw/KBEH.jpg,runway_diagrams/cleaned/KBEH.jpg,ok,,"0,0,575,425"
KBFI,King County International Boeing Field,Seattle,WA,USA,https://acukwik.com/Airport-Info/KBFI,https://acukwik.com/extimages/Listing-Images/KBFI.jpg,runway_diagrams/raw/KBFI.jpg,runway_diagrams/cleaned/KBFI.jpg,ok,,"0,0,575,575"
KBFL,Meadows Field,Bakersfield,CA,USA,https://acukwik.com/Airport-Info/KBFL,https://acukwik.com/extimages/Listing-Images/KBFL.jpg,runway_diagrams/raw/KBFL.jpg,runway_diagrams/cleaned/KBFL.jpg,ok,,"0,0,575,575"
KBFM,Mobile International,Mobile,AL,USA,https://acukwik.com/Airport-Info/KBFM,https://acukwik.com/extimages/Listing-Images/KBFM.jpg,runway_diagrams/raw/KBFM.jpg,runway_diagrams/cleaned/KBFM.jpg,ok,,"0,0,414,540"
KBGM,Greater Binghamton Edwin A Link Field,Binghamton,NY,USA,https://acukwik.com/Airport-Info/KBGM,https://acukwik.com/extimages/Listing-Images/KBGM.jpg,runway_diagrams/raw/KBGM.jpg,runway_diagrams/cleaned/KBGM.jpg,ok,,"0,0,575,550"
KBGR,Bangor International,Bangor,ME,USA,https://acukwik.com/Airport-Info/KBGR,https://acukwik.com/extimages/Listing-Images/KBGR.jpg,runway_diagrams/raw/KBGR.jpg,runway_diagrams/cleaned/KBGR.jpg,ok,,"0,0,575,600"
KBHB,Hancock County/Bar Harbor,Bar Harbor,ME,USA,https://acukwik.com/Airport-Info/KBHB,https://acukwik.com/extimages/Listing-Images/KBHB.jpg,runway_diagrams/raw/KBHB.jpg,runway_diagrams/cleaned/KBHB.jpg,ok,,"0,0,414,432"
KBHM,Birmingham-Shuttlesworth International,Birmingham,AL,USA,https://acukwik.com/Airport-Info/KBHM,https://acukwik.com/extimages/Listing-Images/KBHM.jpg,runway_diagrams/raw/KBHM.jpg,runway_diagrams/cleaned/KBHM.jpg,ok,,"0,0,575,600"
KBID,Block Island State,Block Island,RI,USA,https://acukwik.com/Airport-Info/KBID,https://acukwik.com/extimages/Listing-Images/KBID.jpg,runway_diagrams/raw/KBID.jpg,runway_diagrams/cleaned/KBID.jpg,ok,,"0,0,414,306"
KBIL,Billings Logan International,Billings,MT,USA,https://acukwik.com/Airport-Info/KBIL,https://acukwik.com/extimages/Listing-Images/KBIL.jpg,runway_diagrams/raw/KBIL.jpg,runway_diagrams/cleaned/KBIL.jpg,ok,,"0,0,1000,739"
KBIS,Bismarck Municipal,Bismarck,ND,USA,https://acukwik.com/Airport-Info/KBIS,https://acukwik.com/extimages/Listing-Images/KBIS.jpg,runway_diagrams/raw/KBIS.jpg,runway_diagrams/cleaned/KBIS.jpg,ok,,"0,0,575,575"
KBJC,Rocky Mountain Metropolitan/Jeffco,Denver,CO,USA,https://acukwik.com/Airport-Info/KBJC,https://acukwik.com/extimages/Listing-Images/KBJC.jpg,runway_diagrams/raw/KBJC.jpg,runway_diagrams/cleaned/KBJC.jpg,ok,,"0,0,414,396"
KBKL,Burke Lakefront,Cleveland,OH,USA,https://acukwik.com/Airport-Info/KBKL,https://acukwik.com/extimages/Listing-Images/KBKL.jpg,runway_diagrams/raw/KBKL.jpg,runway_diagrams/cleaned/KBKL.jpg,ok,,"0,0,414,396"
KBLI,Bellingham International,Bellingham,WA,USA,https://acukwik.com/Airport-Info/KBLI,https://acukwik.com/extimages/Listing-Images/KBLI.jpg,runway_diagrams/raw/KBLI.jpg,runway_diagrams/cleaned/KBLI.jpg,ok,,"0,0,414,522"
KBLM,Monmouth Executive,Belmar,NJ,USA,https://acukwik.com/Airport-Info/KBLM,https://acukwik.com/extimages/Listing-Images/KBLM.jpg,runway_diagrams/raw/KBLM.jpg,runway_diagrams/cleaned/KBLM.jpg,ok,,"0,0,1000,783"
KBMG,Monroe County,Bloomington,IN,USA,https://acukwik.com/Airport-Info/KBMG,https://acukwik.com/extimages/Listing-Images/KBMG.jpg,runway_diagrams/raw/KBMG.jpg,runway_diagrams/cleaned/KBMG.jpg,ok,,"0,0,1000,1043"
KBMI,Central Illinois Regional at Bloomington Normal,Bloomington,IL,USA,https://acukwik.com/Airport-Info/KBMI,https://acukwik.com/extimages/Listing-Images/KBMI.jpg,runway_diagrams/raw/KBMI.jpg,runway_diagrams/cleaned/KBMI.jpg,ok,,"0,0,575,600"
KBNA,Nashville International,Nashville,TN,USA,https://acukwik.com/Airport-Info/KBNA,https://acukwik.com/extimages/Listing-Images/KBNA.jpg,runway_diagrams/raw/KBNA.jpg,runway_diagrams/cleaned/KBNA.jpg,ok,,"0,0,575,700"
KBOI,Boise Air Terminal Gowen Field,Boise,ID,USA,https://acukwik.com/Airport-Info/KBOI,https://acukwik.com/extimages/Listing-Images/KBOI.jpg,runway_diagrams/raw/KBOI.jpg,runway_diagrams/cleaned/KBOI.jpg,ok,,"0,0,575,575"
KBOS,Boston Logan International,Boston,MA,USA,https://acukwik.com/Airport-Info/KBOS,https://acukwik.com/extimages/Listing-Images/KBOS.jpg,runway_diagrams/raw/KBOS.jpg,runway_diagrams/cleaned/KBOS.jpg,ok,,"0,0,575,650"
KBPT,Jack Brooks Regional,Beaumont/Port Arthur,TX,USA,https://acukwik.com/Airport-Info/KBPT,https://acukwik.com/extimages/Listing-Images/KBPT.jpg,runway_diagrams/raw/KBPT.jpg,runway_diagrams/cleaned/KBPT.jpg,ok,,"0,0,575,550"
KBRO,Brownsville/South Padre Island International,Brownsville,TX,USA,https://acukwik.com/Airport-Info/KBRO,https://acukwik.com/extimages/Listing-Images/KBRO.jpg,runway_diagrams/raw/KBRO.jpg,runway_diagrams/cleaned/KBRO.jpg,ok,,"0,0,414,468"
KBTL,Battle Creek Executive,Battle Creek,MI,USA,https://acukwik.com/Airport-Info/KBTL,https://acukwik.com/extimages/Listing-Images/KBTL.jpg,runway_diagrams/raw/KBTL.jpg,runway_diagrams/cleaned/KBTL.jpg,ok,,"0,0,575,575"
KBTR,Baton Rouge Metro Ryan Field,Baton Rouge,LA,USA,https://acukwik.com/Airport-Info/KBTR,https://acukwik.com/extimages/Listing-Images/KBTR.jpg,runway_diagrams/raw/KBTR.jpg,runway_diagrams/cleaned/KBTR.jpg,ok,,"0,0,414,414"
KBTV,Patrick Leahy Burlington International,Burlington,VT,USA,https://acukwik.com/Airport-Info/KBTV,https://acukwik.com/extimages/Listing-Images/KBTV.jpg,runway_diagrams/raw/KBTV.jpg,runway_diagrams/cleaned/KBTV.jpg,ok,,"0,0,575,475"
KBUF,Buffalo Niagara International,Buffalo,NY,USA,https://acukwik.com/Airport-Info/KBUF,https://acukwik.com/extimages/Listing-Images/KBUF.jpg,runway_diagrams/raw/KBUF.jpg,runway_diagrams/cleaned/KBUF.jpg,ok,,"0,0,575,625"
KBUR,Hollywood Burbank,Burbank,CA,USA,https://acukwik.com/Airport-Info/KBUR,https://acukwik.com/extimages/Listing-Images/KBUR.jpg,runway_diagrams/raw/KBUR.jpg,runway_diagrams/cleaned/KBUR.jpg,ok,,"0,0,1000,957"
KBVI,Beaver County,Beaver Falls,PA,USA,https://acukwik.com/Airport-Info/KBVI,https://acukwik.com/extimages/Listing-Images/KBVI.jpg,runway_diagrams/raw/KBVI.jpg,runway_diagrams/cleaned/KBVI.jpg,ok,,"0,0,414,306"
KBVS,Skagit Regional,Burlington,WA,USA,https://acukwik.com/Airport-Info/KBVS,https://acukwik.com/extimages/Listing-Images/KBVS.jpg,runway_diagrams/raw/KBVS.jpg,runway_diagrams/cleaned/KBVS.jpg,ok,,"0,0,414,360"
KBVY,Beverly Regional,Beverly,MA,USA,https://acukwik.com/Airport-Info/KBVY,https://acukwik.com/extimages/Listing-Images/KBVY.jpg,runway_diagrams/raw/KBVY.jpg,runway_diagrams/cleaned/KBVY.jpg,ok,,"0,0,414,360"
KBWG,Bowling Green Warren County Regional,Bowling Green,KY,USA,https://acukwik.com/Airport-Info/KBWG,https://acukwik.com/extimages/Listing-Images/KBWG.jpg,runway_diagrams/raw/KBWG.jpg,runway_diagrams/cleaned/KBWG.jpg,ok,,"0,0,575,675"
KBWI,Baltimore/Washington Intl Thurgood Marshall,Baltimore,MD,USA,https://acukwik.com/Airport-Info/KBWI,https://acukwik.com/extimages/Listing-Images/KBWI.jpg,runway_diagrams/raw/KBWI.jpg,runway_diagrams/cleaned/KBWI.jpg,ok,,"0,0,575,650"
KBXK,Buckeye Municipal,Phoenix,AZ,USA,https://acukwik.com/Airport-Info/KBXK,https://acukwik.com/extimages/Listing-Images/KBXK.jpg,runway_diagrams/raw/KBXK.jpg,runway_diagrams/cleaned/KBXK.jpg,ok,,"0,0,414,540"
KBZN,Bozeman Yellowstone International,Bozeman,MT,USA,https://acukwik.com/Airport-Info/KBZN,https://acukwik.com/extimages/Listing-Images/KBZN.jpg,runway_diagrams/raw/KBZN.jpg,runway_diagrams/cleaned/KBZN.jpg,ok,,"0,0,575,675"
KCAE,Columbia Metropolitan,Columbia,SC,USA,https://acukwik.com/Airport-Info/KCAE,https://acukwik.com/extimages/Listing-Images/KCAE.jpg,runway_diagrams/raw/KCAE.jpg,runway_diagrams/cleaned/KCAE.jpg,ok,,"0,0,414,342"
KCAK,Akron/Canton Regional,Akron,OH,USA,https://acukwik.com/Airport-Info/KCAK,https://acukwik.com/extimages/Listing-Images/KCAK.jpg,runway_diagrams/raw/KCAK.jpg,runway_diagrams/cleaned/KCAK.jpg,ok,,"0,0,575,600"
KCBF,Council Bluffs Municipal,Council Bluffs,IA,USA,https://acukwik.com/Airport-Info/KCBF,https://acukwik.com/extimages/Listing-Images/KCBF.jpg,runway_diagrams/raw/KCBF.jpg,runway_diagrams/cleaned/KCBF.jpg,ok,,"0,0,575,675"
KCCR,Buchanan Field,Concord,CA,USA,https://acukwik.com/Airport-Info/KCCR,https://acukwik.com/extimages/Listing-Images/KCCR.jpg,runway_diagrams/raw/KCCR.jpg,runway_diagrams/cleaned/KCCR.jpg,ok,,"0,0,575,550"
KCDC,Cedar City Regional,Cedar City,UT,USA,https://acukwik.com/Airport-Info/KCDC,https://acukwik.com/extimages/Listing-Images/KCDC.jpg,runway_diagrams/raw/KCDC.jpg,runway_diagrams/cleaned/KCDC.jpg,ok,,"0,0,414,504"
KCDW,Essex County,Caldwell,NJ,USA,https://acukwik.com/Airport-Info/KCDW,https://acukwik.com/extimages/Listing-Images/KCDW.jpg,runway_diagrams/raw/KCDW.jpg,runway_diagrams/cleaned/KCDW.jpg,ok,,"0,0,414,432"
KCEF,Westover ARB/Westover Metropolitan,Chicopee,MA,USA,https://acukwik.com/Airport-Info/KCEF,https://acukwik.com/extimages/Listing-Images/KCEF.jpg,runway_diagrams/raw/KCEF.jpg,runway_diagrams/cleaned/KCEF.jpg,ok,,"0,0,575,575"
KCFO,Colorado Air & Space Port,Denver,CO,USA,https://acukwik.com/Airport-Info/KCFO,https://acukwik.com/extimages/Listing-Images/KCFO.jpg,runway_diagrams/raw/KCFO.jpg,runway_diagrams/cleaned/KCFO.jpg,ok,,"0,0,414,432"
KCGF,Cuyahoga County,Cleveland,OH,USA,https://acukwik.com/Airport-Info/KCGF,https://acukwik.com/extimages/Listing-Images/KCGF.jpg,runway_diagrams/raw/KCGF.jpg,runway_diagrams/cleaned/KCGF.jpg,ok,,"0,0,575,500"
KCGI,Cape Girardeau Regional,Cape Girardeau,MO,USA,https://acukwik.com/Airport-Info/KCGI,https://acukwik.com/extimages/Listing-Images/KCGI.jpg,runway_diagrams/raw/KCGI.jpg,runway_diagrams/cleaned/KCGI.jpg,ok,,"0,0,414,324"
KCHA,Lovell Field,Chattanooga,TN,USA,https://acukwik.com/Airport-Info/KCHA,https://acukwik.com/extimages/Listing-Images/KCHA.jpg,runway_diagrams/raw/KCHA.jpg,runway_diagrams/cleaned/KCHA.jpg,ok,,"0,0,575,600"
KCHO,Charlottesville Albemarle,Charlottesville,VA,USA,https://acukwik.com/Airport-Info/KCHO,https://acukwik.com/extimages/Listing-Images/KCHO.jpg,runway_diagrams/raw/KCHO.jpg,runway_diagrams/cleaned/KCHO.jpg,ok,,"0,0,414,378"
KCHS,Charleston International/AFB,Charleston,SC,USA,https://acukwik.com/Airport-Info/KCHS,https://acukwik.com/extimages/Listing-Images/KCHS.jpg,runway_diagrams/raw/KCHS.jpg,runway_diagrams/cleaned/KCHS.jpg,ok,,"0,0,575,725"
KCID,The Eastern Iowa,Cedar Rapids,IA,USA,https://acukwik.com/Airport-Info/KCID,https://acukwik.com/extimages/Listing-Images/KCID.jpg,runway_diagrams/raw/KCID.jpg,runway_diagrams/cleaned/KCID.jpg,ok,,"0,0,414,306"
KCLE,Cleveland/Hopkins International,Cleveland,OH,USA,https://acukwik.com/Airport-Info/KCLE,https://acukwik.com/extimages/Listing-Images/KCLE.jpg,runway_diagrams/raw/KCLE.jpg,runway_diagrams/cleaned/KCLE.jpg,ok,,"0,0,575,650"
KCLL,Easterwood Field,College Station,TX,USA,https://acukwik.com/Airport-Info/KCLL,https://acukwik.com/extimages/Listing-Images/KCLL.jpg,runway_diagrams/raw/KCLL.jpg,runway_diagrams/cleaned/KCLL.jpg,ok,,"0,0,414,432"
KCLT,Charlotte Douglas International,Charlotte,NC,USA,https://acukwik.com/Airport-Info/KCLT,https://acukwik.com/extimages/Listing-Images/KCLT.jpg,runway_diagrams/raw/KCLT.jpg,runway_diagrams/cleaned/KCLT.jpg,ok,,"0,0,575,650"
KCMA,Camarillo,Camarillo,CA,USA,https://acukwik.com/Airport-Info/KCMA,https://acukwik.com/extimages/Listing-Images/KCMA.jpg,runway_diagrams/raw/KCMA.jpg,runway_diagrams/cleaned/KCMA.jpg,ok,,"0,0,575,425"
KCMH,John Glenn International,Columbus,OH,USA,https://acukwik.com/Airport-Info/KCMH,https://acukwik.com/extimages/Listing-Images/KCMH.jpg,runway_diagrams/raw/KCMH.jpg,runway_diagrams/cleaned/KCMH.jpg,ok,,"0,0,575,650"
KCMI,University of Illinois/Willard,Champaign/Urbana,IL,USA,https://acukwik.com/Airport-Info/KCMI,https://acukwik.com/extimages/Listing-Images/KCMI.jpg,runway_diagrams/raw/KCMI.jpg,runway_diagrams/cleaned/KCMI.jpg,ok,,"0,0,575,650"
KCNO,Chino,Chino,CA,USA,https://acukwik.com/Airport-Info/KCNO,https://acukwik.com/extimages/Listing-Images/KCNO.jpg,runway_diagrams/raw/KCNO.jpg,runway_diagrams/cleaned/KCNO.jpg,ok,,"0,0,414,378"
KCOE,Coeur D'alene/Pappy Boyington Field,Coeur D'Alene,ID,USA,https://acukwik.com/Airport-Info/KCOE,https://acukwik.com/extimages/Listing-Images/KCOE.jpg,runway_diagrams/raw/KCOE.jpg,runway_diagrams/cleaned/KCOE.jpg,ok,,"0,0,575,450"
KCOS,City of Colorado Springs Municipal,Colorado Springs,CO,USA,https://acukwik.com/Airport-Info/KCOS,https://acukwik.com/extimages/Listing-Images/KCOS.jpg,runway_diagrams/raw/KCOS.jpg,runway_diagrams/cleaned/KCOS.jpg,ok,,"0,0,575,700"
KCPR,Casper/Natrona County International,Casper,WY,USA,https://acukwik.com/Airport-Info/KCPR,https://acukwik.com/extimages/Listing-Images/KCPR.jpg,runway_diagrams/raw/KCPR.jpg,runway_diagrams/cleaned/KCPR.jpg,ok,,"0,0,575,525"
KCPS,St Louis Downtown,Cahokia/St Louis,IL,USA,https://acukwik.com/Airport-Info/KCPS,https://acukwik.com/extimages/Listing-Images/KCPS.jpg,runway_diagrams/raw/KCPS.jpg,runway_diagrams/cleaned/KCPS.jpg,ok,,"0,0,575,525"
KCPT,Cleburne Regional,Cleburne,TX,USA,https://acukwik.com/Airport-Info/KCPT,https://acukwik.com/extimages/Listing-Images/KCPT.jpg,runway_diagrams/raw/KCPT.jpg,runway_diagrams/cleaned/KCPT.jpg,ok,,"0,0,414,378"
KCRE,Grand Strand North Myrtle Beach,North Myrtle Beach,SC,USA,https://acukwik.com/Airport-Info/KCRE,https://acukwik.com/extimages/Listing-Images/KCRE.jpg,runway_diagrams/raw/KCRE.jpg,runway_diagrams/cleaned/KCRE.jpg,ok,,"0,0,414,414"
KCRG,Jacksonville Executive at Craig,Jacksonville,FL,USA,https://acukwik.com/Airport-Info/KCRG,https://acukwik.com/extimages/Listing-Images/KCRG.jpg,runway_diagrams/raw/KCRG.jpg,runway_diagrams/cleaned/KCRG.jpg,ok,,"0,0,414,414"
KCRP,Corpus Christi International,Corpus Christi,TX,USA,https://acukwik.com/Airport-Info/KCRP,https://acukwik.com/extimages/Listing-Images/KCRP.jpg,runway_diagrams/raw/KCRP.jpg,runway_diagrams/cleaned/KCRP.jpg,ok,,"0,0,575,775"
KCRQ,Carlsbad/McClellan-Palomar,Carlsbad,CA,USA,https://acukwik.com/Airport-Info/KCRQ,https://acukwik.com/extimages/Listing-Images/KCRQ.jpg,runway_diagrams/raw/KCRQ.jpg,runway_diagrams/cleaned/KCRQ.jpg,ok,,"0,0,575,450"
KCRW,West Virginia International Yeager,Charleston,WV,USA,https://acukwik.com/Airport-Info/KCRW,https://acukwik.com/extimages/Listing-Images/KCRW.jpg,runway_diagrams/raw/KCRW.jpg,runway_diagrams/cleaned/KCRW.jpg,ok,,"0,0,1000,1261"
KCSG,Columbus Metropolitan,Columbus,GA,USA,https://acukwik.com/Airport-Info/KCSG,https://acukwik.com/extimages/Listing-Images/KCSG.jpg,runway_diagrams/raw/KCSG.jpg,runway_diagrams/cleaned/KCSG.jpg,ok,,"0,0,1000,957"
KCUB,Jim Hamilton L.B. Owens,Columbia,SC,USA,https://acukwik.com/Airport-Info/KCUB,https://acukwik.com/extimages/Listing-Images/KCUB.jpg,runway_diagrams/raw/KCUB.jpg,runway_diagrams/cleaned/KCUB.jpg,ok,,"0,0,414,360"
KCVG,Cincinnati Northern Kentucky International,Cincinnati,OH,USA,https://acukwik.com/Airport-Info/KCVG,https://acukwik.com/extimages/Listing-Images/KCVG.jpg,runway_diagrams/raw/KCVG.jpg,runway_diagrams/cleaned/KCVG.jpg,ok,,"0,0,575,700"
KCWF,Chennault International,Lake Charles,LA,USA,https://acukwik.com/Airport-Info/KCWF,https://acukwik.com/extimages/Listing-Images/KCWF.jpg,runway_diagrams/raw/KCWF.jpg,runway_diagrams/cleaned/KCWF.jpg,ok,,"0,0,575,525"
KCXO,Conroe/North Houston Regional,Houston,TX,USA,https://acukwik.com/Airport-Info/KCXO,https://acukwik.com/extimages/Listing-Images/KCXO.jpg,runway_diagrams/raw/KCXO.jpg,runway_diagrams/cleaned/KCXO.jpg,ok,,"0,0,414,504"
KCXY,Capital City Harrisburg,Harrisburg,PA,USA,https://acukwik.com/Airport-Info/KCXY,https://acukwik.com/extimages/Listing-Images/KCXY.jpg,runway_diagrams/raw/KCXY.jpg,runway_diagrams/cleaned/KCXY.jpg,ok,,"0,0,414,306"
KCYS,Cheyenne Regional/Jerry Olson Field,Cheyenne,WY,USA,https://acukwik.com/Airport-Info/KCYS,https://acukwik.com/extimages/Listing-Images/KCYS.jpg,runway_diagrams/raw/KCYS.jpg,runway_diagrams/cleaned/KCYS.jpg,ok,,"0,0,414,306"
KDAB,Daytona Beach International,Daytona Beach,FL,USA,https://acukwik.com/Airport-Info/KDAB,https://acukwik.com/extimages/Listing-Images/KDAB.jpg,runway_diagrams/raw/KDAB.jpg,runway_diagrams/cleaned/KDAB.jpg,ok,,"0,0,414,378"
KDAL,Dallas Love Field,Dallas,TX,USA,https://acukwik.com/Airport-Info/KDAL,https://acukwik.com/extimages/Listing-Images/KDAL.jpg,runway_diagrams/raw/KDAL.jpg,runway_diagrams/cleaned/KDAL.jpg,ok,,"0,0,863,1125"
KDAY,Dayton International James M Cox,Dayton,OH,USA,https://acukwik.com/Airport-Info/KDAY,https://acukwik.com/extimages/Listing-Images/KDAY.jpg,runway_diagrams/raw/KDAY.jpg,runway_diagrams/cleaned/KDAY.jpg,ok,,"0,0,1000,957"
KDBQ,Dubuque Regional,Dubuque,IA,USA,https://acukwik.com/Airport-Info/KDBQ,https://acukwik.com/extimages/Listing-Images/KDBQ.jpg,runway_diagrams/raw/KDBQ.jpg,runway_diagrams/cleaned/KDBQ.jpg,ok,,"0,0,575,525"
KDCA,Ronald Reagan Washington National,Washington,VA,USA,https://acukwik.com/Airport-Info/KDCA,https://acukwik.com/extimages/Listing-Images/KDCA.jpg,runway_diagrams/raw/KDCA.jpg,runway_diagrams/cleaned/KDCA.jpg,ok,,"0,0,414,522"
KDCU,Pryor Field Regional,Decatur,AL,USA,https://acukwik.com/Airport-Info/KDCU,https://acukwik.com/extimages/Listing-Images/KDCU.jpg,runway_diagrams/raw/KDCU.jpg,runway_diagrams/cleaned/KDCU.jpg,ok,,"0,0,575,575"
KDEN,Denver International,Denver,CO,USA,https://acukwik.com/Airport-Info/KDEN,https://acukwik.com/extimages/Listing-Images/KDEN.jpg,runway_diagrams/raw/KDEN.jpg,runway_diagrams/cleaned/KDEN.jpg,ok,,"0,0,575,650"
KDET,Coleman A Young Municipal,Detroit,MI,USA,https://acukwik.com/Airport-Info/KDET,https://acukwik.com/extimages/Listing-Images/KDET.jpg,runway_diagrams/raw/KDET.jpg,runway_diagrams/cleaned/KDET.jpg,ok,,"0,0,575,525"
KDFW,Dallas-Fort Worth International,Dallas,TX,USA,https://acukwik.com/Airport-Info/KDFW,https://acukwik.com/extimages/Listing-Images/KDFW.jpg,runway_diagrams/raw/KDFW.jpg,runway_diagrams/cleaned/KDFW.jpg,ok,,"0,0,414,756"
KDHN,Dothan Regional,Dothan,AL,USA,https://acukwik.com/Airport-Info/KDHN,https://acukwik.com/extimages/Listing-Images/KDHN.jpg,runway_diagrams/raw/KDHN.jpg,runway_diagrams/cleaned/KDHN.jpg,ok,,"0,0,1000,957"
KDIJ,Driggs/Reed Memorial,Driggs,ID,USA,https://acukwik.com/Airport-Info/KDIJ,https://acukwik.com/extimages/Listing-Images/KDIJ.jpg,runway_diagrams/raw/KDIJ.jpg,runway_diagrams/cleaned/KDIJ.jpg,ok,,"0,0,414,324"
KDKX,Knoxville Downtown Island,Knoxville,TN,USA,https://acukwik.com/Airport-Info/KDKX,https://acukwik.com/extimages/Listing-Images/KDKX.jpg,runway_diagrams/raw/KDKX.jpg,runway_diagrams/cleaned/KDKX.jpg,ok,,"0,0,414,306"
KDLH,Duluth International,Duluth,MN,USA,https://acukwik.com/Airport-Info/KDLH,https://acukwik.com/extimages/Listing-Images/KDLH.jpg,runway_diagrams/raw/KDLH.jpg,runway_diagrams/cleaned/KDLH.jpg,ok,,"0,0,575,500"
KDMW,Carroll County Regional/Jack B Poage Field,Westminster,MD,USA,https://acukwik.com/Airport-Info/KDMW,https://acukwik.com/extimages/Listing-Images/KDMW.jpg,runway_diagrams/raw/KDMW.jpg,runway_diagrams/cleaned/KDMW.jpg,ok,,"0,0,414,396"
KDNA,Dona Ana County at Santa Teresa,Santa Teresa,NM,USA,https://acukwik.com/Airport-Info/KDNA,https://acukwik.com/extimages/Listing-Images/KDNA.jpg,runway_diagrams/raw/KDNA.jpg,runway_diagrams/cleaned/KDNA.jpg,ok,,"0,0,414,306"
KDPA,DuPage,Chicago,IL,USA,https://acukwik.com/Airport-Info/KDPA,https://acukwik.com/extimages/Listing-Images/KDPA.jpg,runway_diagrams/raw/KDPA.jpg,runway_diagrams/cleaned/KDPA.jpg,ok,,"0,0,415,450"
KDRO,Durango/La Plata County,Durango,CO,USA,https://acukwik.com/Airport-Info/KDRO,https://acukwik.com/extimages/Listing-Images/KDRO.jpg,runway_diagrams/raw/KDRO.jpg,runway_diagrams/cleaned/KDRO.jpg,ok,,"0,0,414,324"
KDSM,Des Moines International,Des Moines,IA,USA,https://acukwik.com/Airport-Info/KDSM,https://acukwik.com/extimages/Listing-Images/KDSM.jpg,runway_diagrams/raw/KDSM.jpg,runway_diagrams/cleaned/KDSM.jpg,ok,,"0,0,575,625"
KDTN,Shreveport Downtown,Shreveport,LA,USA,https://acukwik.com/Airport-Info/KDTN,https://acukwik.com/extimages/Listing-Images/KDTN.jpg,runway_diagrams/raw/KDTN.jpg,runway_diagrams/cleaned/KDTN.jpg,ok,,"0,0,575,600"
KDTO,Denton Enterprise,Denton,TX,USA,https://acukwik.com/Airport-Info/KDTO,https://acukwik.com/extimages/Listing-Images/KDTO.jpg,runway_diagrams/raw/KDTO.jpg,runway_diagrams/cleaned/KDTO.jpg,ok,,"0,0,414,378"
KDTS,Destin Executive,Destin,FL,USA,https://acukwik.com/Airport-Info/KDTS,https://acukwik.com/extimages/Listing-Images/KDTS.jpg,runway_diagrams/raw/KDTS.jpg,runway_diagrams/cleaned/KDTS.jpg,ok,,"0,0,575,575"
KDTW,Detroit Metro Wayne County,Detroit,MI,USA,https://acukwik.com/Airport-Info/KDTW,https://acukwik.com/extimages/Listing-Images/KDTW.jpg,runway_diagrams/raw/KDTW.jpg,runway_diagrams/cleaned/KDTW.jpg,ok,,"0,0,414,846"
KDVN,Davenport Municipal,Davenport,IA,USA,https://acukwik.com/Airport-Info/KDVN,https://acukwik.com/extimages/Listing-Images/KDVN.jpg,runway_diagrams/raw/KDVN.jpg,runway_diagrams/cleaned/KDVN.jpg,ok,,"0,0,575,675"
KDVT,Phoenix Deer Valley,Phoenix,AZ,USA,https://acukwik.com/Airport-Info/KDVT,https://acukwik.com/extimages/Listing-Images/KDVT.jpg,runway_diagrams/raw/KDVT.jpg,runway_diagrams/cleaned/KDVT.jpg,ok,,"0,0,414,306"
KDWH,David Wayne Hooks Memorial,Houston,TX,USA,https://acukwik.com/Airport-Info/KDWH,https://acukwik.com/extimages/Listing-Images/KDWH.jpg,runway_diagrams/raw/KDWH.jpg,runway_diagrams/cleaned/KDWH.jpg,ok,,"0,0,414,522"
KDXR,Danbury Municipal,Danbury,CT,USA,https://acukwik.com/Airport-Info/KDXR,https://acukwik.com/extimages/Listing-Images/KDXR.jpg,runway_diagrams/raw/KDXR.jpg,runway_diagrams/cleaned/KDXR.jpg,ok,,"0,0,575,475"
KEAU,Chippewa Valley Regional,Eau Claire,WI,USA,https://acukwik.com/Airport-Info/KEAU,https://acukwik.com/extimages/Listing-Images/KEAU.jpg,runway_diagrams/raw/KEAU.jpg,runway_diagrams/cleaned/KEAU.jpg,ok,,"0,0,414,432"
KECP,Northwest Florida Beaches,Panama City,FL,USA,https://acukwik.com/Airport-Info/KECP,https://acukwik.com/extimages/Listing-Images/KECP.jpg,runway_diagrams/raw/KECP.jpg,runway_diagrams/cleaned/KECP.jpg,ok,,"0,0,414,504"
KEFD,Ellington,Houston,TX,USA,https://acukwik.com/Airport-Info/KEFD,https://acukwik.com/extimages/Listing-Images/KEFD.jpg,runway_diagrams/raw/KEFD.jpg,runway_diagrams/cleaned/KEFD.jpg,ok,,"0,0,414,504"
KEGE,Eagle County Regional,Eagle,CO,USA,https://acukwik.com/Airport-Info/KEGE,https://acukwik.com/extimages/Listing-Images/KEGE.jpg,runway_diagrams/raw/KEGE.jpg,runway_diagrams/cleaned/KEGE.jpg,ok,,"0,0,575,425"
KEKY,Bessemer Ntl,Bessemer,AL,USA,https://acukwik.com/Airport-Info/KEKY,https://acukwik.com/extimages/Listing-Images/KEKY.jpg,runway_diagrams/raw/KEKY.jpg,runway_diagrams/cleaned/KEKY.jpg,ok,,"0,0,414,343"
KELM,Elmira/Corning Regional,Elmira,NY,USA,https://acukwik.com/Airport-Info/KELM,https://acukwik.com/extimages/Listing-Images/KELM.jpg,runway_diagrams/raw/KELM.jpg,runway_diagrams/cleaned/KELM.jpg,ok,,"0,0,575,500"
KELP,El Paso International,El Paso,TX,USA,https://acukwik.com/Airport-Info/KELP,https://acukwik.com/extimages/Listing-Images/KELP.jpg,runway_diagrams/raw/KELP.jpg,runway_diagrams/cleaned/KELP.jpg,ok,,"0,0,575,550"
KENW,Kenosha Regional,Kenosha,WI,USA,https://acukwik.com/Airport-Info/KENW,https://acukwik.com/extimages/Listing-Images/KENW.jpg,runway_diagrams/raw/KENW.jpg,runway_diagrams/cleaned/KENW.jpg,ok,,"0,0,575,450"
KEQY,Charlotte/Monroe Executive,Monroe,NC,USA,https://acukwik.com/Airport-Info/KEQY,https://acukwik.com/extimages/Listing-Images/KEQY.jpg,runway_diagrams/raw/KEQY.jpg,runway_diagrams/cleaned/KEQY.jpg,ok,,"0,0,414,324"
KERI,Erie International/Tom Ridge Field,Erie,PA,USA,https://acukwik.com/Airport-Info/KERI,https://acukwik.com/extimages/Listing-Images/KERI.jpg,runway_diagrams/raw/KERI.jpg,runway_diagrams/cleaned/KERI.jpg,ok,,"0,0,414,306"
KESN,Easton/Newnam Field,Easton,MD,USA,https://acukwik.com/Airport-Info/KESN,https://acukwik.com/extimages/Listing-Images/KESN.jpg,runway_diagrams/raw/KESN.jpg,runway_diagrams/cleaned/KESN.jpg,ok,,"0,0,575,600"
KEUG,Mahlon Sweet Field,Eugene,OR,USA,https://acukwik.com/Airport-Info/KEUG,https://acukwik.com/extimages/Listing-Images/KEUG.jpg,runway_diagrams/raw/KEUG.jpg,runway_diagrams/cleaned/KEUG.jpg,ok,,"0,0,575,725"
KEVV,Evansville Regional,Evansville,IN,USA,https://acukwik.com/Airport-Info/KEVV,https://acukwik.com/extimages/Listing-Images/KEVV.jpg,runway_diagrams/raw/KEVV.jpg,runway_diagrams/cleaned/KEVV.jpg,ok,,"0,0,414,360"
KEWR,Newark Liberty International,Newark,NJ,USA,https://acukwik.com/Airport-Info/KEWR,https://acukwik.com/extimages/Listing-Images/KEWR.jpg,runway_diagrams/raw/KEWR.jpg,runway_diagrams/cleaned/KEWR.jpg,ok,,"0,0,1000,1261"
KEYE,Eagle Creek Airpark,Indianapolis,IN,USA,https://acukwik.com/Airport-Info/KEYE,https://acukwik.com/extimages/Listing-Images/KEYE.jpg,runway_diagrams/raw/KEYE.jpg,runway_diagrams/cleaned/KEYE.jpg,ok,,"0,0,414,432"
KEYW,Key West International,Key West,FL,USA,https://acukwik.com/Airport-Info/KEYW,https://acukwik.com/extimages/Listing-Images/KEYW.jpg,runway_diagrams/raw/KEYW.jpg,runway_diagrams/cleaned/KEYW.jpg,ok,,"0,0,414,306"
KFAR,Hector International Fargo,Fargo,ND,USA,https://acukwik.com/Airport-Info/KFAR,https://acukwik.com/extimages/Listing-Images/KFAR.jpg,runway_diagrams/raw/KFAR.jpg,runway_diagrams/cleaned/KFAR.jpg,ok,,"0,0,414,450"
KFAT,Fresno Yosemite International,Fresno,CA,USA,https://acukwik.com/Airport-Info/KFAT,https://acukwik.com/extimages/Listing-Images/KFAT.jpg,runway_diagrams/raw/KFAT.jpg,runway_diagrams/cleaned/KFAT.jpg,ok,,"0,0,575,550"
KFAY,Fayetteville Regional/Grannis Field,Fayetteville,NC,USA,https://acukwik.com/Airport-Info/KFAY,https://acukwik.com/extimages/Listing-Images/KFAY.jpg,runway_diagrams/raw/KFAY.jpg,runway_diagrams/cleaned/KFAY.jpg,ok,,"0,0,414,414"
KFCI,Richmond Exec/Chesterfield County,Richmond,VA,USA,https://acukwik.com/Airport-Info/KFCI,https://acukwik.com/extimages/Listing-Images/KFCI.jpg,runway_diagrams/raw/KFCI.jpg,runway_diagrams/cleaned/KFCI.jpg,ok,,"0,0,575,600"
KFCM,Flying Cloud,Minneapolis,MN,USA,https://acukwik.com/Airport-Info/KFCM,https://acukwik.com/extimages/Listing-Images/KFCM.jpg,runway_diagrams/raw/KFCM.jpg,runway_diagrams/cleaned/KFCM.jpg,ok,,"0,0,575,650"
KFDK,Frederick Municipal,Frederick,MD,USA,https://acukwik.com/Airport-Info/KFDK,https://acukwik.com/extimages/Listing-Images/KFDK.jpg,runway_diagrams/raw/KFDK.jpg,runway_diagrams/cleaned/KFDK.jpg,ok,,"0,0,575,700"
KFFZ,Falcon Field,Phoenix,AZ,USA,https://acukwik.com/Airport-Info/KFFZ,https://acukwik.com/extimages/Listing-Images/KFFZ.jpg,runway_diagrams/raw/KFFZ.jpg,runway_diagrams/cleaned/KFFZ.jpg,ok,,"0,0,414,306"
KFKR,Frankfort Clinton County Regional,Frankfort,IN,USA,https://acukwik.com/Airport-Info/KFKR,https://acukwik.com/extimages/Listing-Images/KFKR.jpg,runway_diagrams/raw/KFKR.jpg,runway_diagrams/cleaned/KFKR.jpg,ok,,"0,0,414,306"
KFLL,Fort Lauderdale Hollywood International,Fort Lauderdale,FL,USA,https://acukwik.com/Airport-Info/KFLL,https://acukwik.com/extimages/Listing-Images/KFLL.jpg,runway_diagrams/raw/KFLL.jpg,runway_diagrams/cleaned/KFLL.jpg,ok,,"0,0,575,525"
KFMN,Four Corners Regional,Farmington,NM,USA,https://acukwik.com/Airport-Info/KFMN,https://acukwik.com/extimages/Listing-Images/KFMN.jpg,runway_diagrams/raw/KFMN.jpg,runway_diagrams/cleaned/KFMN.jpg,ok,,"0,0,575,500"
KFMY,Page Field,Fort Myers,FL,USA,https://acukwik.com/Airport-Info/KFMY,https://acukwik.com/extimages/Listing-Images/KFMY.jpg,runway_diagrams/raw/KFMY.jpg,runway_diagrams/cleaned/KFMY.jpg,ok,,"0,0,1000,1000"
KFNL,Northern Colorado Regional,Ft Collins/Loveland,CO,USA,https://acukwik.com/Airport-Info/KFNL,https://acukwik.com/extimages/Listing-Images/KFNL.jpg,runway_diagrams/raw/KFNL.jpg,runway_diagrams/cleaned/KFNL.jpg,ok,,"0,0,575,500"
KFNT,Bishop International,Flint,MI,USA,https://acukwik.com/Airport-Info/KFNT,https://acukwik.com/extimages/Listing-Images/KFNT.jpg,runway_diagrams/raw/KFNT.jpg,runway_diagrams/cleaned/KFNT.jpg,ok,,"0,0,575,525"
KFOE,Topeka Regional,Topeka,KS,USA,https://acukwik.com/Airport-Info/KFOE,https://acukwik.com/extimages/Listing-Images/KFOE.jpg,runway_diagrams/raw/KFOE.jpg,runway_diagrams/cleaned/KFOE.jpg,ok,,"0,0,575,550"
KFOK,Francis S Gabreski,Westhampton Beach,NY,USA,https://acukwik.com/Airport-Info/KFOK,https://acukwik.com/extimages/Listing-Images/KFOK.jpg,runway_diagrams/raw/KFOK.jpg,runway_diagrams/cleaned/KFOK.jpg,ok,,"0,0,575,538"
KFPR,Treasure Coast International,Fort Pierce,FL,USA,https://acukwik.com/Airport-Info/KFPR,https://acukwik.com/extimages/Listing-Images/KFPR.jpg,runway_diagrams/raw/KFPR.jpg,runway_diagrams/cleaned/KFPR.jpg,ok,,"0,0,414,396"
KFRG,Republic Long Island,Farmingdale,NY,USA,https://acukwik.com/Airport-Info/KFRG,https://acukwik.com/extimages/Listing-Images/KFRG.jpg,runway_diagrams/raw/KFRG.jpg,runway_diagrams/cleaned/KFRG.jpg,ok,,"0,0,575,700"
KFSD,"Sioux Falls Regional, Joe Foss Field",Sioux Falls,SD,USA,https://acukwik.com/Airport-Info/KFSD,https://acukwik.com/extimages/Listing-Images/KFSD.jpg,runway_diagrams/raw/KFSD.jpg,runway_diagrams/cleaned/KFSD.jpg,ok,,"0,0,1000,913"
KFSM,Fort Smith Regional,Fort Smith,AR,USA,https://acukwik.com/Airport-Info/KFSM,https://acukwik.com/extimages/Listing-Images/KFSM.jpg,runway_diagrams/raw/KFSM.jpg,runway_diagrams/cleaned/KFSM.jpg,ok,,"0,0,575,525"
KFST,Fort Stockton-Pecos County,Fort Stockton,TX,USA,https://acukwik.com/Airport-Info/KFST,https://acukwik.com/extimages/Listing-Images/KFST.jpg,runway_diagrams/raw/KFST.jpg,runway_diagrams/cleaned/KFST.jpg,ok,,"0,0,414,414"
KFTW,Fort Worth Meacham International,Fort Worth,TX,USA,https://acukwik.com/Airport-Info/KFTW,https://acukwik.com/extimages/Listing-Images/KFTW.jpg,runway_diagrams/raw/KFTW.jpg,runway_diagrams/cleaned/KFTW.jpg,ok,,"0,0,575,600"
KFTY,Fulton County Executive/Charlie Brown Field,Atlanta,GA,USA,https://acukwik.com/Airport-Info/KFTY,https://acukwik.com/extimages/Listing-Images/KFTY.jpg,runway_diagrams/raw/KFTY.jpg,runway_diagrams/cleaned/KFTY.jpg,ok,,"0,0,575,425"
KFWA,Fort Wayne International,Fort Wayne,IN,USA,https://acukwik.com/Airport-Info/KFWA,https://acukwik.com/extimages/Listing-Images/KFWA.jpg,runway_diagrams/raw/KFWA.jpg,runway_diagrams/cleaned/KFWA.jpg,ok,,"0,0,414,414"
KFWB,Branson West Municipal - Emerson Field,Branson West,MO,USA,https://acukwik.com/Airport-Info/KFWB,https://acukwik.com/extimages/Listing-Images/KFWB.jpg,runway_diagrams/raw/KFWB.jpg,runway_diagrams/cleaned/KFWB.jpg,ok,,"0,0,414,378"
KFWS,Fort Worth Spinks,Fort Worth,TX,USA,https://acukwik.com/Airport-Info/KFWS,https://acukwik.com/extimages/Listing-Images/KFWS.jpg,runway_diagrams/raw/KFWS.jpg,runway_diagrams/cleaned/KFWS.jpg,ok,,"0,0,575,525"
KFXE,Fort Lauderdale Executive,Fort Lauderdale,FL,USA,https://acukwik.com/Airport-Info/KFXE,https://acukwik.com/extimages/Listing-Images/KFXE.jpg,runway_diagrams/raw/KFXE.jpg,runway_diagrams/cleaned/KFXE.jpg,ok,,"0,0,575,450"
KFYV,Drake Field,Fayetteville,AR,USA,https://acukwik.com/Airport-Info/KFYV,https://acukwik.com/extimages/Listing-Images/KFYV.jpg,runway_diagrams/raw/KFYV.jpg,runway_diagrams/cleaned/KFYV.jpg,ok,,"0,0,414,450"
KGCC,Gillette-Campbell County,Gillette,WY,USA,https://acukwik.com/Airport-Info/KGCC,https://acukwik.com/extimages/Listing-Images/KGCC.jpg,runway_diagrams/raw/KGCC.jpg,runway_diagrams/cleaned/KGCC.jpg,ok,,"0,0,575,575"
KGCK,Garden City Regional,Garden City,KS,USA,https://acukwik.com/Airport-Info/KGCK,https://acukwik.com/extimages/Listing-Images/KGCK.jpg,runway_diagrams/raw/KGCK.jpg,runway_diagrams/cleaned/KGCK.jpg,ok,,"0,0,414,468"
KGCM,Claremore Regional,Claremore,OK,USA,https://acukwik.com/Airport-Info/KGCM,https://acukwik.com/extimages/Listing-Images/KGCM.jpg,runway_diagrams/raw/KGCM.jpg,runway_diagrams/cleaned/KGCM.jpg,ok,,"0,0,575,500"
KGCN,Grand Canyon National Park,Grand Canyon,AZ,USA,https://acukwik.com/Airport-Info/KGCN,https://acukwik.com/extimages/Listing-Images/KGCN.jpg,runway_diagrams/raw/KGCN.jpg,runway_diagrams/cleaned/KGCN.jpg,ok,,"0,0,414,324"
KGEG,Spokane International,Spokane,WA,USA,https://acukwik.com/Airport-Info/KGEG,https://acukwik.com/extimages/Listing-Images/KGEG.jpg,runway_diagrams/raw/KGEG.jpg,runway_diagrams/cleaned/KGEG.jpg,ok,,"0,0,575,575"
KGEU,Glendale Regional,Phoenix,AZ,USA,https://acukwik.com/Airport-Info/KGEU,https://acukwik.com/extimages/Listing-Images/KGEU.jpg,runway_diagrams/raw/KGEU.jpg,runway_diagrams/cleaned/KGEU.jpg,ok,,"0,0,414,414"
KGGG,East Texas Regional,Longview,TX,USA,https://acukwik.com/Airport-Info/KGGG,https://acukwik.com/extimages/Listing-Images/KGGG.jpg,runway_diagrams/raw/KGGG.jpg,runway_diagrams/cleaned/KGGG.jpg,ok,,"0,0,414,468"
KGJT,Grand Junction Regional Walker Field,Grand Junction,CO,USA,https://acukwik.com/Airport-Info/KGJT,https://acukwik.com/extimages/Listing-Images/KGJT.jpg,runway_diagrams/raw/KGJT.jpg,runway_diagrams/cleaned/KGJT.jpg,ok,,"0,0,414,378"
KGKT,Gatlinburg-Pigeon Forge,Sevierville,TN,USA,https://acukwik.com/Airport-Info/KGKT,https://acukwik.com/extimages/Listing-Images/KGKT.jpg,runway_diagrams/raw/KGKT.jpg,runway_diagrams/cleaned/KGKT.jpg,ok,,"0,0,414,306"
KGKY,Arlington Municipal,Arlington,TX,USA,https://acukwik.com/Airport-Info/KGKY,https://acukwik.com/extimages/Listing-Images/KGKY.jpg,runway_diagrams/raw/KGKY.jpg,runway_diagrams/cleaned/KGKY.jpg,ok,,"0,0,575,500"
KGLS,Scholes International at Galveston,Galveston,TX,USA,https://acukwik.com/Airport-Info/KGLS,https://acukwik.com/extimages/Listing-Images/KGLS.jpg,runway_diagrams/raw/KGLS.jpg,runway_diagrams/cleaned/KGLS.jpg,ok,,"0,0,414,450"
KGMU,Greenville Downtown,Greenville,SC,USA,https://acukwik.com/Airport-Info/KGMU,https://acukwik.com/extimages/Listing-Images/KGMU.jpg,runway_diagrams/raw/KGMU.jpg,runway_diagrams/cleaned/KGMU.jpg,ok,,"0,0,575,575"
KGNV,Gainesville Regional,Gainesville,FL,USA,https://acukwik.com/Airport-Info/KGNV,https://acukwik.com/extimages/Listing-Images/KGNV.jpg,runway_diagrams/raw/KGNV.jpg,runway_diagrams/cleaned/KGNV.jpg,ok,,"0,0,575,425"
KGON,Groton New London,Groton New London,CT,USA,https://acukwik.com/Airport-Info/KGON,https://acukwik.com/extimages/Listing-Images/KGON.jpg,runway_diagrams/raw/KGON.jpg,runway_diagrams/cleaned/KGON.jpg,ok,,"0,0,414,342"
KGPI,Glacier Park International,Kalispell,MT,USA,https://acukwik.com/Airport-Info/KGPI,https://acukwik.com/extimages/Listing-Images/KGPI.jpg,runway_diagrams/raw/KGPI.jpg,runway_diagrams/cleaned/KGPI.jpg,ok,,"0,0,575,500"
KGPT,Gulfport-Biloxi International,Gulfport,MS,USA,https://acukwik.com/Airport-Info/KGPT,https://acukwik.com/extimages/Listing-Images/KGPT.jpg,runway_diagrams/raw/KGPT.jpg,runway_diagrams/cleaned/KGPT.jpg,ok,,"0,0,414,468"
KGRB,Green Bay/Austin Straubel International,Green Bay,WI,USA,https://acukwik.com/Airport-Info/KGRB,https://acukwik.com/extimages/Listing-Images/KGRB.jpg,runway_diagrams/raw/KGRB.jpg,runway_diagrams/cleaned/KGRB.jpg,ok,,"0,0,1000,1261"
KGRI,Central Nebraska Regional,Grand Island,NE,USA,https://acukwik.com/Airport-Info/KGRI,https://acukwik.com/extimages/Listing-Images/KGRI.jpg,runway_diagrams/raw/KGRI.jpg,runway_diagrams/cleaned/KGRI.jpg,ok,,"0,0,414,360"
KGRR,Gerald R Ford International,Grand Rapids,MI,USA,https://acukwik.com/Airport-Info/KGRR,https://acukwik.com/extimages/Listing-Images/KGRR.jpg,runway_diagrams/raw/KGRR.jpg,runway_diagrams/cleaned/KGRR.jpg,ok,,"0,0,575,675"
KGSH,Goshen Municipal,Goshen,IN,USA,https://acukwik.com/Airport-Info/KGSH,https://acukwik.com/extimages/Listing-Images/KGSH.jpg,runway_diagrams/raw/KGSH.jpg,runway_diagrams/cleaned/KGSH.jpg,ok,,"0,0,414,306"
KGSO,Piedmont Triad International,Greensboro,NC,USA,https://acukwik.com/Airport-Info/KGSO,https://acukwik.com/extimages/Listing-Images/KGSO.jpg,runway_diagrams/raw/KGSO.jpg,runway_diagrams/cleaned/KGSO.jpg,ok,,"0,0,575,675"
KGSP,Greenville Spartanburg International,Greer,SC,USA,https://acukwik.com/Airport-Info/KGSP,https://acukwik.com/extimages/Listing-Images/KGSP.jpg,runway_diagrams/raw/KGSP.jpg,runway_diagrams/cleaned/KGSP.jpg,ok,,"0,0,414,414"
KGTF,Great Falls International,Great Falls,MT,USA,https://acukwik.com/Airport-Info/KGTF,https://acukwik.com/extimages/Listing-Images/KGTF.jpg,runway_diagrams/raw/KGTF.jpg,runway_diagrams/cleaned/KGTF.jpg,ok,,"0,0,575,550"
KGTR,Golden Triangle Regional,Columbus,MS,USA,https://acukwik.com/Airport-Info/KGTR,https://acukwik.com/extimages/Listing-Images/KGTR.jpg,runway_diagrams/raw/KGTR.jpg,runway_diagrams/cleaned/KGTR.jpg,ok,,"0,0,414,432"
KGTU,Georgetown Exec,Georgetown,TX,USA,https://acukwik.com/Airport-Info/KGTU,https://acukwik.com/extimages/Listing-Images/KGTU.jpg,runway_diagrams/raw/KGTU.jpg,runway_diagrams/cleaned/KGTU.jpg,ok,,"0,0,414,414"
KGUC,Gunnison/Crested Butte Regional,Gunnison,CO,USA,https://acukwik.com/Airport-Info/KGUC,https://acukwik.com/extimages/Listing-Images/KGUC.jpg,runway_diagrams/raw/KGUC.jpg,runway_diagrams/cleaned/KGUC.jpg,ok,,"0,0,414,306"
KGUS,Grissom Aeroplex/ARB,Peru,IN,USA,https://acukwik.com/Airport-Info/KGUS,https://acukwik.com/extimages/Listing-Images/KGUS.jpg,runway_diagrams/raw/KGUS.jpg,runway_diagrams/cleaned/KGUS.jpg,ok,,"0,0,414,378"
KGWB,Auburn/Dekalb Exec,Auburn,IN,USA,https://acukwik.com/Airport-Info/KGWB,https://acukwik.com/extimages/Listing-Images/KGWB.jpg,runway_diagrams/raw/KGWB.jpg,runway_diagrams/cleaned/KGWB.jpg,ok,,"0,0,1000,739"
KGXY,Greeley-Weld County,Greeley,CO,USA,https://acukwik.com/Airport-Info/KGXY,https://acukwik.com/extimages/Listing-Images/KGXY.jpg,runway_diagrams/raw/KGXY.jpg,runway_diagrams/cleaned/KGXY.jpg,ok,,"0,0,414,378"
KGYH,Donaldson Field,Greenville,SC,USA,https://acukwik.com/Airport-Info/KGYH,https://acukwik.com/extimages/Listing-Images/KGYH.jpg,runway_diagrams/raw/KGYH.jpg,runway_diagrams/cleaned/KGYH.jpg,ok,,"0,0,414,432"
KGYY,Gary/Chicago International,Gary,IN,USA,https://acukwik.com/Airport-Info/KGYY,https://acukwik.com/extimages/Listing-Images/KGYY.jpg,runway_diagrams/raw/KGYY.jpg,runway_diagrams/cleaned/KGYY.jpg,ok,,"0,0,414,468"
KHAO,Butler County Regional-Hogan Field,Hamilton,OH,USA,https://acukwik.com/Airport-Info/KHAO,https://acukwik.com/extimages/Listing-Images/KHAO.jpg,runway_diagrams/raw/KHAO.jpg,runway_diagrams/cleaned/KHAO.jpg,ok,,"0,0,575,425"
KHBG,Hattiesburg Bobby L Chain Municipal,Hattiesburg,MS,USA,https://acukwik.com/Airport-Info/KHBG,https://acukwik.com/extimages/Listing-Images/KHBG.jpg,runway_diagrams/raw/KHBG.jpg,runway_diagrams/cleaned/KHBG.jpg,ok,,"0,0,414,378"
KHDN,Hayden Yampa Valley Regional,Hayden,CO,USA,https://acukwik.com/Airport-Info/KHDN,https://acukwik.com/extimages/Listing-Images/KHDN.jpg,runway_diagrams/raw/KHDN.jpg,runway_diagrams/cleaned/KHDN.jpg,ok,,"0,0,575,425"
KHEF,Manassas Regional/Harry P Davis Field,Manassas,VA,USA,https://acukwik.com/Airport-Info/KHEF,https://acukwik.com/extimages/Listing-Images/KHEF.jpg,runway_diagrams/raw/KHEF.jpg,runway_diagrams/cleaned/KHEF.jpg,ok,,"0,0,414,531"
KHFD,Hartford/Brainard,Hartford,CT,USA,https://acukwik.com/Airport-Info/KHFD,https://acukwik.com/extimages/Listing-Images/KHFD.jpg,runway_diagrams/raw/KHFD.jpg,runway_diagrams/cleaned/KHFD.jpg,ok,,"0,0,414,396"
KHFJ,Monett Regional,Monett,MO,USA,https://acukwik.com/Airport-Info/KHFJ,https://acukwik.com/extimages/Listing-Images/KHFJ.jpg,runway_diagrams/raw/KHFJ.jpg,runway_diagrams/cleaned/KHFJ.jpg,ok,,"0,0,414,468"
KHFY,Indy South Greenwood,Indianapolis,IN,USA,https://acukwik.com/Airport-Info/KHFY,https://acukwik.com/extimages/Listing-Images/KHFY.jpg,runway_diagrams/raw/KHFY.jpg,runway_diagrams/cleaned/KHFY.jpg,ok,,"0,0,414,378"
KHGR,Hagerstown Regional /Richard A Henson Field,Hagerstown,MD,USA,https://acukwik.com/Airport-Info/KHGR,https://acukwik.com/extimages/Listing-Images/KHGR.jpg,runway_diagrams/raw/KHGR.jpg,runway_diagrams/cleaned/KHGR.jpg,ok,,"0,0,414,324"
KHHR,Hawthorne Municipal/Jack Northrop Field,Hawthorne,CA,USA,https://acukwik.com/Airport-Info/KHHR,https://acukwik.com/extimages/Listing-Images/KHHR.jpg,runway_diagrams/raw/KHHR.jpg,runway_diagrams/cleaned/KHHR.jpg,ok,,"0,0,575,425"
KHIO,Portland/Hillsboro,Portland,OR,USA,https://acukwik.com/Airport-Info/KHIO,https://acukwik.com/extimages/Listing-Images/KHIO.jpg,runway_diagrams/raw/KHIO.jpg,runway_diagrams/cleaned/KHIO.jpg,ok,,"0,0,575,700"
KHKS,Hawkins Field,Jackson,MS,USA,https://acukwik.com/Airport-Info/KHKS,https://acukwik.com/extimages/Listing-Images/KHKS.jpg,runway_diagrams/raw/KHKS.jpg,runway_diagrams/cleaned/KHKS.jpg,ok,,"0,0,414,414"
KHLN,Helena Regional,Helena,MT,USA,https://acukwik.com/Airport-Info/KHLN,https://acukwik.com/extimages/Listing-Images/KHLN.jpg,runway_diagrams/raw/KHLN.jpg,runway_diagrams/cleaned/KHLN.jpg,ok,,"0,0,575,500"
KHND,Henderson Executive,Las Vegas,NV,USA,https://acukwik.com/Airport-Info/KHND,https://acukwik.com/extimages/Listing-Images/KHND.jpg,runway_diagrams/raw/KHND.jpg,runway_diagrams/cleaned/KHND.jpg,ok,,"0,0,575,600"
KHOT,Memorial Field,Hot Springs,AR,USA,https://acukwik.com/Airport-Info/KHOT,https://acukwik.com/extimages/Listing-Images/KHOT.jpg,runway_diagrams/raw/KHOT.jpg,runway_diagrams/cleaned/KHOT.jpg,ok,,"0,0,575,500"
KHOU,William P Hobby,Houston,TX,USA,https://acukwik.com/Airport-Info/KHOU,https://acukwik.com/extimages/Listing-Images/KHOU.jpg,runway_diagrams/raw/KHOU.jpg,runway_diagrams/cleaned/KHOU.jpg,ok,,"0,0,575,750"
KHPN,Westchester County,White Plains,NY,USA,https://acukwik.com/Airport-Info/KHPN,https://acukwik.com/extimages/Listing-Images/KHPN.jpg,runway_diagrams/raw/KHPN.jpg,runway_diagrams/cleaned/KHPN.jpg,ok,,"0,0,575,675"
KHQU,Thomson-Mcduffie County,Thomson,GA,USA,https://acukwik.com/Airport-Info/KHQU,https://acukwik.com/extimages/Listing-Images/KHQU.jpg,runway_diagrams/raw/KHQU.jpg,runway_diagrams/cleaned/KHQU.jpg,ok,,"0,0,414,306"
KHRF,Ravalli County,Hamilton,MT,USA,https://acukwik.com/Airport-Info/KHRF,https://acukwik.com/extimages/Listing-Images/KHRF.jpg,runway_diagrams/raw/KHRF.jpg,runway_diagrams/cleaned/KHRF.jpg,ok,,"0,0,575,600"
KHRL,Valley International,Harlingen,TX,USA,https://acukwik.com/Airport-Info/KHRL,https://acukwik.com/extimages/Listing-Images/KHRL.jpg,runway_diagrams/raw/KHRL.jpg,runway_diagrams/cleaned/KHRL.jpg,ok,,"0,0,575,650"
KHRO,Boone County Regional,Harrison,AR,USA,https://acukwik.com/Airport-Info/KHRO,https://acukwik.com/extimages/Listing-Images/KHRO.jpg,runway_diagrams/raw/KHRO.jpg,runway_diagrams/cleaned/KHRO.jpg,ok,,"0,0,414,414"
KHSA,Stennis International,Bay St Louis,MS,USA,https://acukwik.com/Airport-Info/KHSA,https://acukwik.com/extimages/Listing-Images/KHSA.jpg,runway_diagrams/raw/KHSA.jpg,runway_diagrams/cleaned/KHSA.jpg,ok,,"0,0,575,550"
KHSV,Huntsville International/Carl T Jones Field,Huntsville,AL,USA,https://acukwik.com/Airport-Info/KHSV,https://acukwik.com/extimages/Listing-Images/KHSV.jpg,runway_diagrams/raw/KHSV.jpg,runway_diagrams/cleaned/KHSV.jpg,ok,,"0,0,414,468"
KHUM,Houma-Terrebonne,Houma,LA,USA,https://acukwik.com/Airport-Info/KHUM,https://acukwik.com/extimages/Listing-Images/KHUM.jpg,runway_diagrams/raw/KHUM.jpg,runway_diagrams/cleaned/KHUM.jpg,ok,,"0,0,414,432"
KHVN,Tweed/New Haven,New Haven,CT,USA,https://acukwik.com/Airport-Info/KHVN,https://acukwik.com/extimages/Listing-Images/KHVN.jpg,runway_diagrams/raw/KHVN.jpg,runway_diagrams/cleaned/KHVN.jpg,ok,,"0,0,575,550"
KHWD,Hayward Executive,Hayward,CA,USA,https://acukwik.com/Airport-Info/KHWD,https://acukwik.com/extimages/Listing-Images/KHWD.jpg,runway_diagrams/raw/KHWD.jpg,runway_diagrams/cleaned/KHWD.jpg,ok,,"0,0,1000,913"
KHXD,Hilton Head,Hilton Head Island,SC,USA,https://acukwik.com/Airport-Info/KHXD,https://acukwik.com/extimages/Listing-Images/KHXD.jpg,runway_diagrams/raw/KHXD.jpg,runway_diagrams/cleaned/KHXD.jpg,ok,,"0,0,414,432"
KHYA,Cape Cod Gateway,Hyannis,MA,USA,https://acukwik.com/Airport-Info/KHYA,https://acukwik.com/extimages/Listing-Images/KHYA.jpg,runway_diagrams/raw/KHYA.jpg,runway_diagrams/cleaned/KHYA.jpg,ok,,"0,0,575,550"
KIAD,Washington Dulles International,Washington,VA,USA,https://acukwik.com/Airport-Info/KIAD,https://acukwik.com/extimages/Listing-Images/KIAD.jpg,runway_diagrams/raw/KIAD.jpg,runway_diagrams/cleaned/KIAD.jpg,ok,,"0,0,1000,1043"
KIAH,George Bush Intercontinental Houston,Houston,TX,USA,https://acukwik.com/Airport-Info/KIAH,https://acukwik.com/extimages/Listing-Images/KIAH.jpg,runway_diagrams/raw/KIAH.jpg,runway_diagrams/cleaned/KIAH.jpg,ok,,"0,0,575,700"
KICT,Wichita Eisenhower National,Wichita,KS,USA,https://acukwik.com/Airport-Info/KICT,https://acukwik.com/extimages/Listing-Images/KICT.jpg,runway_diagrams/raw/KICT.jpg,runway_diagrams/cleaned/KICT.jpg,ok,,"0,0,575,600"
KIFP,Laughlin/Bullhead International,Bullhead City,AZ,USA,https://acukwik.com/Airport-Info/KIFP,https://acukwik.com/extimages/Listing-Images/KIFP.jpg,runway_diagrams/raw/KIFP.jpg,runway_diagrams/cleaned/KIFP.jpg,ok,,"0,0,414,468"
KILG,Wilmington/New Castle,Wilmington,DE,USA,https://acukwik.com/Airport-Info/KILG,https://acukwik.com/extimages/Listing-Images/KILG.jpg,runway_diagrams/raw/KILG.jpg,runway_diagrams/cleaned/KILG.jpg,ok,,"0,0,575,688"
KILM,Wilmington International,Wilmington,NC,USA,https://acukwik.com/Airport-Info/KILM,https://acukwik.com/extimages/Listing-Images/KILM.jpg,runway_diagrams/raw/KILM.jpg,runway_diagrams/cleaned/KILM.jpg,ok,,"0,0,414,396"
KIND,Indianapolis International,Indianapolis,IN,USA,https://acukwik.com/Airport-Info/KIND,https://acukwik.com/extimages/Listing-Images/KIND.jpg,runway_diagrams/raw/KIND.jpg,runway_diagrams/cleaned/KIND.jpg,ok,,"0,0,575,575"
KINL,Falls International/Einarson Field,International Falls,MN,USA,https://acukwik.com/Airport-Info/KINL,https://acukwik.com/extimages/Listing-Images/KINL.jpg,runway_diagrams/raw/KINL.jpg,runway_diagrams/cleaned/KINL.jpg,ok,,"0,0,575,550"
KINT,Smith Reynolds,Winston Salem,NC,USA,https://acukwik.com/Airport-Info/KINT,https://acukwik.com/extimages/Listing-Images/KINT.jpg,runway_diagrams/raw/KINT.jpg,runway_diagrams/cleaned/KINT.jpg,ok,,"0,0,414,504"
KINW,Winslow-Lindbergh Regional,Winslow,AZ,USA,https://acukwik.com/Airport-Info/KINW,https://acukwik.com/extimages/Listing-Images/KINW.jpg,runway_diagrams/raw/KINW.jpg,runway_diagrams/cleaned/KINW.jpg,ok,,"0,0,414,306"
KIPT,Williamsport Regional,Williamsport,PA,USA,https://acukwik.com/Airport-Info/KIPT,https://acukwik.com/extimages/Listing-Images/KIPT.jpg,runway_diagrams/raw/KIPT.jpg,runway_diagrams/cleaned/KIPT.jpg,ok,,"0,0,414,306"
KISM,Kissimmee Gateway,Orlando,FL,USA,https://acukwik.com/Airport-Info/KISM,https://acukwik.com/extimages/Listing-Images/KISM.jpg,runway_diagrams/raw/KISM.jpg,runway_diagrams/cleaned/KISM.jpg,ok,,"0,0,1000,1043"
KISP,Long Island MacArthur,Islip,NY,USA,https://acukwik.com/Airport-Info/KISP,https://acukwik.com/extimages/Listing-Images/KISP.jpg,runway_diagrams/raw/KISP.jpg,runway_diagrams/cleaned/KISP.jpg,ok,,"0,0,414,379"
KIXD,New Century Aircenter,Olathe,KS,USA,https://acukwik.com/Airport-Info/KIXD,https://acukwik.com/extimages/Listing-Images/KIXD.jpg,runway_diagrams/raw/KIXD.jpg,runway_diagrams/cleaned/KIXD.jpg,ok,,"0,0,414,396"
KJAC,Jackson Hole,Jackson,WY,USA,https://acukwik.com/Airport-Info/KJAC,https://acukwik.com/extimages/Listing-Images/KJAC.jpg,runway_diagrams/raw/KJAC.jpg,runway_diagrams/cleaned/KJAC.jpg,ok,,"0,0,575,650"
KJAN,Jackson/Evers International,Jackson,MS,USA,https://acukwik.com/Airport-Info/KJAN,https://acukwik.com/extimages/Listing-Images/KJAN.jpg,runway_diagrams/raw/KJAN.jpg,runway_diagrams/cleaned/KJAN.jpg,ok,,"0,0,575,550"
KJAX,Jacksonville International,Jacksonville,FL,USA,https://acukwik.com/Airport-Info/KJAX,https://acukwik.com/extimages/Listing-Images/KJAX.jpg,runway_diagrams/raw/KJAX.jpg,runway_diagrams/cleaned/KJAX.jpg,ok,,"0,0,575,625"
KJFK,John F Kennedy International,New York,NY,USA,https://acukwik.com/Airport-Info/KJFK,https://acukwik.com/extimages/Listing-Images/KJFK.jpg,runway_diagrams/raw/KJFK.jpg,runway_diagrams/cleaned/KJFK.jpg,ok,,"0,0,1000,1391"
KJKA,Gulf Shores International/Jack Edwards Field,Gulf Shores,AL,USA,https://acukwik.com/Airport-Info/KJKA,https://acukwik.com/extimages/Listing-Images/KJKA.jpg,runway_diagrams/raw/KJKA.jpg,runway_diagrams/cleaned/KJKA.jpg,ok,,"0,0,575,425"
KJPX,East Hampton Town,East Hampton,NY,USA,https://acukwik.com/Airport-Info/KJPX,https://acukwik.com/extimages/Listing-Images/KJPX.jpg,runway_diagrams/raw/KJPX.jpg,runway_diagrams/cleaned/KJPX.jpg,ok,,"0,0,575,425"
KJQF,Concord-Padgett Regional,Concord,NC,USA,https://acukwik.com/Airport-Info/KJQF,https://acukwik.com/extimages/Listing-Images/KJQF.jpg,runway_diagrams/raw/KJQF.jpg,runway_diagrams/cleaned/KJQF.jpg,ok,,"0,0,414,378"
KJST,John Murtha Johnstown/Cambria County,Johnstown,PA,USA,https://acukwik.com/Airport-Info/KJST,https://acukwik.com/extimages/Listing-Images/KJST.jpg,runway_diagrams/raw/KJST.jpg,runway_diagrams/cleaned/KJST.jpg,ok,,"0,0,414,396"
KJVL,Southern Wisconsin Regional,Janesville,WI,USA,https://acukwik.com/Airport-Info/KJVL,https://acukwik.com/extimages/Listing-Images/KJVL.jpg,runway_diagrams/raw/KJVL.jpg,runway_diagrams/cleaned/KJVL.jpg,ok,,"0,0,575,500"
KJVY,Clark Regional,Jeffersonville,IN,USA,https://acukwik.com/Airport-Info/KJVY,https://acukwik.com/extimages/Listing-Images/KJVY.jpg,runway_diagrams/raw/KJVY.jpg,runway_diagrams/cleaned/KJVY.jpg,ok,,"0,0,575,650"
KJWN,John C Tune,Nashville,TN,USA,https://acukwik.com/Airport-Info/KJWN,https://acukwik.com/extimages/Listing-Images/KJWN.jpg,runway_diagrams/raw/KJWN.jpg,runway_diagrams/cleaned/KJWN.jpg,ok,,"0,0,575,575"
KJXN,Jackson County/Reynolds Field,Jackson,MI,USA,https://acukwik.com/Airport-Info/KJXN,https://acukwik.com/extimages/Listing-Images/KJXN.jpg,runway_diagrams/raw/KJXN.jpg,runway_diagrams/cleaned/KJXN.jpg,ok,,"0,0,575,550"
KJYO,Leesburg Executive,Leesburg,VA,USA,https://acukwik.com/Airport-Info/KJYO,https://acukwik.com/extimages/Listing-Images/KJYO.jpg,runway_diagrams/raw/KJYO.jpg,runway_diagrams/cleaned/KJYO.jpg,ok,,"0,0,1000,957"
KJZI,Charleston Executive,Charleston,SC,USA,https://acukwik.com/Airport-Info/KJZI,https://acukwik.com/extimages/Listing-Images/KJZI.jpg,runway_diagrams/raw/KJZI.jpg,runway_diagrams/cleaned/KJZI.jpg,ok,,"0,0,575,475"
KLAF,Purdue University,Lafayette,IN,USA,https://acukwik.com/Airport-Info/KLAF,https://acukwik.com/extimages/Listing-Images/KLAF.jpg,runway_diagrams/raw/KLAF.jpg,runway_diagrams/cleaned/KLAF.jpg,ok,,"0,0,414,306"
KLAL,Lakeland Linder International,Lakeland,FL,USA,https://acukwik.com/Airport-Info/KLAL,https://acukwik.com/extimages/Listing-Images/KLAL.jpg,runway_diagrams/raw/KLAL.jpg,runway_diagrams/cleaned/KLAL.jpg,ok,,"0,0,575,450"
KLAN,Capital Region International,Lansing,MI,USA,https://acukwik.com/Airport-Info/KLAN,https://acukwik.com/extimages/Listing-Images/KLAN.jpg,runway_diagrams/raw/KLAN.jpg,runway_diagrams/cleaned/KLAN.jpg,ok,,"0,0,575,450"
KLAS,Harry Reid International,Las Vegas,NV,USA,https://acukwik.com/Airport-Info/KLAS,https://acukwik.com/extimages/Listing-Images/KLAS.jpg,runway_diagrams/raw/KLAS.jpg,runway_diagrams/cleaned/KLAS.jpg,ok,,"0,0,575,600"
KLAW,Fort Sill Regional Lawton,Lawton,OK,USA,https://acukwik.com/Airport-Info/KLAW,https://acukwik.com/extimages/Listing-Images/KLAW.jpg,runway_diagrams/raw/KLAW.jpg,runway_diagrams/cleaned/KLAW.jpg,ok,,"0,0,414,432"
KLAX,Los Angeles International,Los Angeles,CA,USA,https://acukwik.com/Airport-Info/KLAX,https://acukwik.com/extimages/Listing-Images/KLAX.jpg,runway_diagrams/raw/KLAX.jpg,runway_diagrams/cleaned/KLAX.jpg,ok,,"0,0,575,625"
KLBB,Lubbock Preston Smith International,Lubbock,TX,USA,https://acukwik.com/Airport-Info/KLBB,https://acukwik.com/extimages/Listing-Images/KLBB.jpg,runway_diagrams/raw/KLBB.jpg,runway_diagrams/cleaned/KLBB.jpg,ok,,"0,0,575,650"
KLBE,Arnold Palmer Regional,Latrobe,PA,USA,https://acukwik.com/Airport-Info/KLBE,https://acukwik.com/extimages/Listing-Images/KLBE.jpg,runway_diagrams/raw/KLBE.jpg,runway_diagrams/cleaned/KLBE.jpg,ok,,"0,0,414,378"
KLBF,North Platte Regional/Lee Bird Field,North Platte,NE,USA,https://acukwik.com/Airport-Info/KLBF,https://acukwik.com/extimages/Listing-Images/KLBF.jpg,runway_diagrams/raw/KLBF.jpg,runway_diagrams/cleaned/KLBF.jpg,ok,,"0,0,414,324"
KLBL,Liberal Mid-America Regional,Liberal,KS,USA,https://acukwik.com/Airport-Info/KLBL,https://acukwik.com/extimages/Listing-Images/KLBL.jpg,runway_diagrams/raw/KLBL.jpg,runway_diagrams/cleaned/KLBL.jpg,ok,,"0,0,575,550"
KLCI,Laconia Municipal,Laconia,NH,USA,https://acukwik.com/Airport-Info/KLCI,https://acukwik.com/extimages/Listing-Images/KLCI.jpg,runway_diagrams/raw/KLCI.jpg,runway_diagrams/cleaned/KLCI.jpg,ok,,"0,0,575,500"
KLCK,Rickenbacker International,Columbus,OH,USA,https://acukwik.com/Airport-Info/KLCK,https://acukwik.com/extimages/Listing-Images/KLCK.jpg,runway_diagrams/raw/KLCK.jpg,runway_diagrams/cleaned/KLCK.jpg,ok,,"0,0,575,500"
KLDJ,Linden,Linden,NJ,USA,https://acukwik.com/Airport-Info/KLDJ,https://acukwik.com/extimages/Listing-Images/KLDJ.jpg,runway_diagrams/raw/KLDJ.jpg,runway_diagrams/cleaned/KLDJ.jpg,ok,,"0,0,414,306"
KLEB,Lebanon Municipal,Lebanon,NH,USA,https://acukwik.com/Airport-Info/KLEB,https://acukwik.com/extimages/Listing-Images/KLEB.jpg,runway_diagrams/raw/KLEB.jpg,runway_diagrams/cleaned/KLEB.jpg,ok,,"0,0,575,500"
KLEX,Blue Grass,Lexington,KY,USA,https://acukwik.com/Airport-Info/KLEX,https://acukwik.com/extimages/Listing-Images/KLEX.jpg,runway_diagrams/raw/KLEX.jpg,runway_diagrams/cleaned/KLEX.jpg,ok,,"0,0,575,650"
KLFT,Lafayette Regional,Lafayette,LA,USA,https://acukwik.com/Airport-Info/KLFT,https://acukwik.com/extimages/Listing-Images/KLFT.jpg,runway_diagrams/raw/KLFT.jpg,runway_diagrams/cleaned/KLFT.jpg,ok,,"0,0,1000,957"
KLGA,La Guardia,New York,NY,USA,https://acukwik.com/Airport-Info/KLGA,https://acukwik.com/extimages/Listing-Images/KLGA.jpg,runway_diagrams/raw/KLGA.jpg,runway_diagrams/cleaned/KLGA.jpg,ok,,"0,0,575,575"
KLGB,Long Beach (Daugherty Field),Long Beach,CA,USA,https://acukwik.com/Airport-Info/KLGB,https://acukwik.com/extimages/Listing-Images/KLGB.jpg,runway_diagrams/raw/KLGB.jpg,runway_diagrams/cleaned/KLGB.jpg,ok,,"0,0,575,700"
KLGU,Logan-Cache,Logan,UT,USA,https://acukwik.com/Airport-Info/KLGU,https://acukwik.com/extimages/Listing-Images/KLGU.jpg,runway_diagrams/raw/KLGU.jpg,runway_diagrams/cleaned/KLGU.jpg,ok,,"0,0,1000,1130"
KLIT,Bill & Hillary Clinton National/Adams Field,Little Rock,AR,USA,https://acukwik.com/Airport-Info/KLIT,https://acukwik.com/extimages/Listing-Images/KLIT.jpg,runway_diagrams/raw/KLIT.jpg,runway_diagrams/cleaned/KLIT.jpg,ok,,"0,0,575,500"
KLNC,Lancaster Regional,Lancaster,TX,USA,https://acukwik.com/Airport-Info/KLNC,https://acukwik.com/extimages/Listing-Images/KLNC.jpg,runway_diagrams/raw/KLNC.jpg,runway_diagrams/cleaned/KLNC.jpg,ok,,"0,0,414,360"
KLNK,Lincoln Municipal,Lincoln,NE,USA,https://acukwik.com/Airport-Info/KLNK,https://acukwik.com/extimages/Listing-Images/KLNK.jpg,runway_diagrams/raw/KLNK.jpg,runway_diagrams/cleaned/KLNK.jpg,ok,,"0,0,575,950"
KLNS,Lancaster,Lancaster,PA,USA,https://acukwik.com/Airport-Info/KLNS,https://acukwik.com/extimages/Listing-Images/KLNS.jpg,runway_diagrams/raw/KLNS.jpg,runway_diagrams/cleaned/KLNS.jpg,ok,,"0,0,414,306"
KLOT,Lewis University Chicago Romeoville,Chicago/Romeoville,IL,USA,https://acukwik.com/Airport-Info/KLOT,https://acukwik.com/extimages/Listing-Images/KLOT.jpg,runway_diagrams/raw/KLOT.jpg,runway_diagrams/cleaned/KLOT.jpg,ok,,"0,0,575,650"
KLOU,Bowman Field,Louisville,KY,USA,https://acukwik.com/Airport-Info/KLOU,https://acukwik.com/extimages/Listing-Images/KLOU.jpg,runway_diagrams/raw/KLOU.jpg,runway_diagrams/cleaned/KLOU.jpg,ok,,"0,0,575,500"
KLRD,Laredo International,Laredo,TX,USA,https://acukwik.com/Airport-Info/KLRD,https://acukwik.com/extimages/Listing-Images/KLRD.jpg,runway_diagrams/raw/KLRD.jpg,runway_diagrams/cleaned/KLRD.jpg,ok,,"0,0,414,540"
KLRU,Las Cruces International,Las Cruces,NM,USA,https://acukwik.com/Airport-Info/KLRU,https://acukwik.com/extimages/Listing-Images/KLRU.jpg,runway_diagrams/raw/KLRU.jpg,runway_diagrams/cleaned/KLRU.jpg,ok,,"0,0,414,324"
KLSE,La Crosse Regional,La Crosse,WI,USA,https://acukwik.com/Airport-Info/KLSE,https://acukwik.com/extimages/Listing-Images/KLSE.jpg,runway_diagrams/raw/KLSE.jpg,runway_diagrams/cleaned/KLSE.jpg,ok,,"0,0,414,432"
KLUK,Cincinnati Municipal Lunken,Cincinnati,OH,USA,https://acukwik.com/Airport-Info/KLUK,https://acukwik.com/extimages/Listing-Images/KLUK.jpg,runway_diagrams/raw/KLUK.jpg,runway_diagrams/cleaned/KLUK.jpg,ok,,"0,0,575,550"
KLWM,Lawrence Municipal,Lawrence,MA,USA,https://acukwik.com/Airport-Info/KLWM,https://acukwik.com/extimages/Listing-Images/KLWM.jpg,runway_diagrams/raw/KLWM.jpg,runway_diagrams/cleaned/KLWM.jpg,ok,,"0,0,575,450"
KLXT,Kansas City/Lee's Summit Regional,Lee's Summit,MO,USA,https://acukwik.com/Airport-Info/KLXT,https://acukwik.com/extimages/Listing-Images/KLXT.jpg,runway_diagrams/raw/KLXT.jpg,runway_diagrams/cleaned/KLXT.jpg,ok,,"0,0,414,378"
KLZU,Gwinnett County/Briscoe Field,Lawrenceville,GA,USA,https://acukwik.com/Airport-Info/KLZU,https://acukwik.com/extimages/Listing-Images/KLZU.jpg,runway_diagrams/raw/KLZU.jpg,runway_diagrams/cleaned/KLZU.jpg,ok,,"0,0,575,500"
KMAF,Midland International Air and Space Port,Midland,TX,USA,https://acukwik.com/Airport-Info/KMAF,https://acukwik.com/extimages/Listing-Images/KMAF.jpg,runway_diagrams/raw/KMAF.jpg,runway_diagrams/cleaned/KMAF.jpg,ok,,"0,0,414,414"
KMBO,Bruce Campbell Field,Madison,MS,USA,https://acukwik.com/Airport-Info/KMBO,https://acukwik.com/extimages/Listing-Images/KMBO.jpg,runway_diagrams/raw/KMBO.jpg,runway_diagrams/cleaned/KMBO.jpg,ok,,"0,0,414,342"
KMBS,MBS International,Saginaw,MI,USA,https://acukwik.com/Airport-Info/KMBS,https://acukwik.com/extimages/Listing-Images/KMBS.jpg,runway_diagrams/raw/KMBS.jpg,runway_diagrams/cleaned/KMBS.jpg,ok,,"0,0,575,550"
KMCC,Mc Clellan,Sacramento,CA,USA,https://acukwik.com/Airport-Info/KMCC,https://acukwik.com/extimages/Listing-Images/KMCC.jpg,runway_diagrams/raw/KMCC.jpg,runway_diagrams/cleaned/KMCC.jpg,ok,,"0,0,415,396"
KMCI,Kansas City International,Kansas City,MO,USA,https://acukwik.com/Airport-Info/KMCI,https://acukwik.com/extimages/Listing-Images/KMCI.jpg,runway_diagrams/raw/KMCI.jpg,runway_diagrams/cleaned/KMCI.jpg,ok,,"0,0,575,850"
KMCN,Middle Georgia Regional,Macon,GA,USA,https://acukwik.com/Airport-Info/KMCN,https://acukwik.com/extimages/Listing-Images/KMCN.jpg,runway_diagrams/raw/KMCN.jpg,runway_diagrams/cleaned/KMCN.jpg,ok,,"0,0,575,600"
KMCO,Orlando International,Orlando,FL,USA,https://acukwik.com/Airport-Info/KMCO,https://acukwik.com/extimages/Listing-Images/KMCO.jpg,runway_diagrams/raw/KMCO.jpg,runway_diagrams/cleaned/KMCO.jpg,ok,,"0,0,1000,1043"
KMDH,Southern Illinois,Carbondale/Murphysboro,IL,USA,https://acukwik.com/Airport-Info/KMDH,https://acukwik.com/extimages/Listing-Images/KMDH.jpg,runway_diagrams/raw/KMDH.jpg,runway_diagrams/cleaned/KMDH.jpg,ok,,"0,0,414,450"
KMDQ,Huntsville Executive,Huntsville,AL,USA,https://acukwik.com/Airport-Info/KMDQ,https://acukwik.com/extimages/Listing-Images/KMDQ.jpg,runway_diagrams/raw/KMDQ.jpg,runway_diagrams/cleaned/KMDQ.jpg,ok,,"0,0,575,600"
KMDT,Harrisburg International,Harrisburg,PA,USA,https://acukwik.com/Airport-Info/KMDT,https://acukwik.com/extimages/Listing-Images/KMDT.jpg,runway_diagrams/raw/KMDT.jpg,runway_diagrams/cleaned/KMDT.jpg,ok,,"0,0,414,324"
KMDW,Chicago Midway International,Chicago,IL,USA,https://acukwik.com/Airport-Info/KMDW,https://acukwik.com/extimages/Listing-Images/KMDW.jpg,runway_diagrams/raw/KMDW.jpg,runway_diagrams/cleaned/KMDW.jpg,ok,,"0,0,1000,1217"
KMEM,Frederick W Smith International/Memorial,Memphis,TN,USA,https://acukwik.com/Airport-Info/KMEM,https://acukwik.com/extimages/Listing-Images/KMEM.jpg,runway_diagrams/raw/KMEM.jpg,runway_diagrams/cleaned/KMEM.jpg,ok,,"0,0,575,725"
KMEV,Minden-Tahoe,Minden,NV,USA,https://acukwik.com/Airport-Info/KMEV,https://acukwik.com/extimages/Listing-Images/KMEV.jpg,runway_diagrams/raw/KMEV.jpg,runway_diagrams/cleaned/KMEV.jpg,ok,,"0,0,414,360"
KMFE,McAllen Miller International,Mc Allen,TX,USA,https://acukwik.com/Airport-Info/KMFE,https://acukwik.com/extimages/Listing-Images/KMFE.jpg,runway_diagrams/raw/KMFE.jpg,runway_diagrams/cleaned/KMFE.jpg,ok,,"0,0,575,513"
KMFR,Medford/Rogue Valley International,Medford,OR,USA,https://acukwik.com/Airport-Info/KMFR,https://acukwik.com/extimages/Listing-Images/KMFR.jpg,runway_diagrams/raw/KMFR.jpg,runway_diagrams/cleaned/KMFR.jpg,ok,,"0,0,575,600"
KMGM,Montgomery Regional/Dannelly Field,Montgomery,AL,USA,https://acukwik.com/Airport-Info/KMGM,https://acukwik.com/extimages/Listing-Images/KMGM.jpg,runway_diagrams/raw/KMGM.jpg,runway_diagrams/cleaned/KMGM.jpg,ok,,"0,0,575,550"
KMGY,Dayton/Wright Brothers,Dayton,OH,USA,https://acukwik.com/Airport-Info/KMGY,https://acukwik.com/extimages/Listing-Images/KMGY.jpg,runway_diagrams/raw/KMGY.jpg,runway_diagrams/cleaned/KMGY.jpg,ok,,"0,0,414,396"
KMHK,Manhattan Regional,Manhattan,KS,USA,https://acukwik.com/Airport-Info/KMHK,https://acukwik.com/extimages/Listing-Images/KMHK.jpg,runway_diagrams/raw/KMHK.jpg,runway_diagrams/cleaned/KMHK.jpg,ok,,"0,0,575,550"
KMHR,Sacramento Mather,Sacramento,CA,USA,https://acukwik.com/Airport-Info/KMHR,https://acukwik.com/extimages/Listing-Images/KMHR.jpg,runway_diagrams/raw/KMHR.jpg,runway_diagrams/cleaned/KMHR.jpg,ok,,"0,0,575,525"
KMHT,Manchester Boston Regional,Manchester,NH,USA,https://acukwik.com/Airport-Info/KMHT,https://acukwik.com/extimages/Listing-Images/KMHT.jpg,runway_diagrams/raw/KMHT.jpg,runway_diagrams/cleaned/KMHT.jpg,ok,,"0,0,414,432"
KMIA,Miami International,Miami,FL,USA,https://acukwik.com/Airport-Info/KMIA,https://acukwik.com/extimages/Listing-Images/KMIA.jpg,runway_diagrams/raw/KMIA.jpg,runway_diagrams/cleaned/KMIA.jpg,ok,,"0,0,1000,870"
KMIE,Delaware County Regional,Muncie,IN,USA,https://acukwik.com/Airport-Info/KMIE,https://acukwik.com/extimages/Listing-Images/KMIE.jpg,runway_diagrams/raw/KMIE.jpg,runway_diagrams/cleaned/KMIE.jpg,ok,,"0,0,414,396"
KMIV,Millville Municipal,Millville,NJ,USA,https://acukwik.com/Airport-Info/KMIV,https://acukwik.com/extimages/Listing-Images/KMIV.jpg,runway_diagrams/raw/KMIV.jpg,runway_diagrams/cleaned/KMIV.jpg,ok,,"0,0,414,324"
KMKC,Kansas City Downtown/Wheeler Field,Kansas City,MO,USA,https://acukwik.com/Airport-Info/KMKC,https://acukwik.com/extimages/Listing-Images/KMKC.jpg,runway_diagrams/raw/KMKC.jpg,runway_diagrams/cleaned/KMKC.jpg,ok,,"0,0,575,550"
KMKE,Milwaukee Mitchell International,Milwaukee,WI,USA,https://acukwik.com/Airport-Info/KMKE,https://acukwik.com/extimages/Listing-Images/KMKE.jpg,runway_diagrams/raw/KMKE.jpg,runway_diagrams/cleaned/KMKE.jpg,ok,,"0,0,414,576"
KMKT,Mankato Regional,Mankato,MN,USA,https://acukwik.com/Airport-Info/KMKT,https://acukwik.com/extimages/Listing-Images/KMKT.jpg,runway_diagrams/raw/KMKT.jpg,runway_diagrams/cleaned/KMKT.jpg,ok,,"0,0,575,600"
KMLB,Melbourne International,Melbourne,FL,USA,https://acukwik.com/Airport-Info/KMLB,https://acukwik.com/extimages/Listing-Images/KMLB.jpg,runway_diagrams/raw/KMLB.jpg,runway_diagrams/cleaned/KMLB.jpg,ok,,"0,0,575,450"
KMLI,Quad City International,Moline,IL,USA,https://acukwik.com/Airport-Info/KMLI,https://acukwik.com/extimages/Listing-Images/KMLI.jpg,runway_diagrams/raw/KMLI.jpg,runway_diagrams/cleaned/KMLI.jpg,ok,,"0,0,575,450"
KMLU,Monroe Regional,Monroe,LA,USA,https://acukwik.com/Airport-Info/KMLU,https://acukwik.com/extimages/Listing-Images/KMLU.jpg,runway_diagrams/raw/KMLU.jpg,runway_diagrams/cleaned/KMLU.jpg,ok,,"0,0,575,500"
KMMH,Mammoth Yosemite,Mammoth Lakes,CA,USA,https://acukwik.com/Airport-Info/KMMH,https://acukwik.com/extimages/Listing-Images/KMMH.jpg,runway_diagrams/raw/KMMH.jpg,runway_diagrams/cleaned/KMMH.jpg,ok,,"0,0,414,306"
KMMU,Morristown Municipal,Morristown,NJ,USA,https://acukwik.com/Airport-Info/KMMU,https://acukwik.com/extimages/Listing-Images/KMMU.jpg,runway_diagrams/raw/KMMU.jpg,runway_diagrams/cleaned/KMMU.jpg,ok,,"0,0,575,600"
KMOB,Mobile Regional,Mobile,AL,USA,https://acukwik.com/Airport-Info/KMOB,https://acukwik.com/extimages/Listing-Images/KMOB.jpg,runway_diagrams/raw/KMOB.jpg,runway_diagrams/cleaned/KMOB.jpg,ok,,"0,0,575,550"
KMOD,Modesto City-County/Harry Sham Field,Modesto,CA,USA,https://acukwik.com/Airport-Info/KMOD,https://acukwik.com/extimages/Listing-Images/KMOD.jpg,runway_diagrams/raw/KMOD.jpg,runway_diagrams/cleaned/KMOD.jpg,ok,,"0,0,414,306"
KMPO,Pocono Mountains Regional,Mount Pocono,PA,USA,https://acukwik.com/Airport-Info/KMPO,https://acukwik.com/extimages/Listing-Images/KMPO.jpg,runway_diagrams/raw/KMPO.jpg,runway_diagrams/cleaned/KMPO.jpg,ok,,"0,0,414,414"
KMQJ,Indianapolis Regional,Indianapolis,IN,USA,https://acukwik.com/Airport-Info/KMQJ,https://acukwik.com/extimages/Listing-Images/KMQJ.jpg,runway_diagrams/raw/KMQJ.jpg,runway_diagrams/cleaned/KMQJ.jpg,ok,,"0,0,575,425"
KMQS,Chester County G O Carlson,Coatesville,PA,USA,https://acukwik.com/Airport-Info/KMQS,https://acukwik.com/extimages/Listing-Images/KMQS.jpg,runway_diagrams/raw/KMQS.jpg,runway_diagrams/cleaned/KMQS.jpg,ok,,"0,0,414,306"
KMQY,Smyrna,Smyrna,TN,USA,https://acukwik.com/Airport-Info/KMQY,https://acukwik.com/extimages/Listing-Images/KMQY.jpg,runway_diagrams/raw/KMQY.jpg,runway_diagrams/cleaned/KMQY.jpg,ok,,"0,0,1000,913"
KMRB,Eastern West Virginia Regional/Shepherd Field,Martinsburg,WV,USA,https://acukwik.com/Airport-Info/KMRB,https://acukwik.com/extimages/Listing-Images/KMRB.jpg,runway_diagrams/raw/KMRB.jpg,runway_diagrams/cleaned/KMRB.jpg,ok,,"0,0,414,306"
KMRY,Monterey Regional,Monterey,CA,USA,https://acukwik.com/Airport-Info/KMRY,https://acukwik.com/extimages/Listing-Images/KMRY.jpg,runway_diagrams/raw/KMRY.jpg,runway_diagrams/cleaned/KMRY.jpg,ok,,"0,0,1000,783"
KMSN,Dane County Regional /Truax Field,Madison,WI,USA,https://acukwik.com/Airport-Info/KMSN,https://acukwik.com/extimages/Listing-Images/KMSN.jpg,runway_diagrams/raw/KMSN.jpg,runway_diagrams/cleaned/KMSN.jpg,ok,,"0,0,575,700"
KMSO,Missoula International,Missoula,MT,USA,https://acukwik.com/Airport-Info/KMSO,https://acukwik.com/extimages/Listing-Images/KMSO.jpg,runway_diagrams/raw/KMSO.jpg,runway_diagrams/cleaned/KMSO.jpg,ok,,"0,0,575,675"
KMSP,Minneapolis St Paul International/Wold-Chamberlain,Minneapolis,MN,USA,https://acukwik.com/Airport-Info/KMSP,https://acukwik.com/extimages/Listing-Images/KMSP.jpg,runway_diagrams/raw/KMSP.jpg,runway_diagrams/cleaned/KMSP.jpg,ok,,"0,0,414,504"
KMSV,Sullivan County International,Monticello,NY,USA,https://acukwik.com/Airport-Info/KMSV,https://acukwik.com/extimages/Listing-Images/KMSV.jpg,runway_diagrams/raw/KMSV.jpg,runway_diagrams/cleaned/KMSV.jpg,ok,,"0,0,575,550"
KMSY,Louis Armstrong New Orleans International,New Orleans,LA,USA,https://acukwik.com/Airport-Info/KMSY,https://acukwik.com/extimages/Listing-Images/KMSY.jpg,runway_diagrams/raw/KMSY.jpg,runway_diagrams/cleaned/KMSY.jpg,ok,,"0,0,575,500"
KMTH,Florida Keys Marathon,Marathon,FL,USA,https://acukwik.com/Airport-Info/KMTH,https://acukwik.com/extimages/Listing-Images/KMTH.jpg,runway_diagrams/raw/KMTH.jpg,runway_diagrams/cleaned/KMTH.jpg,ok,,"0,0,414,306"
KMTJ,Montrose Regional,Montrose,CO,USA,https://acukwik.com/Airport-Info/KMTJ,https://acukwik.com/extimages/Listing-Images/KMTJ.jpg,runway_diagrams/raw/KMTJ.jpg,runway_diagrams/cleaned/KMTJ.jpg,ok,,"0,0,575,625"
KMTN,Martin State,Baltimore,MD,USA,https://acukwik.com/Airport-Info/KMTN,https://acukwik.com/extimages/Listing-Images/KMTN.jpg,runway_diagrams/raw/KMTN.jpg,runway_diagrams/cleaned/KMTN.jpg,ok,,"0,0,575,525"
KMUT,Muscatine Municipal,Muscatine,IA,USA,https://acukwik.com/Airport-Info/KMUT,https://acukwik.com/extimages/Listing-Images/KMUT.jpg,runway_diagrams/raw/KMUT.jpg,runway_diagrams/cleaned/KMUT.jpg,ok,,"0,0,575,463"
KMWH,Grant County International,Moses Lake,WA,USA,https://acukwik.com/Airport-Info/KMWH,https://acukwik.com/extimages/Listing-Images/KMWH.jpg,runway_diagrams/raw/KMWH.jpg,runway_diagrams/cleaned/KMWH.jpg,ok,,"0,0,414,504"
KMYF,Montgomery-Gibbs Executive,San Diego,CA,USA,https://acukwik.com/Airport-Info/KMYF,https://acukwik.com/extimages/Listing-Images/KMYF.jpg,runway_diagrams/raw/KMYF.jpg,runway_diagrams/cleaned/KMYF.jpg,ok,,"0,0,414,324"
KMYR,Myrtle Beach International,Myrtle Beach,SC,USA,https://acukwik.com/Airport-Info/KMYR,https://acukwik.com/extimages/Listing-Images/KMYR.jpg,runway_diagrams/raw/KMYR.jpg,runway_diagrams/cleaned/KMYR.jpg,ok,,"0,0,575,600"
KMZJ,Pinal Airpark,Marana,AZ,USA,https://acukwik.com/Airport-Info/KMZJ,https://acukwik.com/extimages/Listing-Images/KMZJ.jpg,runway_diagrams/raw/KMZJ.jpg,runway_diagrams/cleaned/KMZJ.jpg,ok,,"0,0,414,360"
KMZZ,Marion Municipal - Mckinney Field,Marion,IN,USA,https://acukwik.com/Airport-Info/KMZZ,https://acukwik.com/extimages/Listing-Images/KMZZ.jpg,runway_diagrams/raw/KMZZ.jpg,runway_diagrams/cleaned/KMZZ.jpg,ok,,"0,0,414,414"
KNEW,Lakefront,New Orleans,LA,USA,https://acukwik.com/Airport-Info/KNEW,https://acukwik.com/extimages/Listing-Images/KNEW.jpg,runway_diagrams/raw/KNEW.jpg,runway_diagrams/cleaned/KNEW.jpg,ok,,"0,0,414,396"
KNYL,Yuma MCAS /Yuma International,Yuma,AZ,USA,https://acukwik.com/Airport-Info/KNYL,https://acukwik.com/extimages/Listing-Images/KNYL.jpg,runway_diagrams/raw/KNYL.jpg,runway_diagrams/cleaned/KNYL.jpg,ok,,"0,0,575,625"
KOAK,Oakland San Francisco Bay,Oakland,CA,USA,https://acukwik.com/Airport-Info/KOAK,https://acukwik.com/extimages/Listing-Images/KOAK.jpg,runway_diagrams/raw/KOAK.jpg,runway_diagrams/cleaned/KOAK.jpg,ok,,"0,0,1000,1348"
KOCF,Ocala International Jim Taylor Field,Ocala,FL,USA,https://acukwik.com/Airport-Info/KOCF,https://acukwik.com/extimages/Listing-Images/KOCF.jpg,runway_diagrams/raw/KOCF.jpg,runway_diagrams/cleaned/KOCF.jpg,ok,,"0,0,1000,1000"
KODO,Odessa-Schlemeyer Field,Odessa,TX,USA,https://acukwik.com/Airport-Info/KODO,https://acukwik.com/extimages/Listing-Images/KODO.jpg,runway_diagrams/raw/KODO.jpg,runway_diagrams/cleaned/KODO.jpg,ok,,"0,0,414,432"
KOGD,Ogden/Hinckley,Ogden,UT,USA,https://acukwik.com/Airport-Info/KOGD,https://acukwik.com/extimages/Listing-Images/KOGD.jpg,runway_diagrams/raw/KOGD.jpg,runway_diagrams/cleaned/KOGD.jpg,ok,,"0,0,575,575"
KOJC,Johnson County Executive,Olathe,KS,USA,https://acukwik.com/Airport-Info/KOJC,https://acukwik.com/extimages/Listing-Images/KOJC.jpg,runway_diagrams/raw/KOJC.jpg,runway_diagrams/cleaned/KOJC.jpg,ok,,"0,0,575,550"
KOKC,OKC Will Rogers International,Oklahoma City,OK,USA,https://acukwik.com/Airport-Info/KOKC,https://acukwik.com/extimages/Listing-Images/KOKC.jpg,runway_diagrams/raw/KOKC.jpg,runway_diagrams/cleaned/KOKC.jpg,ok,,"0,0,575,700"
KOLM,Olympia Regional,Olympia,WA,USA,https://acukwik.com/Airport-Info/KOLM,https://acukwik.com/extimages/Listing-Images/KOLM.jpg,runway_diagrams/raw/KOLM.jpg,runway_diagrams/cleaned/KOLM.jpg,ok,,"0,0,414,432"
KOLV,Olive Branch/Taylor Field,Olive Branch,MS,USA,https://acukwik.com/Airport-Info/KOLV,https://acukwik.com/extimages/Listing-Images/KOLV.jpg,runway_diagrams/raw/KOLV.jpg,runway_diagrams/cleaned/KOLV.jpg,ok,,"0,0,575,500"
KOMA,Eppley Airfield,Omaha,NE,USA,https://acukwik.com/Airport-Info/KOMA,https://acukwik.com/extimages/Listing-Images/KOMA.jpg,runway_diagrams/raw/KOMA.jpg,runway_diagrams/cleaned/KOMA.jpg,ok,,"0,0,575,750"
KONT,Ontario International,Ontario,CA,USA,https://acukwik.com/Airport-Info/KONT,https://acukwik.com/extimages/Listing-Images/KONT.jpg,runway_diagrams/raw/KONT.jpg,runway_diagrams/cleaned/KONT.jpg,ok,,"0,0,575,450"
KOPF,Miami-Opa Locka Executive,Miami,FL,USA,https://acukwik.com/Airport-Info/KOPF,https://acukwik.com/extimages/Listing-Images/KOPF.jpg,runway_diagrams/raw/KOPF.jpg,runway_diagrams/cleaned/KOPF.jpg,ok,,"0,0,1000,1217"
KOQU,Quonset State,North Kingstown,RI,USA,https://acukwik.com/Airport-Info/KOQU,https://acukwik.com/extimages/Listing-Images/KOQU.jpg,runway_diagrams/raw/KOQU.jpg,runway_diagrams/cleaned/KOQU.jpg,ok,,"0,0,414,396"
KORD,Chicago O'Hare International,Chicago,IL,USA,https://acukwik.com/Airport-Info/KORD,https://acukwik.com/extimages/Listing-Images/KORD.jpg,runway_diagrams/raw/KORD.jpg,runway_diagrams/cleaned/KORD.jpg,ok,,"0,0,575,1250"
KORF,Norfolk International,Norfolk,VA,USA,https://acukwik.com/Airport-Info/KORF,https://acukwik.com/extimages/Listing-Images/KORF.jpg,runway_diagrams/raw/KORF.jpg,runway_diagrams/cleaned/KORF.jpg,ok,,"0,0,575,500"
KORH,Worcester Regional,Worcester,MA,USA,https://acukwik.com/Airport-Info/KORH,https://acukwik.com/extimages/Listing-Images/KORH.jpg,runway_diagrams/raw/KORH.jpg,runway_diagrams/cleaned/KORH.jpg,ok,,"0,0,575,500"
KORL,Orlando Exec,Orlando,FL,USA,https://acukwik.com/Airport-Info/KORL,https://acukwik.com/extimages/Listing-Images/KORL.jpg,runway_diagrams/raw/KORL.jpg,runway_diagrams/cleaned/KORL.jpg,ok,,"0,0,575,425"
KOSH,Wittman Regional,Oshkosh,WI,USA,https://acukwik.com/Airport-Info/KOSH,https://acukwik.com/extimages/Listing-Images/KOSH.jpg,runway_diagrams/raw/KOSH.jpg,runway_diagrams/cleaned/KOSH.jpg,ok,,"0,0,575,825"
KOSU,Ohio State University,Columbus,OH,USA,https://acukwik.com/Airport-Info/KOSU,https://acukwik.com/extimages/Listing-Images/KOSU.jpg,runway_diagrams/raw/KOSU.jpg,runway_diagrams/cleaned/KOSU.jpg,ok,,"0,0,575,525"
KOTH,Southwest Oregon Regional,North Bend,OR,USA,https://acukwik.com/Airport-Info/KOTH,https://acukwik.com/extimages/Listing-Images/KOTH.jpg,runway_diagrams/raw/KOTH.jpg,runway_diagrams/cleaned/KOTH.jpg,ok,,"0,0,414,378"
KOWB,Owensboro/Daviess County Regional,Owensboro,KY,USA,https://acukwik.com/Airport-Info/KOWB,https://acukwik.com/extimages/Listing-Images/KOWB.jpg,runway_diagrams/raw/KOWB.jpg,runway_diagrams/cleaned/KOWB.jpg,ok,,"0,0,414,378"
KOWD,Norwood Memorial,Norwood,MA,USA,https://acukwik.com/Airport-Info/KOWD,https://acukwik.com/extimages/Listing-Images/KOWD.jpg,runway_diagrams/raw/KOWD.jpg,runway_diagrams/cleaned/KOWD.jpg,ok,,"0,0,414,360"
KOWP,William R. Pogue Municipal/Sand Springs,Sand Springs,OK,USA,https://acukwik.com/Airport-Info/KOWP,https://acukwik.com/extimages/Listing-Images/KOWP.jpg,runway_diagrams/raw/KOWP.jpg,runway_diagrams/cleaned/KOWP.jpg,ok,,"0,0,414,378"
KOXC,Waterbury/Oxford,Oxford,CT,USA,https://acukwik.com/Airport-Info/KOXC,https://acukwik.com/extimages/Listing-Images/KOXC.jpg,runway_diagrams/raw/KOXC.jpg,runway_diagrams/cleaned/KOXC.jpg,ok,,"0,0,575,575"
KOXR,Oxnard,Oxnard,CA,USA,https://acukwik.com/Airport-Info/KOXR,https://acukwik.com/extimages/Listing-Images/KOXR.jpg,runway_diagrams/raw/KOXR.jpg,runway_diagrams/cleaned/KOXR.jpg,ok,,"0,0,414,306"
KPAE,Seattle Paine Field International,Everett,WA,USA,https://acukwik.com/Airport-Info/KPAE,https://acukwik.com/extimages/Listing-Images/KPAE.jpg,runway_diagrams/raw/KPAE.jpg,runway_diagrams/cleaned/KPAE.jpg,ok,,"0,0,575,575"
KPAH,Barkley Regional,Paducah,KY,USA,https://acukwik.com/Airport-Info/KPAH,https://acukwik.com/extimages/Listing-Images/KPAH.jpg,runway_diagrams/raw/KPAH.jpg,runway_diagrams/cleaned/KPAH.jpg,ok,,"0,0,575,550"
KPAO,Palo Alto,Palo Alto,CA,USA,https://acukwik.com/Airport-Info/KPAO,https://acukwik.com/extimages/Listing-Images/KPAO.jpg,runway_diagrams/raw/KPAO.jpg,runway_diagrams/cleaned/KPAO.jpg,ok,,"0,0,414,468"
KPBG,Plattsburgh International,Plattsburgh,NY,USA,https://acukwik.com/Airport-Info/KPBG,https://acukwik.com/extimages/Listing-Images/KPBG.jpg,runway_diagrams/raw/KPBG.jpg,runway_diagrams/cleaned/KPBG.jpg,ok,,"0,0,414,504"
KPBI,Palm Beach International,West Palm Beach,FL,USA,https://acukwik.com/Airport-Info/KPBI,https://acukwik.com/extimages/Listing-Images/KPBI.jpg,runway_diagrams/raw/KPBI.jpg,runway_diagrams/cleaned/KPBI.jpg,ok,,"0,0,575,550"
KPDK,Dekalb/Peachtree,Atlanta,GA,USA,https://acukwik.com/Airport-Info/KPDK,https://acukwik.com/extimages/Listing-Images/KPDK.jpg,runway_diagrams/raw/KPDK.jpg,runway_diagrams/cleaned/KPDK.jpg,ok,,"0,0,575,775"
KPDX,Portland International,Portland,OR,USA,https://acukwik.com/Airport-Info/KPDX,https://acukwik.com/extimages/Listing-Images/KPDX.jpg,runway_diagrams/raw/KPDX.jpg,runway_diagrams/cleaned/KPDX.jpg,ok,,"0,0,575,650"
KPHF,Newport News/Williamsburg Intl/Patrick Henry Field,Newport News,VA,USA,https://acukwik.com/Airport-Info/KPHF,https://acukwik.com/extimages/Listing-Images/KPHF.jpg,runway_diagrams/raw/KPHF.jpg,runway_diagrams/cleaned/KPHF.jpg,ok,,"0,0,575,550"
KPHK,Palm Beach Co Glades,Pahokee,FL,USA,https://acukwik.com/Airport-Info/KPHK,https://acukwik.com/extimages/Listing-Images/KPHK.jpg,runway_diagrams/raw/KPHK.jpg,runway_diagrams/cleaned/KPHK.jpg,ok,,"0,0,414,450"
KPHL,Philadelphia International,Philadelphia,PA,USA,https://acukwik.com/Airport-Info/KPHL,https://acukwik.com/extimages/Listing-Images/KPHL.jpg,runway_diagrams/raw/KPHL.jpg,runway_diagrams/cleaned/KPHL.jpg,ok,,"0,0,575,650"
KPHX,Phoenix Sky Harbor,Phoenix,AZ,USA,https://acukwik.com/Airport-Info/KPHX,https://acukwik.com/extimages/Listing-Images/KPHX.jpg,runway_diagrams/raw/KPHX.jpg,runway_diagrams/cleaned/KPHX.jpg,ok,,"0,0,414,360"
KPIA,Gen Wayne A Downing Peoria International,Peoria,IL,USA,https://acukwik.com/Airport-Info/KPIA,https://acukwik.com/extimages/Listing-Images/KPIA.jpg,runway_diagrams/raw/KPIA.jpg,runway_diagrams/cleaned/KPIA.jpg,ok,,"0,0,575,600"
KPIE,St Petersburg Clearwater International,St Petersburg,FL,USA,https://acukwik.com/Airport-Info/KPIE,https://acukwik.com/extimages/Listing-Images/KPIE.jpg,runway_diagrams/raw/KPIE.jpg,runway_diagrams/cleaned/KPIE.jpg,ok,,"0,0,414,558"
KPIH,Pocatello Regional,Pocatello,ID,USA,https://acukwik.com/Airport-Info/KPIH,https://acukwik.com/extimages/Listing-Images/KPIH.jpg,runway_diagrams/raw/KPIH.jpg,runway_diagrams/cleaned/KPIH.jpg,ok,,"0,0,575,500"
KPIT,Pittsburgh International,Pittsburgh,PA,USA,https://acukwik.com/Airport-Info/KPIT,https://acukwik.com/extimages/Listing-Images/KPIT.jpg,runway_diagrams/raw/KPIT.jpg,runway_diagrams/cleaned/KPIT.jpg,ok,,"0,0,575,575"
KPLK,M. Graham Clark Downtown,Point Lookout,MO,USA,https://acukwik.com/Airport-Info/KPLK,https://acukwik.com/extimages/Listing-Images/KPLK.jpg,runway_diagrams/raw/KPLK.jpg,runway_diagrams/cleaned/KPLK.jpg,ok,,"0,0,414,306"
KPLN,Pellston Regional of Emmet County,Pellston,MI,USA,https://acukwik.com/Airport-Info/KPLN,https://acukwik.com/extimages/Listing-Images/KPLN.jpg,runway_diagrams/raw/KPLN.jpg,runway_diagrams/cleaned/KPLN.jpg,ok,,"0,0,414,396"
KPMP,Pompano Beach Airpark,Pompano Beach,FL,USA,https://acukwik.com/Airport-Info/KPMP,https://acukwik.com/extimages/Listing-Images/KPMP.jpg,runway_diagrams/raw/KPMP.jpg,runway_diagrams/cleaned/KPMP.jpg,ok,,"0,0,414,432"
KPNE,Northeast Philadelphia,Philadelphia,PA,USA,https://acukwik.com/Airport-Info/KPNE,https://acukwik.com/extimages/Listing-Images/KPNE.jpg,runway_diagrams/raw/KPNE.jpg,runway_diagrams/cleaned/KPNE.jpg,ok,,"0,0,575,650"
KPNS,Pensacola International,Pensacola,FL,USA,https://acukwik.com/Airport-Info/KPNS,https://acukwik.com/extimages/Listing-Images/KPNS.jpg,runway_diagrams/raw/KPNS.jpg,runway_diagrams/cleaned/KPNS.jpg,ok,,"0,0,414,450"
KPOU,Hudson Valley Regional,Poughkeepsie,NY,USA,https://acukwik.com/Airport-Info/KPOU,https://acukwik.com/extimages/Listing-Images/KPOU.jpg,runway_diagrams/raw/KPOU.jpg,runway_diagrams/cleaned/KPOU.jpg,ok,,"0,0,575,450"
KPRB,Paso Robles Municipal,Paso Robles,CA,USA,https://acukwik.com/Airport-Info/KPRB,https://acukwik.com/extimages/Listing-Images/KPRB.jpg,runway_diagrams/raw/KPRB.jpg,runway_diagrams/cleaned/KPRB.jpg,ok,,"0,0,414,432"
KPSM,Portsmouth Intl at Pease,Portsmouth,NH,USA,https://acukwik.com/Airport-Info/KPSM,https://acukwik.com/extimages/Listing-Images/KPSM.jpg,runway_diagrams/raw/KPSM.jpg,runway_diagrams/cleaned/KPSM.jpg,ok,,"0,0,414,378"
KPSP,Palm Springs International,Palm Springs,CA,USA,https://acukwik.com/Airport-Info/KPSP,https://acukwik.com/extimages/Listing-Images/KPSP.jpg,runway_diagrams/raw/KPSP.jpg,runway_diagrams/cleaned/KPSP.jpg,ok,,"0,0,575,713"
KPTK,Oakland County International,Pontiac,MI,USA,https://acukwik.com/Airport-Info/KPTK,https://acukwik.com/extimages/Listing-Images/KPTK.jpg,runway_diagrams/raw/KPTK.jpg,runway_diagrams/cleaned/KPTK.jpg,ok,,"0,0,414,306"
KPUB,Pueblo Memorial,Pueblo,CO,USA,https://acukwik.com/Airport-Info/KPUB,https://acukwik.com/extimages/Listing-Images/KPUB.jpg,runway_diagrams/raw/KPUB.jpg,runway_diagrams/cleaned/KPUB.jpg,ok,,"0,0,414,396"
KPVD,Rhode Island TF Green International,Providence,RI,USA,https://acukwik.com/Airport-Info/KPVD,https://acukwik.com/extimages/Listing-Images/KPVD.jpg,runway_diagrams/raw/KPVD.jpg,runway_diagrams/cleaned/KPVD.jpg,ok,,"0,0,575,650"
KPVU,Provo Municipal,Provo,UT,USA,https://acukwik.com/Airport-Info/KPVU,https://acukwik.com/extimages/Listing-Images/KPVU.jpg,runway_diagrams/raw/KPVU.jpg,runway_diagrams/cleaned/KPVU.jpg,ok,,"0,0,575,475"
KPWA,Wiley Post,Oklahoma City,OK,USA,https://acukwik.com/Airport-Info/KPWA,https://acukwik.com/extimages/Listing-Images/KPWA.jpg,runway_diagrams/raw/KPWA.jpg,runway_diagrams/cleaned/KPWA.jpg,ok,,"0,0,1000,1043"
KPWG,McGregor Executive,Waco,TX,USA,https://acukwik.com/Airport-Info/KPWG,https://acukwik.com/extimages/Listing-Images/KPWG.jpg,runway_diagrams/raw/KPWG.jpg,runway_diagrams/cleaned/KPWG.jpg,ok,,"0,0,414,432"
KPWK,Chicago Executive,Chicago,IL,USA,https://acukwik.com/Airport-Info/KPWK,https://acukwik.com/extimages/Listing-Images/KPWK.jpg,runway_diagrams/raw/KPWK.jpg,runway_diagrams/cleaned/KPWK.jpg,ok,,"0,0,575,725"
KPWM,Portland International Jetport,Portland,ME,USA,https://acukwik.com/Airport-Info/KPWM,https://acukwik.com/extimages/Listing-Images/KPWM.jpg,runway_diagrams/raw/KPWM.jpg,runway_diagrams/cleaned/KPWM.jpg,ok,,"0,0,1000,1043"
KRAP,Rapid City Regional,Rapid City,SD,USA,https://acukwik.com/Airport-Info/KRAP,https://acukwik.com/extimages/Listing-Images/KRAP.jpg,runway_diagrams/raw/KRAP.jpg,runway_diagrams/cleaned/KRAP.jpg,ok,,"0,0,414,378"
KRBD,Dallas Executive,Dallas,TX,USA,https://acukwik.com/Airport-Info/KRBD,https://acukwik.com/extimages/Listing-Images/KRBD.jpg,runway_diagrams/raw/KRBD.jpg,runway_diagrams/cleaned/KRBD.jpg,ok,,"0,0,575,600"
KRDG,Reading Regional/Carl A Spaatz Field,Reading,PA,USA,https://acukwik.com/Airport-Info/KRDG,https://acukwik.com/extimages/Listing-Images/KRDG.jpg,runway_diagrams/raw/KRDG.jpg,runway_diagrams/cleaned/KRDG.jpg,ok,,"0,0,575,500"
KRDM,Roberts Field,Redmond,OR,USA,https://acukwik.com/Airport-Info/KRDM,https://acukwik.com/extimages/Listing-Images/KRDM.jpg,runway_diagrams/raw/KRDM.jpg,runway_diagrams/cleaned/KRDM.jpg,ok,,"0,0,575,550"
KRDU,Raleigh-Durham International,Raleigh/Durham,NC,USA,https://acukwik.com/Airport-Info/KRDU,https://acukwik.com/extimages/Listing-Images/KRDU.jpg,runway_diagrams/raw/KRDU.jpg,runway_diagrams/cleaned/KRDU.jpg,ok,,"0,0,575,725"
KREG,Louisiana Regional,Gonzales,LA,USA,https://acukwik.com/Airport-Info/KREG,https://acukwik.com/extimages/Listing-Images/KREG.jpg,runway_diagrams/raw/KREG.jpg,runway_diagrams/cleaned/KREG.jpg,ok,,"0,0,414,468"
KRFD,Chicago/Rockford International,Rockford,IL,USA,https://acukwik.com/Airport-Info/KRFD,https://acukwik.com/extimages/Listing-Images/KRFD.jpg,runway_diagrams/raw/KRFD.jpg,runway_diagrams/cleaned/KRFD.jpg,ok,,"0,0,575,500"
KRIC,Richmond International,Richmond,VA,USA,https://acukwik.com/Airport-Info/KRIC,https://acukwik.com/extimages/Listing-Images/KRIC.jpg,runway_diagrams/raw/KRIC.jpg,runway_diagrams/cleaned/KRIC.jpg,ok,,"0,0,414,540"
KRIL,Garfield County Regional,Rifle,CO,USA,https://acukwik.com/Airport-Info/KRIL,https://acukwik.com/extimages/Listing-Images/KRIL.jpg,runway_diagrams/raw/KRIL.jpg,runway_diagrams/cleaned/KRIL.jpg,ok,,"0,0,575,425"
KRIV,March ARB,Riverside,CA,USA,https://acukwik.com/Airport-Info/KRIV,https://acukwik.com/extimages/Listing-Images/KRIV.jpg,runway_diagrams/raw/KRIV.jpg,runway_diagrams/cleaned/KRIV.jpg,ok,,"0,0,414,468"
KRKD,Knox County Regional,Rockland,ME,USA,https://acukwik.com/Airport-Info/KRKD,https://acukwik.com/extimages/Listing-Images/KRKD.jpg,runway_diagrams/raw/KRKD.jpg,runway_diagrams/cleaned/KRKD.jpg,ok,,"0,0,575,475"
KRME,Griffiss International,Rome,NY,USA,https://acukwik.com/Airport-Info/KRME,https://acukwik.com/extimages/Listing-Images/KRME.jpg,runway_diagrams/raw/KRME.jpg,runway_diagrams/cleaned/KRME.jpg,ok,,"0,0,575,525"
KRMN,Stafford Regional,Stafford,VA,USA,https://acukwik.com/Airport-Info/KRMN,https://acukwik.com/extimages/Listing-Images/KRMN.jpg,runway_diagrams/raw/KRMN.jpg,runway_diagrams/cleaned/KRMN.jpg,ok,,"0,0,414,468"
KRNO,Reno-Tahoe International,Reno,NV,USA,https://acukwik.com/Airport-Info/KRNO,https://acukwik.com/extimages/Listing-Images/KRNO.jpg,runway_diagrams/raw/KRNO.jpg,runway_diagrams/cleaned/KRNO.jpg,ok,,"0,0,575,675"
KROA,Roanoke/Blacksburg Regional (Woodrum Field),Roanoke,VA,USA,https://acukwik.com/Airport-Info/KROA,https://acukwik.com/extimages/Listing-Images/KROA.jpg,runway_diagrams/raw/KROA.jpg,runway_diagrams/cleaned/KROA.jpg,ok,,"0,0,575,600"
KROC,Frederick Douglass/Greater Rochester International,Rochester,NY,USA,https://acukwik.com/Airport-Info/KROC,https://acukwik.com/extimages/Listing-Images/KROC.jpg,runway_diagrams/raw/KROC.jpg,runway_diagrams/cleaned/KROC.jpg,ok,,"0,0,1000,1000"
KROG,Rogers Executive/Carter Field,Rogers,AR,USA,https://acukwik.com/Airport-Info/KROG,https://acukwik.com/extimages/Listing-Images/KROG.jpg,runway_diagrams/raw/KROG.jpg,runway_diagrams/cleaned/KROG.jpg,ok,,"0,0,414,414"
KRST,Rochester International,Rochester,MN,USA,https://acukwik.com/Airport-Info/KRST,https://acukwik.com/extimages/Listing-Images/KRST.jpg,runway_diagrams/raw/KRST.jpg,runway_diagrams/cleaned/KRST.jpg,ok,,"0,0,575,600"
KRSW,Southwest Florida International,Fort Myers,FL,USA,https://acukwik.com/Airport-Info/KRSW,https://acukwik.com/extimages/Listing-Images/KRSW.jpg,runway_diagrams/raw/KRSW.jpg,runway_diagrams/cleaned/KRSW.jpg,ok,,"0,0,414,324"
KRUT,Rutland/Southern Vermont Regional,Rutland,VT,USA,https://acukwik.com/Airport-Info/KRUT,https://acukwik.com/extimages/Listing-Images/KRUT.jpg,runway_diagrams/raw/KRUT.jpg,runway_diagrams/cleaned/KRUT.jpg,ok,,"0,0,575,500"
KRVS,Tulsa Riverside,Tulsa,OK,USA,https://acukwik.com/Airport-Info/KRVS,https://acukwik.com/extimages/Listing-Images/KRVS.jpg,runway_diagrams/raw/KRVS.jpg,runway_diagrams/cleaned/KRVS.jpg,ok,,"0,0,575,575"
KRWI,Rocky Mount/Wilson Regional,Rocky Mount,NC,USA,https://acukwik.com/Airport-Info/KRWI,https://acukwik.com/extimages/Listing-Images/KRWI.jpg,runway_diagrams/raw/KRWI.jpg,runway_diagrams/cleaned/KRWI.jpg,ok,,"0,0,575,625"
KRYV,Watertown Municipal,Watertown,WI,USA,https://acukwik.com/Airport-Info/KRYV,https://acukwik.com/extimages/Listing-Images/KRYV.jpg,runway_diagrams/raw/KRYV.jpg,runway_diagrams/cleaned/KRYV.jpg,ok,,"0,0,414,414"
KRYY,Cobb County International/Mccollum Field,Atlanta,GA,USA,https://acukwik.com/Airport-Info/KRYY,https://acukwik.com/extimages/Listing-Images/KRYY.jpg,runway_diagrams/raw/KRYY.jpg,runway_diagrams/cleaned/KRYY.jpg,ok,,"0,0,414,306"
KSAC,Sacramento Executive,Sacramento,CA,USA,https://acukwik.com/Airport-Info/KSAC,https://acukwik.com/extimages/Listing-Images/KSAC.jpg,runway_diagrams/raw/KSAC.jpg,runway_diagrams/cleaned/KSAC.jpg,ok,,"0,0,575,525"
KSAF,Santa Fe Regional,Santa Fe,NM,USA,https://acukwik.com/Airport-Info/KSAF,https://acukwik.com/extimages/Listing-Images/KSAF.jpg,runway_diagrams/raw/KSAF.jpg,runway_diagrams/cleaned/KSAF.jpg,ok,,"0,0,575,675"
KSAN,San Diego International/Lindbergh Field,San Diego,CA,USA,https://acukwik.com/Airport-Info/KSAN,https://acukwik.com/extimages/Listing-Images/KSAN.jpg,runway_diagrams/raw/KSAN.jpg,runway_diagrams/cleaned/KSAN.jpg,ok,,"0,0,575,425"
KSAT,San Antonio International,San Antonio,TX,USA,https://acukwik.com/Airport-Info/KSAT,https://acukwik.com/extimages/Listing-Images/KSAT.jpg,runway_diagrams/raw/KSAT.jpg,runway_diagrams/cleaned/KSAT.jpg,ok,,"0,0,575,750"
KSAV,Savannah/Hilton Head International,Savannah,GA,USA,https://acukwik.com/Airport-Info/KSAV,https://acukwik.com/extimages/Listing-Images/KSAV.jpg,runway_diagrams/raw/KSAV.jpg,runway_diagrams/cleaned/KSAV.jpg,ok,,"0,0,575,475"
KSBA,Santa Barbara Municipal Airport,Santa Barbara,CA,USA,https://acukwik.com/Airport-Info/KSBA,https://acukwik.com/extimages/Listing-Images/KSBA.jpg,runway_diagrams/raw/KSBA.jpg,runway_diagrams/cleaned/KSBA.jpg,ok,,"0,0,576,475"
KSBD,San Bernardino International,San Bernardino,CA,USA,https://acukwik.com/Airport-Info/KSBD,https://acukwik.com/extimages/Listing-Images/KSBD.jpg,runway_diagrams/raw/KSBD.jpg,runway_diagrams/cleaned/KSBD.jpg,ok,,"0,0,1000,739"
KSBM,Sheboygan County Memorial International,Sheboygan,WI,USA,https://acukwik.com/Airport-Info/KSBM,https://acukwik.com/extimages/Listing-Images/KSBM.jpg,runway_diagrams/raw/KSBM.jpg,runway_diagrams/cleaned/KSBM.jpg,ok,,"0,0,575,575"
KSBN,South Bend International,South Bend,IN,USA,https://acukwik.com/Airport-Info/KSBN,https://acukwik.com/extimages/Listing-Images/KSBN.jpg,runway_diagrams/raw/KSBN.jpg,runway_diagrams/cleaned/KSBN.jpg,ok,,"0,0,575,550"
KSCK,Stockton Metropolitan,Stockton,CA,USA,https://acukwik.com/Airport-Info/KSCK,https://acukwik.com/extimages/Listing-Images/KSCK.jpg,runway_diagrams/raw/KSCK.jpg,runway_diagrams/cleaned/KSCK.jpg,ok,,"0,0,575,550"
KSDF,Louisville Muhammad Ali International,Louisville,KY,USA,https://acukwik.com/Airport-Info/KSDF,https://acukwik.com/extimages/Listing-Images/KSDF.jpg,runway_diagrams/raw/KSDF.jpg,runway_diagrams/cleaned/KSDF.jpg,ok,,"0,0,575,700"
KSDL,Scottsdale,Scottsdale,AZ,USA,https://acukwik.com/Airport-Info/KSDL,https://acukwik.com/extimages/Listing-Images/KSDL.jpg,runway_diagrams/raw/KSDL.jpg,runway_diagrams/cleaned/KSDL.jpg,ok,,"0,0,575,525"
KSDM,Brown Field Municipal,San Diego,CA,USA,https://acukwik.com/Airport-Info/KSDM,https://acukwik.com/extimages/Listing-Images/KSDM.jpg,runway_diagrams/raw/KSDM.jpg,runway_diagrams/cleaned/KSDM.jpg,ok,,"0,0,575,425"
KSEA,Seattle Tacoma International,Seattle,WA,USA,https://acukwik.com/Airport-Info/KSEA,https://acukwik.com/extimages/Listing-Images/KSEA.jpg,runway_diagrams/raw/KSEA.jpg,runway_diagrams/cleaned/KSEA.jpg,ok,,"0,0,414,522"
KSEE,Gillespie Field,San Diego/El Cajon,CA,USA,https://acukwik.com/Airport-Info/KSEE,https://acukwik.com/extimages/Listing-Images/KSEE.jpg,runway_diagrams/raw/KSEE.jpg,runway_diagrams/cleaned/KSEE.jpg,ok,,"0,0,414,360"
KSFB,Orlando Sanford International,Orlando,FL,USA,https://acukwik.com/Airport-Info/KSFB,https://acukwik.com/extimages/Listing-Images/KSFB.jpg,runway_diagrams/raw/KSFB.jpg,runway_diagrams/cleaned/KSFB.jpg,ok,,"0,0,414,306"
KSFM,Sanford Seacoast Regional,Sanford,ME,USA,https://acukwik.com/Airport-Info/KSFM,https://acukwik.com/extimages/Listing-Images/KSFM.jpg,runway_diagrams/raw/KSFM.jpg,runway_diagrams/cleaned/KSFM.jpg,ok,,"0,0,414,306"
KSFO,San Francisco International,San Francisco,CA,USA,https://acukwik.com/Airport-Info/KSFO,https://acukwik.com/extimages/Listing-Images/KSFO.jpg,runway_diagrams/raw/KSFO.jpg,runway_diagrams/cleaned/KSFO.jpg,ok,,"0,0,1000,1217"
KSFZ,North Central State,Pawtucket,RI,USA,https://acukwik.com/Airport-Info/KSFZ,https://acukwik.com/extimages/Listing-Images/KSFZ.jpg,runway_diagrams/raw/KSFZ.jpg,runway_diagrams/cleaned/KSFZ.jpg,ok,,"0,0,414,342"
KSGF,Springfield/Branson National,Springfield,MO,USA,https://acukwik.com/Airport-Info/KSGF,https://acukwik.com/extimages/Listing-Images/KSGF.jpg,runway_diagrams/raw/KSGF.jpg,runway_diagrams/cleaned/KSGF.jpg,ok,,"0,0,415,414"
KSGJ,St Augustine,St Augustine,FL,USA,https://acukwik.com/Airport-Info/KSGJ,https://acukwik.com/extimages/Listing-Images/KSGJ.jpg,runway_diagrams/raw/KSGJ.jpg,runway_diagrams/cleaned/KSGJ.jpg,ok,,"0,0,575,650"
KSGR,Sugar Land Regional,Houston,TX,USA,https://acukwik.com/Airport-Info/KSGR,https://acukwik.com/extimages/Listing-Images/KSGR.jpg,runway_diagrams/raw/KSGR.jpg,runway_diagrams/cleaned/KSGR.jpg,ok,,"0,0,414,360"
KSGU,St George Regional,St George,UT,USA,https://acukwik.com/Airport-Info/KSGU,https://acukwik.com/extimages/Listing-Images/KSGU.jpg,runway_diagrams/raw/KSGU.jpg,runway_diagrams/cleaned/KSGU.jpg,ok,,"0,0,414,324"
KSHD,Shenandoah Valley Regional,Staunton,VA,USA,https://acukwik.com/Airport-Info/KSHD,https://acukwik.com/extimages/Listing-Images/KSHD.jpg,runway_diagrams/raw/KSHD.jpg,runway_diagrams/cleaned/KSHD.jpg,ok,,"0,0,414,396"
KSHV,Shreveport Regional,Shreveport,LA,USA,https://acukwik.com/Airport-Info/KSHV,https://acukwik.com/extimages/Listing-Images/KSHV.jpg,runway_diagrams/raw/KSHV.jpg,runway_diagrams/cleaned/KSHV.jpg,ok,,"0,0,575,600"
KSJC,Norman Y Mineta San Jose International,San Jose,CA,USA,https://acukwik.com/Airport-Info/KSJC,https://acukwik.com/extimages/Listing-Images/KSJC.jpg,runway_diagrams/raw/KSJC.jpg,runway_diagrams/cleaned/KSJC.jpg,ok,,"0,0,575,675"
KSJT,San Angelo Regional/Mathis Field,San Angelo,TX,USA,https://acukwik.com/Airport-Info/KSJT,https://acukwik.com/extimages/Listing-Images/KSJT.jpg,runway_diagrams/raw/KSJT.jpg,runway_diagrams/cleaned/KSJT.jpg,ok,,"0,0,575,550"
KSKF,Kelly Field,San Antonio,TX,USA,https://acukwik.com/Airport-Info/KSKF,https://acukwik.com/extimages/Listing-Images/KSKF.jpg,runway_diagrams/raw/KSKF.jpg,runway_diagrams/cleaned/KSKF.jpg,ok,,"0,0,575,675"
KSLC,Salt Lake City International,Salt Lake City,UT,USA,https://acukwik.com/Airport-Info/KSLC,https://acukwik.com/extimages/Listing-Images/KSLC.jpg,runway_diagrams/raw/KSLC.jpg,runway_diagrams/cleaned/KSLC.jpg,ok,,"0,0,575,625"
KSLN,Salina Regional,Salina,KS,USA,https://acukwik.com/Airport-Info/KSLN,https://acukwik.com/extimages/Listing-Images/KSLN.jpg,runway_diagrams/raw/KSLN.jpg,runway_diagrams/cleaned/KSLN.jpg,ok,,"0,0,414,540"
KSMF,Sacramento International,Sacramento,CA,USA,https://acukwik.com/Airport-Info/KSMF,https://acukwik.com/extimages/Listing-Images/KSMF.jpg,runway_diagrams/raw/KSMF.jpg,runway_diagrams/cleaned/KSMF.jpg,ok,,"0,0,414,540"
KSMO,Santa Monica Municipal,Santa Monica,CA,USA,https://acukwik.com/Airport-Info/KSMO,https://acukwik.com/extimages/Listing-Images/KSMO.jpg,runway_diagrams/raw/KSMO.jpg,runway_diagrams/cleaned/KSMO.jpg,ok,,"0,0,575,450"
KSMX,Capt G Allan Hancock Field/Santa Maria Public,Santa Maria,CA,USA,https://acukwik.com/Airport-Info/KSMX,https://acukwik.com/extimages/Listing-Images/KSMX.jpg,runway_diagrams/raw/KSMX.jpg,runway_diagrams/cleaned/KSMX.jpg,ok,,"0,0,414,396"
KSNA,John Wayne/Orange County,Santa Ana,CA,USA,https://acukwik.com/Airport-Info/KSNA,https://acukwik.com/extimages/Listing-Images/KSNA.jpg,runway_diagrams/raw/KSNA.jpg,runway_diagrams/cleaned/KSNA.jpg,ok,,"0,0,414,468"
KSNS,Salinas Municipal,Salinas,CA,USA,https://acukwik.com/Airport-Info/KSNS,https://acukwik.com/extimages/Listing-Images/KSNS.jpg,runway_diagrams/raw/KSNS.jpg,runway_diagrams/cleaned/KSNS.jpg,ok,,"0,0,575,550"
KSPG,Albert Whitted,St Petersburg,FL,USA,https://acukwik.com/Airport-Info/KSPG,https://acukwik.com/extimages/Listing-Images/KSPG.jpg,runway_diagrams/raw/KSPG.jpg,runway_diagrams/cleaned/KSPG.jpg,ok,,"0,0,575,575"
KSPI,Abraham Lincoln Capital,Springfield,IL,USA,https://acukwik.com/Airport-Info/KSPI,https://acukwik.com/extimages/Listing-Images/KSPI.jpg,runway_diagrams/raw/KSPI.jpg,runway_diagrams/cleaned/KSPI.jpg,ok,,"0,0,575,575"
KSPS,Wichita Falls Regional/Sheppard AFB,Wichita Falls,TX,USA,https://acukwik.com/Airport-Info/KSPS,https://acukwik.com/extimages/Listing-Images/KSPS.jpg,runway_diagrams/raw/KSPS.jpg,runway_diagrams/cleaned/KSPS.jpg,ok,,"0,0,575,650"
KSRQ,Sarasota/Bradenton International,Sarasota/Bradenton,FL,USA,https://acukwik.com/Airport-Info/KSRQ,https://acukwik.com/extimages/Listing-Images/KSRQ.jpg,runway_diagrams/raw/KSRQ.jpg,runway_diagrams/cleaned/KSRQ.jpg,ok,,"0,0,575,600"
KSSI,St Simons Island,Brunswick,GA,USA,https://acukwik.com/Airport-Info/KSSI,https://acukwik.com/extimages/Listing-Images/KSSI.jpg,runway_diagrams/raw/KSSI.jpg,runway_diagrams/cleaned/KSSI.jpg,ok,,"0,0,1000,957"
KSTC,St Cloud Sky Central,St Cloud,MN,USA,https://acukwik.com/Airport-Info/KSTC,https://acukwik.com/extimages/Listing-Images/KSTC.jpg,runway_diagrams/raw/KSTC.jpg,runway_diagrams/cleaned/KSTC.jpg,ok,,"0,0,575,500"
KSTL,Lambert St Louis International,St Louis,MO,USA,https://acukwik.com/Airport-Info/KSTL,https://acukwik.com/extimages/Listing-Images/KSTL.jpg,runway_diagrams/raw/KSTL.jpg,runway_diagrams/cleaned/KSTL.jpg,ok,,"0,0,575,600"
KSTP,St Paul Downtown Holman Field,St Paul,MN,USA,https://acukwik.com/Airport-Info/KSTP,https://acukwik.com/extimages/Listing-Images/KSTP.jpg,runway_diagrams/raw/KSTP.jpg,runway_diagrams/cleaned/KSTP.jpg,ok,,"0,0,414,396"
KSTS,Charles M Schulz - Sonoma County,Santa Rosa,CA,USA,https://acukwik.com/Airport-Info/KSTS,https://acukwik.com/extimages/Listing-Images/KSTS.jpg,runway_diagrams/raw/KSTS.jpg,runway_diagrams/cleaned/KSTS.jpg,ok,,"0,0,575,638"
KSUA,Witham Field,Stuart,FL,USA,https://acukwik.com/Airport-Info/KSUA,https://acukwik.com/extimages/Listing-Images/KSUA.jpg,runway_diagrams/raw/KSUA.jpg,runway_diagrams/cleaned/KSUA.jpg,ok,,"0,0,575,475"
KSUN,Friedman Memorial,Hailey,ID,USA,https://acukwik.com/Airport-Info/KSUN,https://acukwik.com/extimages/Listing-Images/KSUN.jpg,runway_diagrams/raw/KSUN.jpg,runway_diagrams/cleaned/KSUN.jpg,ok,,"0,0,576,575"
KSUS,Spirit of St Louis,St Louis,MO,USA,https://acukwik.com/Airport-Info/KSUS,https://acukwik.com/extimages/Listing-Images/KSUS.jpg,runway_diagrams/raw/KSUS.jpg,runway_diagrams/cleaned/KSUS.jpg,ok,,"0,0,1000,1000"
KSUX,Sioux Gateway/Brig Gen Bud Day Field,Sioux City,IA,USA,https://acukwik.com/Airport-Info/KSUX,https://acukwik.com/extimages/Listing-Images/KSUX.jpg,runway_diagrams/raw/KSUX.jpg,runway_diagrams/cleaned/KSUX.jpg,ok,,"0,0,575,525"
KSWF,New York Stewart International,Newburgh,NY,USA,https://acukwik.com/Airport-Info/KSWF,https://acukwik.com/extimages/Listing-Images/KSWF.jpg,runway_diagrams/raw/KSWF.jpg,runway_diagrams/cleaned/KSWF.jpg,ok,,"0,0,575,475"
KSYR,Syracuse Hancock International,Syracuse,NY,USA,https://acukwik.com/Airport-Info/KSYR,https://acukwik.com/extimages/Listing-Images/KSYR.jpg,runway_diagrams/raw/KSYR.jpg,runway_diagrams/cleaned/KSYR.jpg,ok,,"0,0,1000,913"
KTCL,Tuscaloosa Ntl,Tuscaloosa,AL,USA,https://acukwik.com/Airport-Info/KTCL,https://acukwik.com/extimages/Listing-Images/KTCL.jpg,runway_diagrams/raw/KTCL.jpg,runway_diagrams/cleaned/KTCL.jpg,ok,,"0,0,575,550"
KTDW,Tradewind,Amarillo,TX,USA,https://acukwik.com/Airport-Info/KTDW,https://acukwik.com/extimages/Listing-Images/KTDW.jpg,runway_diagrams/raw/KTDW.jpg,runway_diagrams/cleaned/KTDW.jpg,ok,,"0,0,575,450"
KTEB,Teterboro,Teterboro,NJ,USA,https://acukwik.com/Airport-Info/KTEB,https://acukwik.com/extimages/Listing-Images/KTEB.jpg,runway_diagrams/raw/KTEB.jpg,runway_diagrams/cleaned/KTEB.jpg,ok,,"0,0,575,600"
KTEX,Telluride Regional,Telluride,CO,USA,https://acukwik.com/Airport-Info/KTEX,https://acukwik.com/extimages/Listing-Images/KTEX.jpg,runway_diagrams/raw/KTEX.jpg,runway_diagrams/cleaned/KTEX.jpg,ok,,"0,0,414,306"
KTIW,Tacoma Narrows,Tacoma,WA,USA,https://acukwik.com/Airport-Info/KTIW,https://acukwik.com/extimages/Listing-Images/KTIW.jpg,runway_diagrams/raw/KTIW.jpg,runway_diagrams/cleaned/KTIW.jpg,ok,,"0,0,414,378"
KTIX,Space Coast Regional,Titusville,FL,USA,https://acukwik.com/Airport-Info/KTIX,https://acukwik.com/extimages/Listing-Images/KTIX.jpg,runway_diagrams/raw/KTIX.jpg,runway_diagrams/cleaned/KTIX.jpg,ok,,"0,0,414,468"
KTKI,McKinney National,McKinney,TX,USA,https://acukwik.com/Airport-Info/KTKI,https://acukwik.com/extimages/Listing-Images/KTKI.jpg,runway_diagrams/raw/KTKI.jpg,runway_diagrams/cleaned/KTKI.jpg,ok,,"0,0,414,432"
KTLH,Tallahassee International,Tallahassee,FL,USA,https://acukwik.com/Airport-Info/KTLH,https://acukwik.com/extimages/Listing-Images/KTLH.jpg,runway_diagrams/raw/KTLH.jpg,runway_diagrams/cleaned/KTLH.jpg,ok,,"0,0,575,600"
KTMB,Miami Executive,Miami,FL,USA,https://acukwik.com/Airport-Info/KTMB,https://acukwik.com/extimages/Listing-Images/KTMB.jpg,runway_diagrams/raw/KTMB.jpg,runway_diagrams/cleaned/KTMB.jpg,ok,,"0,0,575,450"
KTME,Houston Executive,Houston,TX,USA,https://acukwik.com/Airport-Info/KTME,https://acukwik.com/extimages/Listing-Images/KTME.jpg,runway_diagrams/raw/KTME.jpg,runway_diagrams/cleaned/KTME.jpg,ok,,"0,0,414,432"
KTOL,Toledo Express,Toledo,OH,USA,https://acukwik.com/Airport-Info/KTOL,https://acukwik.com/extimages/Listing-Images/KTOL.jpg,runway_diagrams/raw/KTOL.jpg,runway_diagrams/cleaned/KTOL.jpg,ok,,"0,0,575,475"
KTOP,Philip Billard Municipal,Topeka,KS,USA,https://acukwik.com/Airport-Info/KTOP,https://acukwik.com/extimages/Listing-Images/KTOP.jpg,runway_diagrams/raw/KTOP.jpg,runway_diagrams/cleaned/KTOP.jpg,ok,,"0,0,414,414"
KTPA,Tampa International,Tampa,FL,USA,https://acukwik.com/Airport-Info/KTPA,https://acukwik.com/extimages/Listing-Images/KTPA.jpg,runway_diagrams/raw/KTPA.jpg,runway_diagrams/cleaned/KTPA.jpg,ok,,"0,0,575,700"
KTRI,"Tri-Cities Regional, TN/VA",Bristol/Johnson/Kingsport,TN,USA,https://acukwik.com/Airport-Info/KTRI,https://acukwik.com/extimages/Listing-Images/KTRI.jpg,runway_diagrams/raw/KTRI.jpg,runway_diagrams/cleaned/KTRI.jpg,ok,,"0,0,414,450"
KTRM,Jacqueline Cochran Regional,Palm Springs,CA,USA,https://acukwik.com/Airport-Info/KTRM,https://acukwik.com/extimages/Listing-Images/KTRM.jpg,runway_diagrams/raw/KTRM.jpg,runway_diagrams/cleaned/KTRM.jpg,ok,,"0,0,575,500"
KTTA,Raleigh Executive Jetport,Sanford,NC,USA,https://acukwik.com/Airport-Info/KTTA,https://acukwik.com/extimages/Listing-Images/KTTA.jpg,runway_diagrams/raw/KTTA.jpg,runway_diagrams/cleaned/KTTA.jpg,ok,,"0,0,575,550"
KTTN,Trenton Mercer,Trenton,NJ,USA,https://acukwik.com/Airport-Info/KTTN,https://acukwik.com/extimages/Listing-Images/KTTN.jpg,runway_diagrams/raw/KTTN.jpg,runway_diagrams/cleaned/KTTN.jpg,ok,,"0,0,414,468"
KTUL,Tulsa International,Tulsa,OK,USA,https://acukwik.com/Airport-Info/KTUL,https://acukwik.com/extimages/Listing-Images/KTUL.jpg,runway_diagrams/raw/KTUL.jpg,runway_diagrams/cleaned/KTUL.jpg,ok,,"0,0,575,725"
KTUP,Tupelo Regional,Tupelo,MS,USA,https://acukwik.com/Airport-Info/KTUP,https://acukwik.com/extimages/Listing-Images/KTUP.jpg,runway_diagrams/raw/KTUP.jpg,runway_diagrams/cleaned/KTUP.jpg,ok,,"0,0,414,396"
KTUS,Tucson International,Tucson,AZ,USA,https://acukwik.com/Airport-Info/KTUS,https://acukwik.com/extimages/Listing-Images/KTUS.jpg,runway_diagrams/raw/KTUS.jpg,runway_diagrams/cleaned/KTUS.jpg,ok,,"0,0,575,650"
KTVC,Cherry Capital,Traverse City,MI,USA,https://acukwik.com/Airport-Info/KTVC,https://acukwik.com/extimages/Listing-Images/KTVC.jpg,runway_diagrams/raw/KTVC.jpg,runway_diagrams/cleaned/KTVC.jpg,ok,,"0,0,575,550"
KTVF,Thief River Falls Regional,Thief River Falls,MN,USA,https://acukwik.com/Airport-Info/KTVF,https://acukwik.com/extimages/Listing-Images/KTVF.jpg,runway_diagrams/raw/KTVF.jpg,runway_diagrams/cleaned/KTVF.jpg,ok,,"0,0,414,432"
KTVL,Lake Tahoe Airport,South Lake Tahoe,CA,USA,https://acukwik.com/Airport-Info/KTVL,https://acukwik.com/extimages/Listing-Images/KTVL.jpg,runway_diagrams/raw/KTVL.jpg,runway_diagrams/cleaned/KTVL.jpg,ok,,"0,0,575,500"
KTXK,Texarkana Regional/Webb Field,Texarkana,AR,USA,https://acukwik.com/Airport-Info/KTXK,https://acukwik.com/extimages/Listing-Images/KTXK.jpg,runway_diagrams/raw/KTXK.jpg,runway_diagrams/cleaned/KTXK.jpg,ok,,"0,0,575,525"
KTXW,Mid Valley,Weslaco,TX,USA,https://acukwik.com/Airport-Info/KTXW,https://acukwik.com/extimages/Listing-Images/KTXW.jpg,runway_diagrams/raw/KTXW.jpg,runway_diagrams/cleaned/KTXW.jpg,ok,,"0,0,414,360"
KTYQ,Indianapolis Executive,Indianapolis,IN,USA,https://acukwik.com/Airport-Info/KTYQ,https://acukwik.com/extimages/Listing-Images/KTYQ.jpg,runway_diagrams/raw/KTYQ.jpg,runway_diagrams/cleaned/KTYQ.jpg,ok,,"0,0,575,700"
KTYR,Tyler Pounds Regional,Tyler,TX,USA,https://acukwik.com/Airport-Info/KTYR,https://acukwik.com/extimages/Listing-Images/KTYR.jpg,runway_diagrams/raw/KTYR.jpg,runway_diagrams/cleaned/KTYR.jpg,ok,,"0,0,575,550"
KTYS,McGhee Tyson,Knoxville,TN,USA,https://acukwik.com/Airport-Info/KTYS,https://acukwik.com/extimages/Listing-Images/KTYS.jpg,runway_diagrams/raw/KTYS.jpg,runway_diagrams/cleaned/KTYS.jpg,ok,,"0,0,575,700"
KTZR,Bolton Field,Columbus,OH,USA,https://acukwik.com/Airport-Info/KTZR,https://acukwik.com/extimages/Listing-Images/KTZR.jpg,runway_diagrams/raw/KTZR.jpg,runway_diagrams/cleaned/KTZR.jpg,ok,,"0,0,414,360"
KUAO,Aurora State,Aurora,OR,USA,https://acukwik.com/Airport-Info/KUAO,https://acukwik.com/extimages/Listing-Images/KUAO.jpg,runway_diagrams/raw/KUAO.jpg,runway_diagrams/cleaned/KUAO.jpg,ok,,"0,0,575,575"
KUES,Waukesha County,Waukesha,WI,USA,https://acukwik.com/Airport-Info/KUES,https://acukwik.com/extimages/Listing-Images/KUES.jpg,runway_diagrams/raw/KUES.jpg,runway_diagrams/cleaned/KUES.jpg,ok,,"0,0,575,450"
KUGN,Chicago/Waukegan Regional,Chicago,IL,USA,https://acukwik.com/Airport-Info/KUGN,https://acukwik.com/extimages/Listing-Images/KUGN.jpg,runway_diagrams/raw/KUGN.jpg,runway_diagrams/cleaned/KUGN.jpg,ok,,"0,0,575,475"
KUMP,Indianapolis Metropolitan,Indianapolis,IN,USA,https://acukwik.com/Airport-Info/KUMP,https://acukwik.com/extimages/Listing-Images/KUMP.jpg,runway_diagrams/raw/KUMP.jpg,runway_diagrams/cleaned/KUMP.jpg,ok,,"0,0,414,378"
KUTA,Tunica,Tunica,MS,USA,https://acukwik.com/Airport-Info/KUTA,https://acukwik.com/extimages/Listing-Images/KUTA.jpg,runway_diagrams/raw/KUTA.jpg,runway_diagrams/cleaned/KUTA.jpg,ok,,"0,0,414,396"
KUUU,Newport State,Newport,RI,USA,https://acukwik.com/Airport-Info/KUUU,https://acukwik.com/extimages/Listing-Images/KUUU.jpg,runway_diagrams/raw/KUUU.jpg,runway_diagrams/cleaned/KUUU.jpg,ok,,"0,0,414,378"
KUZA,Rock Hill/York County/Bryant Field,Rock Hill,SC,USA,https://acukwik.com/Airport-Info/KUZA,https://acukwik.com/extimages/Listing-Images/KUZA.jpg,runway_diagrams/raw/KUZA.jpg,runway_diagrams/cleaned/KUZA.jpg,ok,,"0,0,414,396"
KVCV,Southern California Logistics,Victorville,CA,USA,https://acukwik.com/Airport-Info/KVCV,https://acukwik.com/extimages/Listing-Images/KVCV.jpg,runway_diagrams/raw/KVCV.jpg,runway_diagrams/cleaned/KVCV.jpg,ok,,"0,0,575,500"
KVDF,Tampa Executive,Tampa,FL,USA,https://acukwik.com/Airport-Info/KVDF,https://acukwik.com/extimages/Listing-Images/KVDF.jpg,runway_diagrams/raw/KVDF.jpg,runway_diagrams/cleaned/KVDF.jpg,ok,,"0,0,414,450"
KVGT,North Las Vegas,Las Vegas,NV,USA,https://acukwik.com/Airport-Info/KVGT,https://acukwik.com/extimages/Listing-Images/KVGT.jpg,runway_diagrams/raw/KVGT.jpg,runway_diagrams/cleaned/KVGT.jpg,ok,,"0,0,575,525"
KVNC,Venice Municipal,Venice,FL,USA,https://acukwik.com/Airport-Info/KVNC,https://acukwik.com/extimages/Listing-Images/KVNC.jpg,runway_diagrams/raw/KVNC.jpg,runway_diagrams/cleaned/KVNC.jpg,ok,,"0,0,575,525"
KVNY,Van Nuys,Van Nuys,CA,USA,https://acukwik.com/Airport-Info/KVNY,https://acukwik.com/extimages/Listing-Images/KVNY.jpg,runway_diagrams/raw/KVNY.jpg,runway_diagrams/cleaned/KVNY.jpg,ok,,"0,0,575,775"
KVPZ,Porter County Regional,Valparaiso,IN,USA,https://acukwik.com/Airport-Info/KVPZ,https://acukwik.com/extimages/Listing-Images/KVPZ.jpg,runway_diagrams/raw/KVPZ.jpg,runway_diagrams/cleaned/KVPZ.jpg,ok,,"0,0,575,450"
KVQQ,Cecil Field,Jacksonville,FL,USA,https://acukwik.com/Airport-Info/KVQQ,https://acukwik.com/extimages/Listing-Images/KVQQ.jpg,runway_diagrams/raw/KVQQ.jpg,runway_diagrams/cleaned/KVQQ.jpg,ok,,"0,0,414,504"
KVRB,Vero Beach Regional,Vero Beach,FL,USA,https://acukwik.com/Airport-Info/KVRB,https://acukwik.com/extimages/Listing-Images/KVRB.jpg,runway_diagrams/raw/KVRB.jpg,runway_diagrams/cleaned/KVRB.jpg,ok,,"0,0,1000,1130"
KWST,Westerly State,Westerly,RI,USA,https://acukwik.com/Airport-Info/KWST,https://acukwik.com/extimages/Listing-Images/KWST.jpg,runway_diagrams/raw/KWST.jpg,runway_diagrams/cleaned/KWST.jpg,ok,,"0,0,414,342"
KWWD,Wildwood/Cape May County,Wildwood,NJ,USA,https://acukwik.com/Airport-Info/KWWD,https://acukwik.com/extimages/Listing-Images/KWWD.jpg,runway_diagrams/raw/KWWD.jpg,runway_diagrams/cleaned/KWWD.jpg,ok,,"0,0,575,625"
KXLL,Allentown Queen City Municipal,Allentown,PA,USA,https://acukwik.com/Airport-Info/KXLL,https://acukwik.com/extimages/Listing-Images/KXLL.jpg,runway_diagrams/raw/KXLL.jpg,runway_diagrams/cleaned/KXLL.jpg,ok,,"0,0,575,550"
KXNA,Northwest Arkansas Ntl,Fayetteville/Springdale,AR,USA,https://acukwik.com/Airport-Info/KXNA,https://acukwik.com/extimages/Listing-Images/KXNA.jpg,runway_diagrams/raw/KXNA.jpg,runway_diagrams/cleaned/KXNA.jpg,ok,,"0,0,575,575"
KXWA,Williston Basin International,Williston,ND,USA,https://acukwik.com/Airport-Info/KXWA,https://acukwik.com/extimages/Listing-Images/KXWA.jpg,runway_diagrams/raw/KXWA.jpg,runway_diagrams/cleaned/KXWA.jpg,ok,,"0,0,575,650"
KYIP,Willow Run,Detroit,MI,USA,https://acukwik.com/Airport-Info/KYIP,https://acukwik.com/extimages/Listing-Images/KYIP.jpg,runway_diagrams/raw/KYIP.jpg,runway_diagrams/cleaned/KYIP.jpg,ok,,"0,0,575,600"
KYNG,Youngstown/Warren Regional,Youngstown,OH,USA,https://acukwik.com/Airport-Info/KYNG,https://acukwik.com/extimages/Listing-Images/KYNG.jpg,runway_diagrams/raw/KYNG.jpg,runway_diagrams/cleaned/KYNG.jpg,ok,,"0,0,414,468"
LATI,Tirana/Mother Teresa/Nënë Tereza,Tirana,TR,ALBANIA,https://acukwik.com/Airport-Info/LATI,https://acukwik.com/extimages/Listing-Images/LATI.jpg,runway_diagrams/raw/LATI.jpg,runway_diagrams/cleaned/LATI.jpg,ok,,"0,0,414,432"
LBSF,Sofia International,Sofia,,BULGARIA,https://acukwik.com/Airport-Info/LBSF,https://acukwik.com/extimages/Listing-Images/LBSF.jpg,runway_diagrams/raw/LBSF.jpg,runway_diagrams/cleaned/LBSF.jpg,ok,,"0,0,414,306"
LCLK,Larnaka International,Larnaca,,CYPRUS,https://acukwik.com/Airport-Info/LCLK,https://acukwik.com/extimages/Listing-Images/LCLK.jpg,runway_diagrams/raw/LCLK.jpg,runway_diagrams/cleaned/LCLK.jpg,ok,,"0,0,1000,891"
LCPH,Paphos International (Pafos),Paphos,,CYPRUS,https://acukwik.com/Airport-Info/LCPH,https://acukwik.com/extimages/Listing-Images/LCPH.jpg,runway_diagrams/raw/LCPH.jpg,runway_diagrams/cleaned/LCPH.jpg,ok,,"0,0,1000,739"
LDDU,Dubrovnik Cilipi/Ruder Boskovic,Dubrovnik,,CROATIA,https://acukwik.com/Airport-Info/LDDU,https://acukwik.com/extimages/Listing-Images/LDDU.jpg,runway_diagrams/raw/LDDU.jpg,runway_diagrams/cleaned/LDDU.jpg,ok,,"0,0,414,306"
LDSP,Split (Saint Jerome),Split,,CROATIA,https://acukwik.com/Airport-Info/LDSP,https://acukwik.com/extimages/Listing-Images/LDSP.jpg,runway_diagrams/raw/LDSP.jpg,runway_diagrams/cleaned/LDSP.jpg,ok,,"0,0,414,324"
LEBL,Josep Tarradellas Barcelona-El Prat,Barcelona,,SPAIN,https://acukwik.com/Airport-Info/LEBL,https://acukwik.com/extimages/Listing-Images/LEBL.jpg,runway_diagrams/raw/LEBL.jpg,runway_diagrams/cleaned/LEBL.jpg,ok,,"0,0,1000,870"
LEGE,Girona/Costa Brava,Girona,,SPAIN,https://acukwik.com/Airport-Info/LEGE,https://acukwik.com/extimages/Listing-Images/LEGE.jpg,runway_diagrams/raw/LEGE.jpg,runway_diagrams/cleaned/LEGE.jpg,ok,,"0,0,575,575"
LEGT,Madrid Getafe AB,Madrid,,SPAIN,https://acukwik.com/Airport-Info/LEGT,https://acukwik.com/extimages/Listing-Images/LEGT.jpg,runway_diagrams/raw/LEGT.jpg,runway_diagrams/cleaned/LEGT.jpg,ok,,"0,0,414,360"
LEIB,Ibiza,Ibiza,,SPAIN,https://acukwik.com/Airport-Info/LEIB,https://acukwik.com/extimages/Listing-Images/LEIB.jpg,runway_diagrams/raw/LEIB.jpg,runway_diagrams/cleaned/LEIB.jpg,ok,,"0,0,575,425"
LEMD,Madrid/Adolfo Suarez Madrid Barajas,Madrid,,SPAIN,https://acukwik.com/Airport-Info/LEMD,https://acukwik.com/extimages/Listing-Images/LEMD.jpg,runway_diagrams/raw/LEMD.jpg,runway_diagrams/cleaned/LEMD.jpg,ok,,"0,0,1000,1217"
LEMG,Malaga/Costa del Sol,Malaga,,SPAIN,https://acukwik.com/Airport-Info/LEMG,https://acukwik.com/extimages/Listing-Images/LEMG.jpg,runway_diagrams/raw/LEMG.jpg,runway_diagrams/cleaned/LEMG.jpg,ok,,"0,0,1000,913"
LEMH,Menorca/Minorca-Mahon,Menorca,,SPAIN,https://acukwik.com/Airport-Info/LEMH,https://acukwik.com/extimages/Listing-Images/LEMH.jpg,runway_diagrams/raw/LEMH.jpg,runway_diagrams/cleaned/LEMH.jpg,ok,,"0,0,414,387"
LEPA,Palma de Mallorca,Palma,,SPAIN,https://acukwik.com/Airport-Info/LEPA,https://acukwik.com/extimages/Listing-Images/LEPA.jpg,runway_diagrams/raw/LEPA.jpg,runway_diagrams/cleaned/LEPA.jpg,ok,,"0,0,1000,913"
LETO,Madrid/Torrejon,Madrid,,SPAIN,https://acukwik.com/Airport-Info/LETO,https://acukwik.com/extimages/Listing-Images/LETO.jpg,runway_diagrams/raw/LETO.jpg,runway_diagrams/cleaned/LETO.jpg,ok,,"0,0,414,432"
LEVC,Valencia Manises,Valencia,,SPAIN,https://acukwik.com/Airport-Info/LEVC,https://acukwik.com/extimages/Listing-Images/LEVC.jpg,runway_diagrams/raw/LEVC.jpg,runway_diagrams/cleaned/LEVC.jpg,ok,,"0,0,575,425"
LFBD,Bordeaux Merignac International,Bordeaux,,FRANCE,https://acukwik.com/Airport-Info/LFBD,https://acukwik.com/extimages/Listing-Images/LFBD.jpg,runway_diagrams/raw/LFBD.jpg,runway_diagrams/cleaned/LFBD.jpg,ok,,"0,0,1000,1000"
LFBO,Toulouse Blagnac,Toulouse,,FRANCE,https://acukwik.com/Airport-Info/LFBO,https://acukwik.com/extimages/Listing-Images/LFBO.jpg,runway_diagrams/raw/LFBO.jpg,runway_diagrams/cleaned/LFBO.jpg,ok,,"0,0,414,468"
LFKF,Figari Sud Corse,Figari,,FRANCE,https://acukwik.com/Airport-Info/LFKF,https://acukwik.com/extimages/Listing-Images/LFKF.jpg,runway_diagrams/raw/LFKF.jpg,runway_diagrams/cleaned/LFKF.jpg,ok,,"0,0,1000,739"
LFLB,Chambery Savoie Mont Blanc (Aix Les Bains),Chambery,,FRANCE,https://acukwik.com/Airport-Info/LFLB,https://acukwik.com/extimages/Listing-Images/LFLB.jpg,runway_diagrams/raw/LFLB.jpg,runway_diagrams/cleaned/LFLB.jpg,ok,,"0,0,575,600"
LFLL,Lyon Saint Exupery,Lyon,,FRANCE,https://acukwik.com/Airport-Info/LFLL,https://acukwik.com/extimages/Listing-Images/LFLL.jpg,runway_diagrams/raw/LFLL.jpg,runway_diagrams/cleaned/LFLL.jpg,ok,,"0,0,1000,1196"
LFLY,Lyon Bron,Lyon,,FRANCE,https://acukwik.com/Airport-Info/LFLY,https://acukwik.com/extimages/Listing-Images/LFLY.jpg,runway_diagrams/raw/LFLY.jpg,runway_diagrams/cleaned/LFLY.jpg,ok,,"0,0,414,360"
LFMD,Cannes-Mandelieu,Cannes,,FRANCE,https://acukwik.com/Airport-Info/LFMD,https://acukwik.com/extimages/Listing-Images/LFMD.jpg,runway_diagrams/raw/LFMD.jpg,runway_diagrams/cleaned/LFMD.jpg,ok,,"0,0,414,432"
LFML,Marseille Provence,Marseille,,FRANCE,https://acukwik.com/Airport-Info/LFML,https://acukwik.com/extimages/Listing-Images/LFML.jpg,runway_diagrams/raw/LFML.jpg,runway_diagrams/cleaned/LFML.jpg,ok,,"0,0,575,550"
LFMN,Nice Cote d'Azur International,Nice,,FRANCE,https://acukwik.com/Airport-Info/LFMN,https://acukwik.com/extimages/Listing-Images/LFMN.jpg,runway_diagrams/raw/LFMN.jpg,runway_diagrams/cleaned/LFMN.jpg,ok,,"0,0,575,575"
LFMP,Perpignan Rivesaltes,Perpignan,,FRANCE,https://acukwik.com/Airport-Info/LFMP,https://acukwik.com/extimages/Listing-Images/LFMP.jpg,runway_diagrams/raw/LFMP.jpg,runway_diagrams/cleaned/LFMP.jpg,ok,,"0,0,1000,913"
LFMQ,Le Castellet International,Le Castellet,,FRANCE,https://acukwik.com/Airport-Info/LFMQ,https://acukwik.com/extimages/Listing-Images/LFMQ.jpg,runway_diagrams/raw/LFMQ.jpg,runway_diagrams/cleaned/LFMQ.jpg,ok,,"0,0,575,425"
LFMT,Montpellier Mediterranee,Montpellier,,FRANCE,https://acukwik.com/Airport-Info/LFMT,https://acukwik.com/extimages/Listing-Images/LFMT.jpg,runway_diagrams/raw/LFMT.jpg,runway_diagrams/cleaned/LFMT.jpg,ok,,"0,0,414,378"
LFMV,Avignon-Provence,Avignon,,FRANCE,https://acukwik.com/Airport-Info/LFMV,https://acukwik.com/extimages/Listing-Images/LFMV.jpg,runway_diagrams/raw/LFMV.jpg,runway_diagrams/cleaned/LFMV.jpg,ok,,"0,0,575,525"
LFOP,Rouen Vallee de Seine,Rouen,,FRANCE,https://acukwik.com/Airport-Info/LFOP,https://acukwik.com/extimages/Listing-Images/LFOP.jpg,runway_diagrams/raw/LFOP.jpg,runway_diagrams/cleaned/LFOP.jpg,ok,,"0,0,414,342"
LFPB,Paris Le Bourget,Paris,,FRANCE,https://acukwik.com/Airport-Info/LFPB,https://acukwik.com/extimages/Listing-Images/LFPB.jpg,runway_diagrams/raw/LFPB.jpg,runway_diagrams/cleaned/LFPB.jpg,ok,,"0,0,1000,1391"
LFPG,Paris Charles de Gaulle,Paris,,FRANCE,https://acukwik.com/Airport-Info/LFPG,https://acukwik.com/extimages/Listing-Images/LFPG.jpg,runway_diagrams/raw/LFPG.jpg,runway_diagrams/cleaned/LFPG.jpg,ok,,"0,0,1000,1696"
LFPO,Paris Orly,Paris,,FRANCE,https://acukwik.com/Airport-Info/LFPO,https://acukwik.com/extimages/Listing-Images/LFPO.jpg,runway_diagrams/raw/LFPO.jpg,runway_diagrams/cleaned/LFPO.jpg,ok,,"0,0,1000,783"
LFQQ,Lille Lesquin,Lille,,FRANCE,https://acukwik.com/Airport-Info/LFQQ,https://acukwik.com/extimages/Listing-Images/LFQQ.jpg,runway_diagrams/raw/LFQQ.jpg,runway_diagrams/cleaned/LFQQ.jpg,ok,,"0,0,1000,804"
LFRS,Nantes Atlantique,Nantes,,FRANCE,https://acukwik.com/Airport-Info/LFRS,https://acukwik.com/extimages/Listing-Images/LFRS.jpg,runway_diagrams/raw/LFRS.jpg,runway_diagrams/cleaned/LFRS.jpg,ok,,"0,0,575,600"
LFSB,EuroAirport Basel Mulhouse Freiburg (BSL/MLH),Basle Mulhouse,,FRANCE,https://acukwik.com/Airport-Info/LFSB,https://acukwik.com/extimages/Listing-Images/LFSB.jpg,runway_diagrams/raw/LFSB.jpg,runway_diagrams/cleaned/LFSB.jpg,ok,,"0,0,575,675"
LFST,Strasbourg Entzheim,Strasbourg,,FRANCE,https://acukwik.com/Airport-Info/LFST,https://acukwik.com/extimages/Listing-Images/LFST.jpg,runway_diagrams/raw/LFST.jpg,runway_diagrams/cleaned/LFST.jpg,ok,,"0,0,1000,739"
LFTH,Toulon-Le Palyvestre/Hyeres International,Toulon-Hyeres,,FRANCE,https://acukwik.com/Airport-Info/LFTH,https://acukwik.com/extimages/Listing-Images/LFTH.jpg,runway_diagrams/raw/LFTH.jpg,runway_diagrams/cleaned/LFTH.jpg,ok,,"0,0,414,360"
LGAV,Athens Intl Eleftherios Venizelos,Athens,,GREECE,https://acukwik.com/Airport-Info/LGAV,https://acukwik.com/extimages/Listing-Images/LGAV.jpg,runway_diagrams/raw/LGAV.jpg,runway_diagrams/cleaned/LGAV.jpg,ok,,"0,0,1000,870"
LGIR,Heraklion/Iraklion Nikos Kazantzakis,Heraklion,,GREECE,https://acukwik.com/Airport-Info/LGIR,https://acukwik.com/extimages/Listing-Images/LGIR.jpg,runway_diagrams/raw/LGIR.jpg,runway_diagrams/cleaned/LGIR.jpg,ok,,"0,0,1000,739"
LGKF,Kefallinia/Anna Pollatou,Kefalonia Island,,GREECE,https://acukwik.com/Airport-Info/LGKF,https://acukwik.com/extimages/Listing-Images/LGKF.jpg,runway_diagrams/raw/LGKF.jpg,runway_diagrams/cleaned/LGKF.jpg,ok,,"0,0,575,463"
LGKL,Kalamata/Capt Vassilis Constantakopoulos,Kalamata,,GREECE,https://acukwik.com/Airport-Info/LGKL,https://acukwik.com/extimages/Listing-Images/LGKL.jpg,runway_diagrams/raw/LGKL.jpg,runway_diagrams/cleaned/LGKL.jpg,ok,,"0,0,414,459"
LGKR,Kerkira/Ioannis Kapodistrias Corfu,Kerkira,,GREECE,https://acukwik.com/Airport-Info/LGKR,https://acukwik.com/extimages/Listing-Images/LGKR.jpg,runway_diagrams/raw/LGKR.jpg,runway_diagrams/cleaned/LGKR.jpg,ok,,"0,0,1000,826"
LGMK,Mykonos (Mikonos),Mykonos,,GREECE,https://acukwik.com/Airport-Info/LGMK,https://acukwik.com/extimages/Listing-Images/LGMK.jpg,runway_diagrams/raw/LGMK.jpg,runway_diagrams/cleaned/LGMK.jpg,ok,,"0,0,575,600"
LGRP,Rodos/Diagoras International,Rhodes,,GREECE,https://acukwik.com/Airport-Info/LGRP,https://acukwik.com/extimages/Listing-Images/LGRP.jpg,runway_diagrams/raw/LGRP.jpg,runway_diagrams/cleaned/LGRP.jpg,ok,,"0,0,575,425"
LGTS,Thessaloniki/Makedonia Intl,Thessaloniki,,GREECE,https://acukwik.com/Airport-Info/LGTS,https://acukwik.com/extimages/Listing-Images/LGTS.jpg,runway_diagrams/raw/LGTS.jpg,runway_diagrams/cleaned/LGTS.jpg,ok,,"0,0,575,438"
LHBP,Budapest/Ferenc Liszt International,Budapest,,HUNGARY,https://acukwik.com/Airport-Info/LHBP,https://acukwik.com/extimages/Listing-Images/LHBP.jpg,runway_diagrams/raw/LHBP.jpg,runway_diagrams/cleaned/LHBP.jpg,ok,,"0,0,414,324"
LIAP,L'Aquila/Preturo Parchi (Giuliana Tamburro),L'Aquila,,ITALY,https://acukwik.com/Airport-Info/LIAP,https://acukwik.com/extimages/Listing-Images/LIAP.jpg,runway_diagrams/raw/LIAP.jpg,runway_diagrams/cleaned/LIAP.jpg,ok,,"0,0,414,468"
LIBD,Palese/Bari-Karol Wojtyla,Bari,,ITALY,https://acukwik.com/Airport-Info/LIBD,https://acukwik.com/extimages/Listing-Images/LIBD.jpg,runway_diagrams/raw/LIBD.jpg,runway_diagrams/cleaned/LIBD.jpg,ok,,"0,0,1000,739"
LIBF,Foggia Gino Lisa,Foggia,,ITALY,https://acukwik.com/Airport-Info/LIBF,https://acukwik.com/extimages/Listing-Images/LIBF.jpg,runway_diagrams/raw/LIBF.jpg,runway_diagrams/cleaned/LIBF.jpg,ok,,"0,0,1000,957"
LIBG,Taranto-Grottaglie,Taranto,,ITALY,https://acukwik.com/Airport-Info/LIBG,https://acukwik.com/extimages/Listing-Images/LIBG.jpg,runway_diagrams/raw/LIBG.jpg,runway_diagrams/cleaned/LIBG.jpg,ok,,"0,0,575,725"
LIBR,Brindisi/Casale,Brindisi,,ITALY,https://acukwik.com/Airport-Info/LIBR,https://acukwik.com/extimages/Listing-Images/LIBR.jpg,runway_diagrams/raw/LIBR.jpg,runway_diagrams/cleaned/LIBR.jpg,ok,,"0,0,1000,1217"
LICA,Lamezia Terme,Lamezia,,ITALY,https://acukwik.com/Airport-Info/LICA,https://acukwik.com/extimages/Listing-Images/LICA.jpg,runway_diagrams/raw/LICA.jpg,runway_diagrams/cleaned/LICA.jpg,ok,,"0,0,1000,739"
LICC,Catania Fontanarossa/Vincenzo Bellini,Catania,,ITALY,https://acukwik.com/Airport-Info/LICC,https://acukwik.com/extimages/Listing-Images/LICC.jpg,runway_diagrams/raw/LICC.jpg,runway_diagrams/cleaned/LICC.jpg,ok,,"0,0,1000,696"
LICJ,Palermo/Punta Raisi Falcone Borsellino,Palermo,,ITALY,https://acukwik.com/Airport-Info/LICJ,https://acukwik.com/extimages/Listing-Images/LICJ.jpg,runway_diagrams/raw/LICJ.jpg,runway_diagrams/cleaned/LICJ.jpg,ok,,"0,0,1000,957"
LIEA,Alghero/Fertilia,Alghero,,ITALY,https://acukwik.com/Airport-Info/LIEA,https://acukwik.com/extimages/Listing-Images/LIEA.jpg,runway_diagrams/raw/LIEA.jpg,runway_diagrams/cleaned/LIEA.jpg,ok,,"0,0,414,432"
LIEE,Cagliari/Elmas,Cagliari,,ITALY,https://acukwik.com/Airport-Info/LIEE,https://acukwik.com/extimages/Listing-Images/LIEE.jpg,runway_diagrams/raw/LIEE.jpg,runway_diagrams/cleaned/LIEE.jpg,ok,,"0,0,414,432"
LIEO,Olbia/Costa Smeralda,Olbia,,ITALY,https://acukwik.com/Airport-Info/LIEO,https://acukwik.com/extimages/Listing-Images/LIEO.jpg,runway_diagrams/raw/LIEO.jpg,runway_diagrams/cleaned/LIEO.jpg,ok,,"0,0,1000,826"
LIMC,Milan/Malpensa,Milan,,ITALY,https://acukwik.com/Airport-Info/LIMC,https://acukwik.com/extimages/Listing-Images/LIMC.jpg,runway_diagrams/raw/LIMC.jpg,runway_diagrams/cleaned/LIMC.jpg,ok,,"0,0,1000,1174"
LIME,Milan Bergamo (Orio Al Serio),Bergamo,,ITALY,https://acukwik.com/Airport-Info/LIME,https://acukwik.com/extimages/Listing-Images/LIME.jpg,runway_diagrams/raw/LIME.jpg,runway_diagrams/cleaned/LIME.jpg,ok,,"0,0,1000,739"
LIMF,Turin/Caselle Sandro Pertini (Torino),Turin,,ITALY,https://acukwik.com/Airport-Info/LIMF,https://acukwik.com/extimages/Listing-Images/LIMF.jpg,runway_diagrams/raw/LIMF.jpg,runway_diagrams/cleaned/LIMF.jpg,ok,,"0,0,575,700"
LIMG,Riviera Villanova d'Albenga Intl,Albenga,,ITALY,https://acukwik.com/Airport-Info/LIMG,https://acukwik.com/extimages/Listing-Images/LIMG.jpg,runway_diagrams/raw/LIMG.jpg,runway_diagrams/cleaned/LIMG.jpg,ok,,"0,0,414,306"
LIMJ,Genoa/Sestri (Cristoforo Colombo),Genoa,,ITALY,https://acukwik.com/Airport-Info/LIMJ,https://acukwik.com/extimages/Listing-Images/LIMJ.jpg,runway_diagrams/raw/LIMJ.jpg,runway_diagrams/cleaned/LIMJ.jpg,ok,,"0,0,1000,783"
LIML,Milan/Linate,Milan,,ITALY,https://acukwik.com/Airport-Info/LIML,https://acukwik.com/extimages/Listing-Images/LIML.jpg,runway_diagrams/raw/LIML.jpg,runway_diagrams/cleaned/LIML.jpg,ok,,"0,0,575,600"
LIPE,Bologna/Guglielmo Marconi,Bologna,,ITALY,https://acukwik.com/Airport-Info/LIPE,https://acukwik.com/extimages/Listing-Images/LIPE.jpg,runway_diagrams/raw/LIPE.jpg,runway_diagrams/cleaned/LIPE.jpg,ok,,"0,0,575,425"
LIPH,Treviso/S. Angelo (Antonio Canova),Treviso,,ITALY,https://acukwik.com/Airport-Info/LIPH,https://acukwik.com/extimages/Listing-Images/LIPH.jpg,runway_diagrams/raw/LIPH.jpg,runway_diagrams/cleaned/LIPH.jpg,ok,,"0,0,1000,739"
LIPO,Brescia/Montichiari,Brescia,,ITALY,https://acukwik.com/Airport-Info/LIPO,https://acukwik.com/extimages/Listing-Images/LIPO.jpg,runway_diagrams/raw/LIPO.jpg,runway_diagrams/cleaned/LIPO.jpg,ok,,"0,0,414,343"
LIPX,Verona/Villafranca Valerio Catullo,Verona,,ITALY,https://acukwik.com/Airport-Info/LIPX,https://acukwik.com/extimages/Listing-Images/LIPX.jpg,runway_diagrams/raw/LIPX.jpg,runway_diagrams/cleaned/LIPX.jpg,ok,,"0,0,1000,783"
LIPY,Ancona/Marche,Ancona,,ITALY,https://acukwik.com/Airport-Info/LIPY,https://acukwik.com/extimages/Listing-Images/LIPY.jpg,runway_diagrams/raw/LIPY.jpg,runway_diagrams/cleaned/LIPY.jpg,ok,,"0,0,575,525"
LIPZ,Venice/Tessera Marco Polo (Venezia),Venice,,ITALY,https://acukwik.com/Airport-Info/LIPZ,https://acukwik.com/extimages/Listing-Images/LIPZ.jpg,runway_diagrams/raw/LIPZ.jpg,runway_diagrams/cleaned/LIPZ.jpg,ok,,"0,0,575,500"
LIQS,Siena/Ampugnano,Siena,,ITALY,https://acukwik.com/Airport-Info/LIQS,https://acukwik.com/extimages/Listing-Images/LIQS.jpg,runway_diagrams/raw/LIQS.jpg,runway_diagrams/cleaned/LIQS.jpg,ok,,"0,0,575,525"
LIRA,Rome/Ciampino G B Pastine,Rome,,ITALY,https://acukwik.com/Airport-Info/LIRA,https://acukwik.com/extimages/Listing-Images/LIRA.jpg,runway_diagrams/raw/LIRA.jpg,runway_diagrams/cleaned/LIRA.jpg,ok,,"0,0,1000,1217"
LIRI,Salerno-Costa D'Amalfi,Salerno,,ITALY,https://acukwik.com/Airport-Info/LIRI,https://acukwik.com/extimages/Listing-Images/LIRI.jpg,runway_diagrams/raw/LIRI.jpg,runway_diagrams/cleaned/LIRI.jpg,ok,,"0,0,1000,913"
LIRN,Naples/Capodichino (Napoli),Naples,,ITALY,https://acukwik.com/Airport-Info/LIRN,https://acukwik.com/extimages/Listing-Images/LIRN.jpg,runway_diagrams/raw/LIRN.jpg,runway_diagrams/cleaned/LIRN.jpg,ok,,"0,0,1000,870"
LIRP,Pisa Galileo Galilei,Pisa,,ITALY,https://acukwik.com/Airport-Info/LIRP,https://acukwik.com/extimages/Listing-Images/LIRP.jpg,runway_diagrams/raw/LIRP.jpg,runway_diagrams/cleaned/LIRP.jpg,ok,,"0,0,1000,826"
LIRQ,Florence/Amerigo Vespucci Peretola (Firenze),Florence,,ITALY,https://acukwik.com/Airport-Info/LIRQ,https://acukwik.com/extimages/Listing-Images/LIRQ.jpg,runway_diagrams/raw/LIRQ.jpg,runway_diagrams/cleaned/LIRQ.jpg,ok,,"0,0,1000,1087"
LIRU,Rome/Urbe,Rome,,ITALY,https://acukwik.com/Airport-Info/LIRU,https://acukwik.com/extimages/Listing-Images/LIRU.jpg,runway_diagrams/raw/LIRU.jpg,runway_diagrams/cleaned/LIRU.jpg,ok,,"0,0,414,396"
LIRZ,Umbria-Perugia Intl San Francesco d'Assisi,Perugia,,ITALY,https://acukwik.com/Airport-Info/LIRZ,https://acukwik.com/extimages/Listing-Images/LIRZ.jpg,runway_diagrams/raw/LIRZ.jpg,runway_diagrams/cleaned/LIRZ.jpg,ok,,"0,0,575,650"
LKPR,Vaclav Havel Prague,Prague,,CZECHIA,https://acukwik.com/Airport-Info/LKPR,https://acukwik.com/extimages/Listing-Images/LKPR.jpg,runway_diagrams/raw/LKPR.jpg,runway_diagrams/cleaned/LKPR.jpg,ok,,"0,0,575,675"
LLBG,Tel Aviv/Ben Gurion International,Tel Aviv,,ISRAEL,https://acukwik.com/Airport-Info/LLBG,https://acukwik.com/extimages/Listing-Images/LLBG.jpg,runway_diagrams/raw/LLBG.jpg,runway_diagrams/cleaned/LLBG.jpg,ok,,"0,0,575,575"
LOWW,Vienna International/Wien-Schwechat,Vienna,,AUSTRIA,https://acukwik.com/Airport-Info/LOWW,https://acukwik.com/extimages/Listing-Images/LOWW.jpg,runway_diagrams/raw/LOWW.jpg,runway_diagrams/cleaned/LOWW.jpg,ok,,"0,0,1000,957"
LPBJ,Beja/Beja AB,Beja,,PORTUGAL,https://acukwik.com/Airport-Info/LPBJ,https://acukwik.com/extimages/Listing-Images/LPBJ.jpg,runway_diagrams/raw/LPBJ.jpg,runway_diagrams/cleaned/LPBJ.jpg,ok,,"0,0,575,600"
LPCS,Cascais Municipal,Lisbon,,PORTUGAL,https://acukwik.com/Airport-Info/LPCS,https://acukwik.com/extimages/Listing-Images/LPCS.jpg,runway_diagrams/raw/LPCS.jpg,runway_diagrams/cleaned/LPCS.jpg,ok,,"0,0,575,625"
LPFR,Faro/Algarve,Faro,,PORTUGAL,https://acukwik.com/Airport-Info/LPFR,https://acukwik.com/extimages/Listing-Images/LPFR.jpg,runway_diagrams/raw/LPFR.jpg,runway_diagrams/cleaned/LPFR.jpg,ok,,"0,0,575,425"
LPPR,Porto (Oporto) Francisco Sa Carneiro,Porto,,PORTUGAL,https://acukwik.com/Airport-Info/LPPR,https://acukwik.com/extimages/Listing-Images/LPPR.jpg,runway_diagrams/raw/LPPR.jpg,runway_diagrams/cleaned/LPPR.jpg,ok,,"0,0,575,525"
LPPT,Lisbon International/Humberto Delgado,Lisbon,,PORTUGAL,https://acukwik.com/Airport-Info/LPPT,https://acukwik.com/extimages/Listing-Images/LPPT.jpg,runway_diagrams/raw/LPPT.jpg,runway_diagrams/cleaned/LPPT.jpg,ok,,"0,0,575,650"
LQSA,Sarajevo International,Sarajevo,,BOSNIA & HERZEGOVINA,https://acukwik.com/Airport-Info/LQSA,https://acukwik.com/extimages/Listing-Images/LQSA.jpg,runway_diagrams/raw/LQSA.jpg,runway_diagrams/cleaned/LQSA.jpg,ok,,"0,0,414,306"
LRBS,Bucharest Baneasa Aurel Vlaicu,Bucharest,,ROMANIA,https://acukwik.com/Airport-Info/LRBS,https://acukwik.com/extimages/Listing-Images/LRBS.jpg,runway_diagrams/raw/LRBS.jpg,runway_diagrams/cleaned/LRBS.jpg,ok,,"0,0,414,306"
LROP,Bucharest Henri Coanda International,Bucharest,,ROMANIA,https://acukwik.com/Airport-Info/LROP,https://acukwik.com/extimages/Listing-Images/LROP.jpg,runway_diagrams/raw/LROP.jpg,runway_diagrams/cleaned/LROP.jpg,ok,,"0,0,575,450"
LSGG,Geneva International,Geneva,,SWITZERLAND,https://acukwik.com/Airport-Info/LSGG,https://acukwik.com/extimages/Listing-Images/LSGG.jpg,runway_diagrams/raw/LSGG.jpg,runway_diagrams/cleaned/LSGG.jpg,ok,,"0,0,575,550"
LSGS,Sion,Sion,,SWITZERLAND,https://acukwik.com/Airport-Info/LSGS,https://acukwik.com/extimages/Listing-Images/LSGS.jpg,runway_diagrams/raw/LSGS.jpg,runway_diagrams/cleaned/LSGS.jpg,ok,,"0,0,575,425"
LSMP,Payerne,Payerne,,SWITZERLAND,https://acukwik.com/Airport-Info/LSMP,https://acukwik.com/extimages/Listing-Images/LSMP.jpg,runway_diagrams/raw/LSMP.jpg,runway_diagrams/cleaned/LSMP.jpg,ok,,"0,0,575,500"
LSZA,Lugano,Lugano,,SWITZERLAND,https://acukwik.com/Airport-Info/LSZA,https://acukwik.com/extimages/Listing-Images/LSZA.jpg,runway_diagrams/raw/LSZA.jpg,runway_diagrams/cleaned/LSZA.jpg,ok,,"0,0,414,450"
LSZH,Zurich,Zurich,,SWITZERLAND,https://acukwik.com/Airport-Info/LSZH,https://acukwik.com/extimages/Listing-Images/LSZH.jpg,runway_diagrams/raw/LSZH.jpg,runway_diagrams/cleaned/LSZH.jpg,ok,,"0,0,575,650"
LSZR,St Gallen-Altenrhein,St Gallen,,SWITZERLAND,https://acukwik.com/Airport-Info/LSZR,https://acukwik.com/extimages/Listing-Images/LSZR.jpg,runway_diagrams/raw/LSZR.jpg,runway_diagrams/cleaned/LSZR.jpg,ok,,"0,0,414,306"
LTAI,Antalya International,Antalya,,TURKEY,https://acukwik.com/Airport-Info/LTAI,https://acukwik.com/extimages/Listing-Images/LTAI.jpg,runway_diagrams/raw/LTAI.jpg,runway_diagrams/cleaned/LTAI.jpg,ok,,"0,0,1000,1043"
LTBA,Istanbul Ataturk International,Istanbul,,TURKEY,https://acukwik.com/Airport-Info/LTBA,https://acukwik.com/extimages/Listing-Images/LTBA.jpg,runway_diagrams/raw/LTBA.jpg,runway_diagrams/cleaned/LTBA.jpg,ok,,"0,0,1000,1304"
LTFE,Mugla Milas Bodrum International,Milas,,TURKEY,https://acukwik.com/Airport-Info/LTFE,https://acukwik.com/extimages/Listing-Images/LTFE.jpg,runway_diagrams/raw/LTFE.jpg,runway_diagrams/cleaned/LTFE.jpg,ok,,"0,0,575,425"
LTFJ,Istanbul Sabiha Gokcen International,Istanbul,,TURKEY,https://acukwik.com/Airport-Info/LTFJ,https://acukwik.com/extimages/Listing-Images/LTFJ.jpg,runway_diagrams/raw/LTFJ.jpg,runway_diagrams/cleaned/LTFJ.jpg,ok,,"0,0,1000,1043"
LTFM,Istanbul (New),Istanbul,,TURKEY,https://acukwik.com/Airport-Info/LTFM,https://acukwik.com/extimages/Listing-Images/LTFM.jpg,runway_diagrams/raw/LTFM.jpg,runway_diagrams/cleaned/LTFM.jpg,ok,,"0,0,1000,1130"
LYBE,Belgrade/Beograd Nikola Tesla,Belgrade,,SERBIA,https://acukwik.com/Airport-Info/LYBE,https://acukwik.com/extimages/Listing-Images/LYBE.jpg,runway_diagrams/raw/LYBE.jpg,runway_diagrams/cleaned/LYBE.jpg,ok,,"0,0,575,500"
LYPG,Podgorica,Podgorica,,MONTENEGRO,https://acukwik.com/Airport-Info/LYPG,https://acukwik.com/extimages/Listing-Images/LYPG.jpg,runway_diagrams/raw/LYPG.jpg,runway_diagrams/cleaned/LYPG.jpg,ok,,"0,0,414,486"
LYTV,Tivat,Tivat,,MONTENEGRO,https://acukwik.com/Airport-Info/LYTV,https://acukwik.com/extimages/Listing-Images/LYTV.jpg,runway_diagrams/raw/LYTV.jpg,runway_diagrams/cleaned/LYTV.jpg,ok,,"0,0,575,425"
LZIB,Bratislava/M R Stefanika,Bratislava,,SLOVAKIA,https://acukwik.com/Airport-Info/LZIB,https://acukwik.com/extimages/Listing-Images/LZIB.jpg,runway_diagrams/raw/LZIB.jpg,runway_diagrams/cleaned/LZIB.jpg,ok,,"0,0,575,475"
MBPV,Howard Hamilton International,Providenciales,,TURKS & CAICOS ISLANDS,https://acukwik.com/Airport-Info/MBPV,https://acukwik.com/extimages/Listing-Images/MBPV.jpg,runway_diagrams/raw/MBPV.jpg,runway_diagrams/cleaned/MBPV.jpg,ok,,"0,0,1000,739"
MDJB,La Isabella Dr Joaquin Balaguer International,Santo Domingo,,DOMINICAN REPUBLIC,https://acukwik.com/Airport-Info/MDJB,https://acukwik.com/extimages/Listing-Images/MDJB.jpg,runway_diagrams/raw/MDJB.jpg,runway_diagrams/cleaned/MDJB.jpg,ok,,"0,0,575,425"
MDPC,Punta Cana International,Punta Cana,,DOMINICAN REPUBLIC,https://acukwik.com/Airport-Info/MDPC,https://acukwik.com/extimages/Listing-Images/MDPC.jpg,runway_diagrams/raw/MDPC.jpg,runway_diagrams/cleaned/MDPC.jpg,ok,,"0,0,1000,783"
MDSD,Santo Domingo/Las Americas International JFPG,Santo Domingo,,DOMINICAN REPUBLIC,https://acukwik.com/Airport-Info/MDSD,https://acukwik.com/extimages/Listing-Images/MDSD.jpg,runway_diagrams/raw/MDSD.jpg,runway_diagrams/cleaned/MDSD.jpg,ok,,"0,0,414,378"
MGGT,Guatemala City/La Aurora International,Guatemala City,,GUATEMALA,https://acukwik.com/Airport-Info/MGGT,https://acukwik.com/extimages/Listing-Images/MGGT.jpg,runway_diagrams/raw/MGGT.jpg,runway_diagrams/cleaned/MGGT.jpg,ok,,"0,0,1000,1000"
MHLM,Ramon Villeda Morales International (La Mesa),San Pedro Sula,,HONDURAS,https://acukwik.com/Airport-Info/MHLM,https://acukwik.com/extimages/Listing-Images/MHLM.jpg,runway_diagrams/raw/MHLM.jpg,runway_diagrams/cleaned/MHLM.jpg,ok,,"0,0,1000,913"
MKJP,Kingston Norman Manley International,Kingston,,JAMAICA,https://acukwik.com/Airport-Info/MKJP,https://acukwik.com/extimages/Listing-Images/MKJP.jpg,runway_diagrams/raw/MKJP.jpg,runway_diagrams/cleaned/MKJP.jpg,ok,,"0,0,1000,739"
MKJS,Montego Bay/Sangster International,Montego Bay,,JAMAICA,https://acukwik.com/Airport-Info/MKJS,https://acukwik.com/extimages/Listing-Images/MKJS.jpg,runway_diagrams/raw/MKJS.jpg,runway_diagrams/cleaned/MKJS.jpg,ok,,"0,0,575,425"
MMAA,Acapulco/Gen Juan Alvarez International,Acapulco,GRO,MEXICO,https://acukwik.com/Airport-Info/MMAA,https://acukwik.com/extimages/Listing-Images/MMAA.jpg,runway_diagrams/raw/MMAA.jpg,runway_diagrams/cleaned/MMAA.jpg,ok,,"0,0,1000,783"
MMAN,Del Norte International,Monterrey,NLE,MEXICO,https://acukwik.com/Airport-Info/MMAN,https://acukwik.com/extimages/Listing-Images/MMAN.jpg,runway_diagrams/raw/MMAN.jpg,runway_diagrams/cleaned/MMAN.jpg,ok,,"0,0,575,575"
MMCB,Cuernavaca/Gen Mariano Matamoros,Cuernavaca,MOR,MEXICO,https://acukwik.com/Airport-Info/MMCB,https://acukwik.com/extimages/Listing-Images/MMCB.jpg,runway_diagrams/raw/MMCB.jpg,runway_diagrams/cleaned/MMCB.jpg,ok,,"0,0,414,324"
MMCS,Ciudad Juarez/Abraham Gonzalez Intl,Ciudad Juarez,CHH,MEXICO,https://acukwik.com/Airport-Info/MMCS,https://acukwik.com/extimages/Listing-Images/MMCS.jpg,runway_diagrams/raw/MMCS.jpg,runway_diagrams/cleaned/MMCS.jpg,ok,,"0,0,1000,913"
MMCU,Chihuahua/Gen R Fierro Villalobos,Chihuahua,CHH,MEXICO,https://acukwik.com/Airport-Info/MMCU,https://acukwik.com/extimages/Listing-Images/MMCU.jpg,runway_diagrams/raw/MMCU.jpg,runway_diagrams/cleaned/MMCU.jpg,ok,,"0,0,414,504"
MMCZ,Cozumel International,Cozumel,ROO,MEXICO,https://acukwik.com/Airport-Info/MMCZ,https://acukwik.com/extimages/Listing-Images/MMCZ.jpg,runway_diagrams/raw/MMCZ.jpg,runway_diagrams/cleaned/MMCZ.jpg,ok,,"0,0,1000,1130"
MMGL,Guadalajara/Don Miguel Hidalgo y Costilla,Guadalajara,JAL,MEXICO,https://acukwik.com/Airport-Info/MMGL,https://acukwik.com/extimages/Listing-Images/MMGL.jpg,runway_diagrams/raw/MMGL.jpg,runway_diagrams/cleaned/MMGL.jpg,ok,,"0,0,414,306"
MMIO,Saltillo/Plan de Guadalupe Intl,Saltillo,COA,MEXICO,https://acukwik.com/Airport-Info/MMIO,https://acukwik.com/extimages/Listing-Images/MMIO.jpg,runway_diagrams/raw/MMIO.jpg,runway_diagrams/cleaned/MMIO.jpg,ok,,"0,0,414,414"
MMLT,Loreto,Loreto,BCS,MEXICO,https://acukwik.com/Airport-Info/MMLT,https://acukwik.com/extimages/Listing-Images/MMLT.jpg,runway_diagrams/raw/MMLT.jpg,runway_diagrams/cleaned/MMLT.jpg,ok,,"0,0,575,550"
MMMM,Morelia/Gen. Francisco J. Mujica,Morelia,MIC,MEXICO,https://acukwik.com/Airport-Info/MMMM,https://acukwik.com/extimages/Listing-Images/MMMM.jpg,runway_diagrams/raw/MMMM.jpg,runway_diagrams/cleaned/MMMM.jpg,ok,,"0,0,575,425"
MMMX,Mexico City/Lic Benito Juarez International,Mexico City,DF,MEXICO,https://acukwik.com/Airport-Info/MMMX,https://acukwik.com/extimages/Listing-Images/MMMX.jpg,runway_diagrams/raw/MMMX.jpg,runway_diagrams/cleaned/MMMX.jpg,ok,,"0,0,414,324"
MMMY,Monterrey/Gen Mariano Escobedo,Monterrey,NLE,MEXICO,https://acukwik.com/Airport-Info/MMMY,https://acukwik.com/extimages/Listing-Images/MMMY.jpg,runway_diagrams/raw/MMMY.jpg,runway_diagrams/cleaned/MMMY.jpg,ok,,"0,0,1000,870"
MMPB,Puebla/Hermanos Serdan Intl,Puebla,PUE,MEXICO,https://acukwik.com/Airport-Info/MMPB,https://acukwik.com/extimages/Listing-Images/MMPB.jpg,runway_diagrams/raw/MMPB.jpg,runway_diagrams/cleaned/MMPB.jpg,ok,,"0,0,414,468"
MMPR,Puerto Vallarta/Lic. Gustavo Diaz Ordaz,Puerto Vallarta,JAL,MEXICO,https://acukwik.com/Airport-Info/MMPR,https://acukwik.com/extimages/Listing-Images/MMPR.jpg,runway_diagrams/raw/MMPR.jpg,runway_diagrams/cleaned/MMPR.jpg,ok,,"0,0,575,350"
MMQT,Queretaro International,Santiago de Queretaro,QUE,MEXICO,https://acukwik.com/Airport-Info/MMQT,https://acukwik.com/extimages/Listing-Images/MMQT.jpg,runway_diagrams/raw/MMQT.jpg,runway_diagrams/cleaned/MMQT.jpg,ok,,"0,0,575,375"
MMSD,San Jose del Cabo/Los Cabos Intl,Los Cabos,BCS,MEXICO,https://acukwik.com/Airport-Info/MMSD,https://acukwik.com/extimages/Listing-Images/MMSD.jpg,runway_diagrams/raw/MMSD.jpg,runway_diagrams/cleaned/MMSD.jpg,ok,,"0,0,575,500"
MMSL,Cabo San Lucas International,Cabo San Lucas,BCS,MEXICO,https://acukwik.com/Airport-Info/MMSL,https://acukwik.com/extimages/Listing-Images/MMSL.jpg,runway_diagrams/raw/MMSL.jpg,runway_diagrams/cleaned/MMSL.jpg,ok,,"0,0,1000,739"
MMSM,Gen Felipe Angeles Intl/Santa Lucia AFB,Mexico City,MEX,MEXICO,https://acukwik.com/Airport-Info/MMSM,https://acukwik.com/extimages/Listing-Images/MMSM.jpg,runway_diagrams/raw/MMSM.jpg,runway_diagrams/cleaned/MMSM.jpg,ok,,"0,0,1000,870"
MMTC,Torreon/Francisco Sarabia International,Torreon,COA,MEXICO,https://acukwik.com/Airport-Info/MMTC,https://acukwik.com/extimages/Listing-Images/MMTC.jpg,runway_diagrams/raw/MMTC.jpg,runway_diagrams/cleaned/MMTC.jpg,ok,,"0,0,1000,957"
MMTO,Toluca International Adolfo López Mateos,Toluca,MEX,MEXICO,https://acukwik.com/Airport-Info/MMTO,https://acukwik.com/extimages/Listing-Images/MMTO.jpg,runway_diagrams/raw/MMTO.jpg,runway_diagrams/cleaned/MMTO.jpg,ok,,"0,0,1000,1043"
MMUN,Cancun International,Cancun,ROO,MEXICO,https://acukwik.com/Airport-Info/MMUN,https://acukwik.com/extimages/Listing-Images/MMUN.jpg,runway_diagrams/raw/MMUN.jpg,runway_diagrams/cleaned/MMUN.jpg,ok,,"0,0,575,600"
MMZH,Ixtapa-Zihuatanejo Intl,Zihuatanejo,GRO,MEXICO,https://acukwik.com/Airport-Info/MMZH,https://acukwik.com/extimages/Listing-Images/MMZH.jpg,runway_diagrams/raw/MMZH.jpg,runway_diagrams/cleaned/MMZH.jpg,ok,,"0,0,575,425"
MNMG,Managua/Augusto Cesar Sandino International,Managua,,NICARAGUA,https://acukwik.com/Airport-Info/MNMG,https://acukwik.com/extimages/Listing-Images/MNMG.jpg,runway_diagrams/raw/MNMG.jpg,runway_diagrams/cleaned/MNMG.jpg,ok,,"0,0,1000,739"
MPMG,Panama City/Marcos Gelabert Intl,Panama City,,PANAMA,https://acukwik.com/Airport-Info/MPMG,https://acukwik.com/extimages/Listing-Images/MPMG.jpg,runway_diagrams/raw/MPMG.jpg,runway_diagrams/cleaned/MPMG.jpg,ok,,"0,0,575,600"
MPPA,Balboa/Panama Pacifico International,Balboa,,PANAMA,https://acukwik.com/Airport-Info/MPPA,https://acukwik.com/extimages/Listing-Images/MPPA.jpg,runway_diagrams/raw/MPPA.jpg,runway_diagrams/cleaned/MPPA.jpg,ok,,"0,0,1000,1043"
MPTO,Panama/Tocumen International,Panama City,,PANAMA,https://acukwik.com/Airport-Info/MPTO,https://acukwik.com/extimages/Listing-Images/MPTO.jpg,runway_diagrams/raw/MPTO.jpg,runway_diagrams/cleaned/MPTO.jpg,ok,,"0,0,1000,1174"
MRLB,Liberia Guanacaste/Daniel Oduber Quiros Intl,Liberia,G,COSTA RICA,https://acukwik.com/Airport-Info/MRLB,https://acukwik.com/extimages/Listing-Images/MRLB.jpg,runway_diagrams/raw/MRLB.jpg,runway_diagrams/cleaned/MRLB.jpg,ok,,"0,0,575,425"
MROC,Juan Santamaria International,San Jose,A,COSTA RICA,https://acukwik.com/Airport-Info/MROC,https://acukwik.com/extimages/Listing-Images/MROC.jpg,runway_diagrams/raw/MROC.jpg,runway_diagrams/cleaned/MROC.jpg,ok,,"0,0,1000,739"
MSLP,San Salvador/San Oscar Arnulfo Romero Intl,San Salvador,,EL SALVADOR,https://acukwik.com/Airport-Info/MSLP,https://acukwik.com/extimages/Listing-Images/MSLP.jpg,runway_diagrams/raw/MSLP.jpg,runway_diagrams/cleaned/MSLP.jpg,ok,,"0,0,414,306"
MSSS,San Salvador/Ilopango International,San Salvador,,EL SALVADOR,https://acukwik.com/Airport-Info/MSSS,https://acukwik.com/extimages/Listing-Images/MSSS.jpg,runway_diagrams/raw/MSSS.jpg,runway_diagrams/cleaned/MSSS.jpg,ok,,"0,0,414,324"
MTPP,Port-au-Prince/Toussaint Louverture International,Port-au-Prince,,HAITI,https://acukwik.com/Airport-Info/MTPP,https://acukwik.com/extimages/Listing-Images/MTPP.jpg,runway_diagrams/raw/MTPP.jpg,runway_diagrams/cleaned/MTPP.jpg,ok,,"0,0,414,306"
MUHA,José Martí International,Havana,,CUBA,https://acukwik.com/Airport-Info/MUHA,https://acukwik.com/extimages/Listing-Images/MUHA.jpg,runway_diagrams/raw/MUHA.jpg,runway_diagrams/cleaned/MUHA.jpg,ok,,"0,0,414,360"
MWCR,Grand Cayman/Owen Roberts Intl,Grand Cayman,,CAYMAN ISLANDS,https://acukwik.com/Airport-Info/MWCR,https://acukwik.com/extimages/Listing-Images/MWCR.jpg,runway_diagrams/raw/MWCR.jpg,runway_diagrams/cleaned/MWCR.jpg,ok,,"0,0,575,425"
MYAT,Abaco Islands/Treasure Cay International,Abaco Islands,,BAHAMAS,https://acukwik.com/Airport-Info/MYAT,https://acukwik.com/extimages/Listing-Images/MYAT.jpg,runway_diagrams/raw/MYAT.jpg,runway_diagrams/cleaned/MYAT.jpg,ok,,"0,0,414,378"
MYBS,Bimini Islands/South Bimini,Bimini Islands,,BAHAMAS,https://acukwik.com/Airport-Info/MYBS,https://acukwik.com/extimages/Listing-Images/MYBS.jpg,runway_diagrams/raw/MYBS.jpg,runway_diagrams/cleaned/MYBS.jpg,ok,,"0,0,1000,696"
MYEF,Exuma Islands/Exuma International,Exuma Islands,,BAHAMAS,https://acukwik.com/Airport-Info/MYEF,https://acukwik.com/extimages/Listing-Images/MYEF.jpg,runway_diagrams/raw/MYEF.jpg,runway_diagrams/cleaned/MYEF.jpg,ok,,"0,0,414,306"
MYEM,Eleuthera Island/Governors Harbour Intl,Eleuthera Island,,BAHAMAS,https://acukwik.com/Airport-Info/MYEM,https://acukwik.com/extimages/Listing-Images/MYEM.jpg,runway_diagrams/raw/MYEM.jpg,runway_diagrams/cleaned/MYEM.jpg,ok,,"0,0,575,500"
MYER,Rock Sound International,Eleuthera Island,,BAHAMAS,https://acukwik.com/Airport-Info/MYER,https://acukwik.com/extimages/Listing-Images/MYER.jpg,runway_diagrams/raw/MYER.jpg,runway_diagrams/cleaned/MYER.jpg,ok,,"0,0,414,306"
MYNN,Lynden Pindling International,Nassau,,BAHAMAS,https://acukwik.com/Airport-Info/MYNN,https://acukwik.com/extimages/Listing-Images/MYNN.jpg,runway_diagrams/raw/MYNN.jpg,runway_diagrams/cleaned/MYNN.jpg,ok,,"0,0,1000,783"
MYSM,San Salvador Isl/Cockburn Town/San Salvador Intl,San Salvador Island,,BAHAMAS,https://acukwik.com/Airport-Info/MYSM,https://acukwik.com/extimages/Listing-Images/MYSM.jpg,runway_diagrams/raw/MYSM.jpg,runway_diagrams/cleaned/MYSM.jpg,ok,,"0,0,414,306"
MZBZ,Belize City/Philip S W Goldson International,Belize City,BZ,BELIZE,https://acukwik.com/Airport-Info/MZBZ,https://acukwik.com/extimages/Listing-Images/MZBZ.jpg,runway_diagrams/raw/MZBZ.jpg,runway_diagrams/cleaned/MZBZ.jpg,ok,,"0,0,1000,739"
NTAA,Tahiti/Faa'a,Papeete,,FRENCH POLYNESIA,https://acukwik.com/Airport-Info/NTAA,https://acukwik.com/extimages/Listing-Images/NTAA.jpg,runway_diagrams/raw/NTAA.jpg,runway_diagrams/cleaned/NTAA.jpg,ok,,"0,0,414,306"
NZAA,Auckland International,Auckland,AUK,NEW ZEALAND,https://acukwik.com/Airport-Info/NZAA,https://acukwik.com/extimages/Listing-Images/NZAA.jpg,runway_diagrams/raw/NZAA.jpg,runway_diagrams/cleaned/NZAA.jpg,ok,,"0,0,575,500"
NZAP,Taupo,Taupo,WKO,NEW ZEALAND,https://acukwik.com/Airport-Info/NZAP,https://acukwik.com/extimages/Listing-Images/NZAP.jpg,runway_diagrams/raw/NZAP.jpg,runway_diagrams/cleaned/NZAP.jpg,ok,,"0,0,575,500"
NZCH,Christchurch International,Christchurch,CAN,NEW ZEALAND,https://acukwik.com/Airport-Info/NZCH,https://acukwik.com/extimages/Listing-Images/NZCH.jpg,runway_diagrams/raw/NZCH.jpg,runway_diagrams/cleaned/NZCH.jpg,ok,,"0,0,575,475"
NZNV,Invercargill,Invercargill,STL,NEW ZEALAND,https://acukwik.com/Airport-Info/NZNV,https://acukwik.com/extimages/Listing-Images/NZNV.jpg,runway_diagrams/raw/NZNV.jpg,runway_diagrams/cleaned/NZNV.jpg,ok,,"0,0,1000,739"
NZQN,Queenstown,Queenstown,OTA,NEW ZEALAND,https://acukwik.com/Airport-Info/NZQN,https://acukwik.com/extimages/Listing-Images/NZQN.jpg,runway_diagrams/raw/NZQN.jpg,runway_diagrams/cleaned/NZQN.jpg,ok,,"0,0,1000,870"
NZWN,Wellington International,Wellington,WGN,NEW ZEALAND,https://acukwik.com/Airport-Info/NZWN,https://acukwik.com/extimages/Listing-Images/NZWN.jpg,runway_diagrams/raw/NZWN.jpg,runway_diagrams/cleaned/NZWN.jpg,ok,,"0,0,414,441"
OAKB,Kabul Intl,Kabul,KAB,AFGHANISTAN,https://acukwik.com/Airport-Info/OAKB,https://acukwik.com/extimages/Listing-Images/OAKB.jpg,runway_diagrams/raw/OAKB.jpg,runway_diagrams/cleaned/OAKB.jpg,ok,,"0,0,575,450"
OBBI,Bahrain International,Manama,,BAHRAIN,https://acukwik.com/Airport-Info/OBBI,https://acukwik.com/extimages/Listing-Images/OBBI.jpg,runway_diagrams/raw/OBBI.jpg,runway_diagrams/cleaned/OBBI.jpg,ok,,"0,0,414,342"
OEAO,AlUla Intl (Prince Abdul Majeed bin Abdulaziz),Al Ula,,SAUDI ARABIA,https://acukwik.com/Airport-Info/OEAO,https://acukwik.com/extimages/Listing-Images/OEAO.jpg,runway_diagrams/raw/OEAO.jpg,runway_diagrams/cleaned/OEAO.jpg,ok,,"0,0,1000,783"
OEDF,Dammam/King Fahd International,Dammam,,SAUDI ARABIA,https://acukwik.com/Airport-Info/OEDF,https://acukwik.com/extimages/Listing-Images/OEDF.jpg,runway_diagrams/raw/OEDF.jpg,runway_diagrams/cleaned/OEDF.jpg,ok,,"0,0,1000,957"
OEDR,Dharan/King Abdulaziz AB,Dhahran,,SAUDI ARABIA,https://acukwik.com/Airport-Info/OEDR,https://acukwik.com/extimages/Listing-Images/OEDR.jpg,runway_diagrams/raw/OEDR.jpg,runway_diagrams/cleaned/OEDR.jpg,ok,,"0,0,575,738"
OEJN,Jeddah/King Abdul Aziz Intl Airport,Jeddah,,SAUDI ARABIA,https://acukwik.com/Airport-Info/OEJN,https://acukwik.com/extimages/Listing-Images/OEJN.jpg,runway_diagrams/raw/OEJN.jpg,runway_diagrams/cleaned/OEJN.jpg,ok,,"0,0,1000,826"
OEMA,Madinah/Prince Mohammad Bin Abdulaziz Intl,Medina,,SAUDI ARABIA,https://acukwik.com/Airport-Info/OEMA,https://acukwik.com/extimages/Listing-Images/OEMA.jpg,runway_diagrams/raw/OEMA.jpg,runway_diagrams/cleaned/OEMA.jpg,ok,,"0,0,1000,1304"
OENN,Sharma/Neom Bay,Sharma,,SAUDI ARABIA,https://acukwik.com/Airport-Info/OENN,https://acukwik.com/extimages/Listing-Images/OENN.jpg,runway_diagrams/raw/OENN.jpg,runway_diagrams/cleaned/OENN.jpg,ok,,"0,0,1000,1000"
OERK,King Khaled Intl,Riyadh,,SAUDI ARABIA,https://acukwik.com/Airport-Info/OERK,https://acukwik.com/extimages/Listing-Images/OERK.jpg,runway_diagrams/raw/OERK.jpg,runway_diagrams/cleaned/OERK.jpg,ok,,"0,0,1000,826"
OIIE,Imam Khomaini International (Ahmadabad),Tehran,,IRAN,https://acukwik.com/Airport-Info/OIIE,https://acukwik.com/extimages/Listing-Images/OIIE.jpg,runway_diagrams/raw/OIIE.jpg,runway_diagrams/cleaned/OIIE.jpg,ok,,"0,0,1000,739"
OIII,Mehrabad International,Tehran,,IRAN,https://acukwik.com/Airport-Info/OIII,https://acukwik.com/extimages/Listing-Images/OIII.jpg,runway_diagrams/raw/OIII.jpg,runway_diagrams/cleaned/OIII.jpg,ok,,"0,0,575,450"
OIMM,Mashhad International (Shahid Hashemi Nejad),Mashhad,,IRAN,https://acukwik.com/Airport-Info/OIMM,https://acukwik.com/extimages/Listing-Images/OIMM.jpg,runway_diagrams/raw/OIMM.jpg,runway_diagrams/cleaned/OIMM.jpg,ok,,"0,0,575,650"
OISS,Shiraz Shahid Dastghaib Intl,Shiraz,,IRAN,https://acukwik.com/Airport-Info/OISS,https://acukwik.com/extimages/Listing-Images/OISS.jpg,runway_diagrams/raw/OISS.jpg,runway_diagrams/cleaned/OISS.jpg,ok,,"0,0,575,450"
OJAI,Queen Alia International,Amman,,JORDAN,https://acukwik.com/Airport-Info/OJAI,https://acukwik.com/extimages/Listing-Images/OJAI.jpg,runway_diagrams/raw/OJAI.jpg,runway_diagrams/cleaned/OJAI.jpg,ok,,"0,0,575,425"
OJAM,Amman (Marka International),Amman,,JORDAN,https://acukwik.com/Airport-Info/OJAM,https://acukwik.com/extimages/Listing-Images/OJAM.jpg,runway_diagrams/raw/OJAM.jpg,runway_diagrams/cleaned/OJAM.jpg,ok,,"0,0,414,306"
OLBA,Beirut Rafic Hariri International,Beirut,,LEBANON,https://acukwik.com/Airport-Info/OLBA,https://acukwik.com/extimages/Listing-Images/OLBA.jpg,runway_diagrams/raw/OLBA.jpg,runway_diagrams/cleaned/OLBA.jpg,ok,,"0,0,1000,1043"
OMAA,Abu Dhabi/Zayed International,Abu Dhabi,AZ,UNITED ARAB EMIRATES,https://acukwik.com/Airport-Info/OMAA,https://acukwik.com/extimages/Listing-Images/OMAA.jpg,runway_diagrams/raw/OMAA.jpg,runway_diagrams/cleaned/OMAA.jpg,ok,,"0,0,575,650"
OMAD,Abu Dhabi/Al Bateen Executive International,Abu Dhabi,AZ,UNITED ARAB EMIRATES,https://acukwik.com/Airport-Info/OMAD,https://acukwik.com/extimages/Listing-Images/OMAD.jpg,runway_diagrams/raw/OMAD.jpg,runway_diagrams/cleaned/OMAD.jpg,ok,,"0,0,1000,739"
OMAL,Al Ain International,Al Ain,AZ,UNITED ARAB EMIRATES,https://acukwik.com/Airport-Info/OMAL,https://acukwik.com/extimages/Listing-Images/OMAL.jpg,runway_diagrams/raw/OMAL.jpg,runway_diagrams/cleaned/OMAL.jpg,ok,,"0,0,414,468"
OMAM,Abu Dhabi/(Muqatra)Al Dhafra AB,Abu Dhabi,AZ,UNITED ARAB EMIRATES,https://acukwik.com/Airport-Info/OMAM,https://acukwik.com/extimages/Listing-Images/OMAM.jpg,runway_diagrams/raw/OMAM.jpg,runway_diagrams/cleaned/OMAM.jpg,ok,,"0,0,414,468"
OMDB,Dubai International,Dubai,DU,UNITED ARAB EMIRATES,https://acukwik.com/Airport-Info/OMDB,https://acukwik.com/extimages/Listing-Images/OMDB.jpg,runway_diagrams/raw/OMDB.jpg,runway_diagrams/cleaned/OMDB.jpg,ok,,"0,0,1000,1435"
OMDL,Delma Island (Dalma),Delma Island,AZ,UNITED ARAB EMIRATES,https://acukwik.com/Airport-Info/OMDL,https://acukwik.com/extimages/Listing-Images/OMDL.jpg,runway_diagrams/raw/OMDL.jpg,runway_diagrams/cleaned/OMDL.jpg,ok,,"0,0,575,700"
OMDM,Minhad AB,Dubai,DU,UNITED ARAB EMIRATES,https://acukwik.com/Airport-Info/OMDM,https://acukwik.com/extimages/Listing-Images/OMDM.jpg,runway_diagrams/raw/OMDM.jpg,runway_diagrams/cleaned/OMDM.jpg,ok,,"0,0,414,306"
OMDW,Dubai World Central - Al Maktoum International,Dubai,DU,UNITED ARAB EMIRATES,https://acukwik.com/Airport-Info/OMDW,https://acukwik.com/extimages/Listing-Images/OMDW.jpg,runway_diagrams/raw/OMDW.jpg,runway_diagrams/cleaned/OMDW.jpg,ok,,"0,0,1000,1565"
OMFJ,Fujairah International,Fujairah,FU,UNITED ARAB EMIRATES,https://acukwik.com/Airport-Info/OMFJ,https://acukwik.com/extimages/Listing-Images/OMFJ.jpg,runway_diagrams/raw/OMFJ.jpg,runway_diagrams/cleaned/OMFJ.jpg,ok,,"0,0,1000,739"
OMRK,Ras Al Khaimah International,Ras Al Khaimah,RK,UNITED ARAB EMIRATES,https://acukwik.com/Airport-Info/OMRK,https://acukwik.com/extimages/Listing-Images/OMRK.jpg,runway_diagrams/raw/OMRK.jpg,runway_diagrams/cleaned/OMRK.jpg,ok,,"0,0,414,468"
OMSJ,Sharjah International,Sharjah,SH,UNITED ARAB EMIRATES,https://acukwik.com/Airport-Info/OMSJ,https://acukwik.com/extimages/Listing-Images/OMSJ.jpg,runway_diagrams/raw/OMSJ.jpg,runway_diagrams/cleaned/OMSJ.jpg,ok,,"0,0,575,425"
OOMS,Muscat International,Muscat,,OMAN,https://acukwik.com/Airport-Info/OOMS,https://acukwik.com/extimages/Listing-Images/OOMS.jpg,runway_diagrams/raw/OOMS.jpg,runway_diagrams/cleaned/OOMS.jpg,ok,,"0,0,1000,957"
OOSA,Salalah,Salalah,,OMAN,https://acukwik.com/Airport-Info/OOSA,https://acukwik.com/extimages/Listing-Images/OOSA.jpg,runway_diagrams/raw/OOSA.jpg,runway_diagrams/cleaned/OOSA.jpg,ok,,"0,0,575,425"
OPIS,Islamabad International (Liaquat Ali Khan),Islamabad,,PAKISTAN,https://acukwik.com/Airport-Info/OPIS,https://acukwik.com/extimages/Listing-Images/OPIS.jpg,runway_diagrams/raw/OPIS.jpg,runway_diagrams/cleaned/OPIS.jpg,ok,,"0,0,1000,826"
OPKC,Jinnah International,Karachi,,PAKISTAN,https://acukwik.com/Airport-Info/OPKC,https://acukwik.com/extimages/Listing-Images/OPKC.jpg,runway_diagrams/raw/OPKC.jpg,runway_diagrams/cleaned/OPKC.jpg,ok,,"0,0,1000,826"
OPLA,Lahore Allama Iqbal International,Lahore,,PAKISTAN,https://acukwik.com/Airport-Info/OPLA,https://acukwik.com/extimages/Listing-Images/OPLA.jpg,runway_diagrams/raw/OPLA.jpg,runway_diagrams/cleaned/OPLA.jpg,ok,,"0,0,1000,913"
OPQT,Quetta/Samungli International,Quetta,,PAKISTAN,https://acukwik.com/Airport-Info/OPQT,https://acukwik.com/extimages/Listing-Images/OPQT.jpg,runway_diagrams/raw/OPQT.jpg,runway_diagrams/cleaned/OPQT.jpg,ok,,"0,0,414,333"
OPRK,Rahim Yar Khan/Sheikh Zayed International,Rahim Yar Khan,,PAKISTAN,https://acukwik.com/Airport-Info/OPRK,https://acukwik.com/extimages/Listing-Images/OPRK.jpg,runway_diagrams/raw/OPRK.jpg,runway_diagrams/cleaned/OPRK.jpg,ok,,"0,0,575,500"
OPRN,Nur Khan AB,Islamabad,,PAKISTAN,https://acukwik.com/Airport-Info/OPRN,https://acukwik.com/extimages/Listing-Images/OPRN.jpg,runway_diagrams/raw/OPRN.jpg,runway_diagrams/cleaned/OPRN.jpg,ok,,"0,0,1000,739"
ORBI,Baghdad International,Baghdad,,IRAQ,https://acukwik.com/Airport-Info/ORBI,https://acukwik.com/extimages/Listing-Images/ORBI.jpg,runway_diagrams/raw/ORBI.jpg,runway_diagrams/cleaned/ORBI.jpg,ok,,"0,0,575,725"
ORER,Erbil International,Erbil,,IRAQ,https://acukwik.com/Airport-Info/ORER,https://acukwik.com/extimages/Listing-Images/ORER.jpg,runway_diagrams/raw/ORER.jpg,runway_diagrams/cleaned/ORER.jpg,ok,,"0,0,1000,1087"
ORMM,Basrah International,Basrah,,IRAQ,https://acukwik.com/Airport-Info/ORMM,https://acukwik.com/extimages/Listing-Images/ORMM.jpg,runway_diagrams/raw/ORMM.jpg,runway_diagrams/cleaned/ORMM.jpg,ok,,"0,0,1000,1000"
OSDI,Damascus International,Damascus,,SYRIA,https://acukwik.com/Airport-Info/OSDI,https://acukwik.com/extimages/Listing-Images/OSDI.jpg,runway_diagrams/raw/OSDI.jpg,runway_diagrams/cleaned/OSDI.jpg,ok,,"0,0,1000,913"
OTBD,Doha International,Doha,,QATAR,https://acukwik.com/Airport-Info/OTBD,https://acukwik.com/extimages/Listing-Images/OTBD.jpg,runway_diagrams/raw/OTBD.jpg,runway_diagrams/cleaned/OTBD.jpg,ok,,"0,0,415,396"
OTHH,Doha/Hamad International,Doha,,QATAR,https://acukwik.com/Airport-Info/OTHH,https://acukwik.com/extimages/Listing-Images/OTHH.jpg,runway_diagrams/raw/OTHH.jpg,runway_diagrams/cleaned/OTHH.jpg,ok,,"0,0,575,650"
OYAA,Aden International,Aden,,YEMEN,https://acukwik.com/Airport-Info/OYAA,https://acukwik.com/extimages/Listing-Images/OYAA.jpg,runway_diagrams/raw/OYAA.jpg,runway_diagrams/cleaned/OYAA.jpg,ok,,"0,0,414,306"
OYSN,Sana'a International,Sanaa,,YEMEN,https://acukwik.com/Airport-Info/OYSN,https://acukwik.com/extimages/Listing-Images/OYSN.jpg,runway_diagrams/raw/OYSN.jpg,runway_diagrams/cleaned/OYSN.jpg,ok,,"0,0,575,600"
PAFA,Fairbanks International,Fairbanks,AK,USA,https://acukwik.com/Airport-Info/PAFA,https://acukwik.com/extimages/Listing-Images/PAFA.jpg,runway_diagrams/raw/PAFA.jpg,runway_diagrams/cleaned/PAFA.jpg,ok,,"0,0,575,800"
PAGS,Gustavus,Gustavus,AK,USA,https://acukwik.com/Airport-Info/PAGS,https://acukwik.com/extimages/Listing-Images/PAGS.jpg,runway_diagrams/raw/PAGS.jpg,runway_diagrams/cleaned/PAGS.jpg,ok,,"0,0,414,324"
PAJN,Juneau International,Juneau,AK,USA,https://acukwik.com/Airport-Info/PAJN,https://acukwik.com/extimages/Listing-Images/PAJN.jpg,runway_diagrams/raw/PAJN.jpg,runway_diagrams/cleaned/PAJN.jpg,ok,,"0,0,575,425"
PAKT,Ketchikan International,Ketchikan,AK,USA,https://acukwik.com/Airport-Info/PAKT,https://acukwik.com/extimages/Listing-Images/PAKT.jpg,runway_diagrams/raw/PAKT.jpg,runway_diagrams/cleaned/PAKT.jpg,ok,,"0,0,575,500"
PANC,Ted Stevens Anchorage International,Anchorage,AK,USA,https://acukwik.com/Airport-Info/PANC,https://acukwik.com/extimages/Listing-Images/PANC.jpg,runway_diagrams/raw/PANC.jpg,runway_diagrams/cleaned/PANC.jpg,ok,,"0,0,575,500"
PASI,Sitka Rocky Gutierrez,Sitka,AK,USA,https://acukwik.com/Airport-Info/PASI,https://acukwik.com/extimages/Listing-Images/PASI.jpg,runway_diagrams/raw/PASI.jpg,runway_diagrams/cleaned/PASI.jpg,ok,,"0,0,414,306"
PHJR,Kalaeloa (John Rodgers Field),Kapolei,HI,USA,https://acukwik.com/Airport-Info/PHJR,https://acukwik.com/extimages/Listing-Images/PHJR.jpg,runway_diagrams/raw/PHJR.jpg,runway_diagrams/cleaned/PHJR.jpg,ok,,"0,0,414,432"
PHKO,Kona International at Keahole,Kailua Kona,HI,USA,https://acukwik.com/Airport-Info/PHKO,https://acukwik.com/extimages/Listing-Images/PHKO.jpg,runway_diagrams/raw/PHKO.jpg,runway_diagrams/cleaned/PHKO.jpg,ok,,"0,0,575,525"
PHLI,Lihue,Lihue,HI,USA,https://acukwik.com/Airport-Info/PHLI,https://acukwik.com/extimages/Listing-Images/PHLI.jpg,runway_diagrams/raw/PHLI.jpg,runway_diagrams/cleaned/PHLI.jpg,ok,,"0,0,575,575"
PHNL,Honolulu International,Honolulu,HI,USA,https://acukwik.com/Airport-Info/PHNL,https://acukwik.com/extimages/Listing-Images/PHNL.jpg,runway_diagrams/raw/PHNL.jpg,runway_diagrams/cleaned/PHNL.jpg,ok,,"0,0,575,725"
PHNY,Lanai,Lanai City,HI,USA,https://acukwik.com/Airport-Info/PHNY,https://acukwik.com/extimages/Listing-Images/PHNY.jpg,runway_diagrams/raw/PHNY.jpg,runway_diagrams/cleaned/PHNY.jpg,ok,,"0,0,575,500"
PHOG,Kahului,Kahului,HI,USA,https://acukwik.com/Airport-Info/PHOG,https://acukwik.com/extimages/Listing-Images/PHOG.jpg,runway_diagrams/raw/PHOG.jpg,runway_diagrams/cleaned/PHOG.jpg,ok,,"0,0,575,650"
PHTO,Hilo International,Hilo,HI,USA,https://acukwik.com/Airport-Info/PHTO,https://acukwik.com/extimages/Listing-Images/PHTO.jpg,runway_diagrams/raw/PHTO.jpg,runway_diagrams/cleaned/PHTO.jpg,ok,,"0,0,575,500"
RJAA,Narita International Tokyo,Tokyo,,JAPAN,https://acukwik.com/Airport-Info/RJAA,https://acukwik.com/extimages/Listing-Images/RJAA.jpg,runway_diagrams/raw/RJAA.jpg,runway_diagrams/cleaned/RJAA.jpg,ok,,"0,0,575,675"
RJBB,Osaka/Kansai International,Osaka,,JAPAN,https://acukwik.com/Airport-Info/RJBB,https://acukwik.com/extimages/Listing-Images/RJBB.jpg,runway_diagrams/raw/RJBB.jpg,runway_diagrams/cleaned/RJBB.jpg,ok,,"0,0,575,550"
RJBE,Kobe,Kobe,,JAPAN,https://acukwik.com/Airport-Info/RJBE,https://acukwik.com/extimages/Listing-Images/RJBE.jpg,runway_diagrams/raw/RJBE.jpg,runway_diagrams/cleaned/RJBE.jpg,ok,,"0,0,575,325"
RJCC,New Chitose,Sapporo,,JAPAN,https://acukwik.com/Airport-Info/RJCC,https://acukwik.com/extimages/Listing-Images/RJCC.jpg,runway_diagrams/raw/RJCC.jpg,runway_diagrams/cleaned/RJCC.jpg,ok,,"0,0,414,558"
RJFF,Fukuoka,Fukuoka,,JAPAN,https://acukwik.com/Airport-Info/RJFF,https://acukwik.com/extimages/Listing-Images/RJFF.jpg,runway_diagrams/raw/RJFF.jpg,runway_diagrams/cleaned/RJFF.jpg,ok,,"0,0,575,750"
RJGG,Nagoya/Chubu Centrair International,Nagoya,,JAPAN,https://acukwik.com/Airport-Info/RJGG,https://acukwik.com/extimages/Listing-Images/RJGG.jpg,runway_diagrams/raw/RJGG.jpg,runway_diagrams/cleaned/RJGG.jpg,ok,,"0,0,414,504"
RJTT,Tokyo International Haneda,Tokyo,,JAPAN,https://acukwik.com/Airport-Info/RJTT,https://acukwik.com/extimages/Listing-Images/RJTT.jpg,runway_diagrams/raw/RJTT.jpg,runway_diagrams/cleaned/RJTT.jpg,ok,,"0,0,575,550"
RKPC,Jeju Island/Jeju International,Jeju Isl,,KOREA (SOUTH),https://acukwik.com/Airport-Info/RKPC,https://acukwik.com/extimages/Listing-Images/RKPC.jpg,runway_diagrams/raw/RKPC.jpg,runway_diagrams/cleaned/RKPC.jpg,ok,,"0,0,575,450"
RKPK,Busan/Gimhae International,Busan,,KOREA (SOUTH),https://acukwik.com/Airport-Info/RKPK,https://acukwik.com/extimages/Listing-Images/RKPK.jpg,runway_diagrams/raw/RKPK.jpg,runway_diagrams/cleaned/RKPK.jpg,ok,,"0,0,414,468"
RKSI,Incheon International,Seoul,,KOREA (SOUTH),https://acukwik.com/Airport-Info/RKSI,https://acukwik.com/extimages/Listing-Images/RKSI.jpg,runway_diagrams/raw/RKSI.jpg,runway_diagrams/cleaned/RKSI.jpg,ok,,"0,0,1000,1304"
RKSS,Seoul/Gimpo International,Seoul,,KOREA (SOUTH),https://acukwik.com/Airport-Info/RKSS,https://acukwik.com/extimages/Listing-Images/RKSS.jpg,runway_diagrams/raw/RKSS.jpg,runway_diagrams/cleaned/RKSS.jpg,ok,,"0,0,575,600"
RPLC,Clark Intl/Diosdado Macapagal International,Angeles/Pampanga,,PHILIPPINES,https://acukwik.com/Airport-Info/RPLC,https://acukwik.com/extimages/Listing-Images/RPLC.jpg,runway_diagrams/raw/RPLC.jpg,runway_diagrams/cleaned/RPLC.jpg,ok,,"0,0,1000,1042"
RPLL,Ninoy Aquino International,Manila,,PHILIPPINES,https://acukwik.com/Airport-Info/RPLL,https://acukwik.com/extimages/Listing-Images/RPLL.jpg,runway_diagrams/raw/RPLL.jpg,runway_diagrams/cleaned/RPLL.jpg,ok,,"0,0,1000,1087"
SACO,Cordoba/Ingeniero Ambrosio Taravella,Cordoba,X,ARGENTINA,https://acukwik.com/Airport-Info/SACO,https://acukwik.com/extimages/Listing-Images/SACO.jpg,runway_diagrams/raw/SACO.jpg,runway_diagrams/cleaned/SACO.jpg,ok,,"0,0,575,600"
SAEZ,Buenos Aires/Ezeiza - Ministro Pistarini Intl,Buenos Aires,B,ARGENTINA,https://acukwik.com/Airport-Info/SAEZ,https://acukwik.com/extimages/Listing-Images/SAEZ.jpg,runway_diagrams/raw/SAEZ.jpg,runway_diagrams/cleaned/SAEZ.jpg,ok,,"0,0,1000,1130"
SAWC,El Calafate International,El Calafate,Z,ARGENTINA,https://acukwik.com/Airport-Info/SAWC,https://acukwik.com/extimages/Listing-Images/SAWC.jpg,runway_diagrams/raw/SAWC.jpg,runway_diagrams/cleaned/SAWC.jpg,ok,,"0,0,1000,696"
SBBR,Pres Juscelino Kubitschek Intl,Brasilia,DF,BRAZIL,https://acukwik.com/Airport-Info/SBBR,https://acukwik.com/extimages/Listing-Images/SBBR.jpg,runway_diagrams/raw/SBBR.jpg,runway_diagrams/cleaned/SBBR.jpg,ok,,"0,0,575,450"
SBFZ,Fortaleza Internacional/Pinto Martins,Fortaleza,CE,BRAZIL,https://acukwik.com/Airport-Info/SBFZ,https://acukwik.com/extimages/Listing-Images/SBFZ.jpg,runway_diagrams/raw/SBFZ.jpg,runway_diagrams/cleaned/SBFZ.jpg,ok,,"0,0,575,425"
SBGL,Antonio Carlos Jobim/Galeao/Rio De Janeiro Intl,Rio De Janeiro,RJ,BRAZIL,https://acukwik.com/Airport-Info/SBGL,https://acukwik.com/extimages/Listing-Images/SBGL.jpg,runway_diagrams/raw/SBGL.jpg,runway_diagrams/cleaned/SBGL.jpg,ok,,"0,0,415,306"
SBGR,Sao Paulo/Gov A F Montoro/Guarulhos Intl,Sao Paulo,SP,BRAZIL,https://acukwik.com/Airport-Info/SBGR,https://acukwik.com/extimages/Listing-Images/SBGR.jpg,runway_diagrams/raw/SBGR.jpg,runway_diagrams/cleaned/SBGR.jpg,ok,,"0,0,575,500"
SBJH,Sao Paulo/Catarina International Executive,Sao Paulo,SP,BRAZIL,https://acukwik.com/Airport-Info/SBJH,https://acukwik.com/extimages/Listing-Images/SBJH.jpg,runway_diagrams/raw/SBJH.jpg,runway_diagrams/cleaned/SBJH.jpg,ok,,"0,0,575,425"
SBKP,Campinas/Viracopos Intl,Campinas,SP,BRAZIL,https://acukwik.com/Airport-Info/SBKP,https://acukwik.com/extimages/Listing-Images/SBKP.jpg,runway_diagrams/raw/SBKP.jpg,runway_diagrams/cleaned/SBKP.jpg,ok,,"0,0,414,396"
SBMT,Sao Paulo/Campo de Marte,Sao Paulo,SP,BRAZIL,https://acukwik.com/Airport-Info/SBMT,https://acukwik.com/extimages/Listing-Images/SBMT.jpg,runway_diagrams/raw/SBMT.jpg,runway_diagrams/cleaned/SBMT.jpg,ok,,"0,0,414,306"
SBRF,Recife/Guararapes-Gilberto Freyre Int,Recife,PE,BRAZIL,https://acukwik.com/Airport-Info/SBRF,https://acukwik.com/extimages/Listing-Images/SBRF.jpg,runway_diagrams/raw/SBRF.jpg,runway_diagrams/cleaned/SBRF.jpg,ok,,"0,0,575,575"
SBRJ,Rio de Janeiro/Santos Dumont,Rio De Janeiro,RJ,BRAZIL,https://acukwik.com/Airport-Info/SBRJ,https://acukwik.com/extimages/Listing-Images/SBRJ.jpg,runway_diagrams/raw/SBRJ.jpg,runway_diagrams/cleaned/SBRJ.jpg,ok,,"0,0,575,575"
SBSP,Sao Paulo/Congonhas Intl,Sao Paulo,SP,BRAZIL,https://acukwik.com/Airport-Info/SBSP,https://acukwik.com/extimages/Listing-Images/SBSP.jpg,runway_diagrams/raw/SBSP.jpg,runway_diagrams/cleaned/SBSP.jpg,ok,,"0,0,575,525"
SCCI,Punta Arenas/Pdte. Carlos Ibanez Del Campo,Punta Arenas,,CHILE,https://acukwik.com/Airport-Info/SCCI,https://acukwik.com/extimages/Listing-Images/SCCI.jpg,runway_diagrams/raw/SCCI.jpg,runway_diagrams/cleaned/SCCI.jpg,ok,,"0,0,1000,1043"
SCEL,Santiago Nuevo Pudahuel/Arturo Merino Benitez,Santiago,,CHILE,https://acukwik.com/Airport-Info/SCEL,https://acukwik.com/extimages/Listing-Images/SCEL.jpg,runway_diagrams/raw/SCEL.jpg,runway_diagrams/cleaned/SCEL.jpg,ok,,"0,0,1000,1000"
SDCO,Sorocaba/Bertram Luiz Leupolz,Sorocaba,SP,BRAZIL,https://acukwik.com/Airport-Info/SDCO,https://acukwik.com/extimages/Listing-Images/SDCO.jpg,runway_diagrams/raw/SDCO.jpg,runway_diagrams/cleaned/SDCO.jpg,ok,,"0,0,575,650"
SEGS,Puerto Ayora/Baltra/Seymour - Galapagos Ecological,Puerto Ayora,W,ECUADOR,https://acukwik.com/Airport-Info/SEGS,https://acukwik.com/extimages/Listing-Images/SEGS.jpg,runway_diagrams/raw/SEGS.jpg,runway_diagrams/cleaned/SEGS.jpg,ok,,"0,0,575,500"
SEGU,Guayaquil/Jose Joaquin de Olmedo Intl,Guayaquil,G,ECUADOR,https://acukwik.com/Airport-Info/SEGU,https://acukwik.com/extimages/Listing-Images/SEGU.jpg,runway_diagrams/raw/SEGU.jpg,runway_diagrams/cleaned/SEGU.jpg,ok,,"0,0,1000,1043"
SEQM,New Quito International Mariscal Sucre,Quito,P,ECUADOR,https://acukwik.com/Airport-Info/SEQM,https://acukwik.com/extimages/Listing-Images/SEQM.jpg,runway_diagrams/raw/SEQM.jpg,runway_diagrams/cleaned/SEQM.jpg,ok,,"0,0,575,725"
SGAS,Luque/Silvio Pettirossi International,Asuncion,,PARAGUAY,https://acukwik.com/Airport-Info/SGAS,https://acukwik.com/extimages/Listing-Images/SGAS.jpg,runway_diagrams/raw/SGAS.jpg,runway_diagrams/cleaned/SGAS.jpg,ok,,"0,0,1000,1000"
SKBO,Bogota/El Dorado International,Bogota,,COLOMBIA,https://acukwik.com/Airport-Info/SKBO,https://acukwik.com/extimages/Listing-Images/SKBO.jpg,runway_diagrams/raw/SKBO.jpg,runway_diagrams/cleaned/SKBO.jpg,ok,,"0,0,575,575"
SKBQ,Barranquilla/Ernesto Cortissoz International,Barranquilla,,COLOMBIA,https://acukwik.com/Airport-Info/SKBQ,https://acukwik.com/extimages/Listing-Images/SKBQ.jpg,runway_diagrams/raw/SKBQ.jpg,runway_diagrams/cleaned/SKBQ.jpg,ok,,"0,0,1000,870"
SKCG,Cartagena/Rafael Nunez International,Cartagena,,COLOMBIA,https://acukwik.com/Airport-Info/SKCG,https://acukwik.com/extimages/Listing-Images/SKCG.jpg,runway_diagrams/raw/SKCG.jpg,runway_diagrams/cleaned/SKCG.jpg,ok,,"0,0,1000,957"
SKCL,Cali/Alfonso Bonilla Aragon,Cali,,COLOMBIA,https://acukwik.com/Airport-Info/SKCL,https://acukwik.com/extimages/Listing-Images/SKCL.jpg,runway_diagrams/raw/SKCL.jpg,runway_diagrams/cleaned/SKCL.jpg,ok,,"0,0,575,550"
SKPE,Pereira/Matecana International,Pereira,,COLOMBIA,https://acukwik.com/Airport-Info/SKPE,https://acukwik.com/extimages/Listing-Images/SKPE.jpg,runway_diagrams/raw/SKPE.jpg,runway_diagrams/cleaned/SKPE.jpg,ok,,"0,0,575,425"
SKRG,Medellin - Rionegro/Jose Maria Cordova,Medellin,,COLOMBIA,https://acukwik.com/Airport-Info/SKRG,https://acukwik.com/extimages/Listing-Images/SKRG.jpg,runway_diagrams/raw/SKRG.jpg,runway_diagrams/cleaned/SKRG.jpg,ok,,"0,0,575,600"
SKSM,Santa Marta/Simon Bolivar,Santa Marta,,COLOMBIA,https://acukwik.com/Airport-Info/SKSM,https://acukwik.com/extimages/Listing-Images/SKSM.jpg,runway_diagrams/raw/SKSM.jpg,runway_diagrams/cleaned/SKSM.jpg,ok,,"0,0,575,575"
SLCB,Jorge Wilstermann Intl,Cochabamba,,BOLIVIA,https://acukwik.com/Airport-Info/SLCB,https://acukwik.com/extimages/Listing-Images/SLCB.jpg,runway_diagrams/raw/SLCB.jpg,runway_diagrams/cleaned/SLCB.jpg,ok,,"0,0,1000,1043"
SLVR,Viru Viru International,Santa Cruz,,BOLIVIA,https://acukwik.com/Airport-Info/SLVR,https://acukwik.com/extimages/Listing-Images/SLVR.jpg,runway_diagrams/raw/SLVR.jpg,runway_diagrams/cleaned/SLVR.jpg,ok,,"0,0,1000,826"
SOCA,Cayenne - Felix Eboue (Rochambeau),Cayenne,,FRENCH GUIANA,https://acukwik.com/Airport-Info/SOCA,https://acukwik.com/extimages/Listing-Images/SOCA.jpg,runway_diagrams/raw/SOCA.jpg,runway_diagrams/cleaned/SOCA.jpg,ok,,"0,0,575,425"
SPJC,Lima Callao/Jorge Chavez Intl,Lima,,PERU,https://acukwik.com/Airport-Info/SPJC,https://acukwik.com/extimages/Listing-Images/SPJC.jpg,runway_diagrams/raw/SPJC.jpg,runway_diagrams/cleaned/SPJC.jpg,ok,,"0,0,1000,957"
SPME,Tumbes/Capt FAP Pedro Canga Rodriguez,Tumbes,,PERU,https://acukwik.com/Airport-Info/SPME,https://acukwik.com/extimages/Listing-Images/SPME.jpg,runway_diagrams/raw/SPME.jpg,runway_diagrams/cleaned/SPME.jpg,ok,,"0,0,575,500"
SPSO,Pisco International,Pisco,,PERU,https://acukwik.com/Airport-Info/SPSO,https://acukwik.com/extimages/Listing-Images/SPSO.jpg,runway_diagrams/raw/SPSO.jpg,runway_diagrams/cleaned/SPSO.jpg,ok,,"0,0,575,500"
SULS,Punta del Este/Laguna del Sauce/Capt C Curbelo,Punta del Este,,URUGUAY,https://acukwik.com/Airport-Info/SULS,https://acukwik.com/extimages/Listing-Images/SULS.jpg,runway_diagrams/raw/SULS.jpg,runway_diagrams/cleaned/SULS.jpg,ok,,"0,0,1000,957"
SUMU,Montevideo/Gen Cesareo L Berisso-Carrasco Intl,Montevideo,,URUGUAY,https://acukwik.com/Airport-Info/SUMU,https://acukwik.com/extimages/Listing-Images/SUMU.jpg,runway_diagrams/raw/SUMU.jpg,runway_diagrams/cleaned/SUMU.jpg,ok,,"0,0,1000,957"
SVMI,Caracas (Maiquetia)/Simon Bolivar Intl,Caracas,,VENEZUELA,https://acukwik.com/Airport-Info/SVMI,https://acukwik.com/extimages/Listing-Images/SVMI.jpg,runway_diagrams/raw/SVMI.jpg,runway_diagrams/cleaned/SVMI.jpg,ok,,"0,0,1000,609"
SYCJ,Cheddi Jagan International,Georgetown,,GUYANA,https://acukwik.com/Airport-Info/SYCJ,https://acukwik.com/extimages/Listing-Images/SYCJ.jpg,runway_diagrams/raw/SYCJ.jpg,runway_diagrams/cleaned/SYCJ.jpg,ok,,"0,0,1000,957"
TAPA,St John's/V C Bird International,St John's,,ANTIGUA & BARBUDA,https://acukwik.com/Airport-Info/TAPA,https://acukwik.com/extimages/Listing-Images/TAPA.jpg,runway_diagrams/raw/TAPA.jpg,runway_diagrams/cleaned/TAPA.jpg,ok,,"0,0,414,306"
TDPD,Roseau/Melville Hall/Douglas Charles,Roseau,,DOMINICA,https://acukwik.com/Airport-Info/TDPD,https://acukwik.com/extimages/Listing-Images/TDPD.jpg,runway_diagrams/raw/TDPD.jpg,runway_diagrams/cleaned/TDPD.jpg,ok,,"0,0,1000,696"
TGPY,St Georges/(Point Salines) Maurice Bishop Intl,St Georges,,GRENADA,https://acukwik.com/Airport-Info/TGPY,https://acukwik.com/extimages/Listing-Images/TGPY.jpg,runway_diagrams/raw/TGPY.jpg,runway_diagrams/cleaned/TGPY.jpg,ok,,"0,0,575,425"
TIST,Cyril E King - Charlotte Amalie,St Thomas,,VIRGIN ISLANDS (US),https://acukwik.com/Airport-Info/TIST,https://acukwik.com/extimages/Listing-Images/TIST.jpg,runway_diagrams/raw/TIST.jpg,runway_diagrams/cleaned/TIST.jpg,ok,,"0,0,575,425"
TISX,Christiansted St Croix/Henry E Rohlsen,St Croix/Christiansted,,VIRGIN ISLANDS (US),https://acukwik.com/Airport-Info/TISX,https://acukwik.com/extimages/Listing-Images/TISX.jpg,runway_diagrams/raw/TISX.jpg,runway_diagrams/cleaned/TISX.jpg,ok,,"0,0,414,306"
TJBQ,Aguadilla/Rafael Hernandez (Borinquen),Aguadilla,,PUERTO RICO,https://acukwik.com/Airport-Info/TJBQ,https://acukwik.com/extimages/Listing-Images/TJBQ.jpg,runway_diagrams/raw/TJBQ.jpg,runway_diagrams/cleaned/TJBQ.jpg,ok,,"0,0,414,306"
TJIG,Fernando Luis Ribas Dominicci (Isla Grande),San Juan,,PUERTO RICO,https://acukwik.com/Airport-Info/TJIG,https://acukwik.com/extimages/Listing-Images/TJIG.jpg,runway_diagrams/raw/TJIG.jpg,runway_diagrams/cleaned/TJIG.jpg,ok,,"0,0,414,306"
TJPS,Ponce/Mercedita,Ponce,,PUERTO RICO,https://acukwik.com/Airport-Info/TJPS,https://acukwik.com/extimages/Listing-Images/TJPS.jpg,runway_diagrams/raw/TJPS.jpg,runway_diagrams/cleaned/TJPS.jpg,ok,,"0,0,414,306"
TJSJ,San Juan/Isla Verde/Luis Munoz Marin Intl,San Juan,,PUERTO RICO,https://acukwik.com/Airport-Info/TJSJ,https://acukwik.com/extimages/Listing-Images/TJSJ.jpg,runway_diagrams/raw/TJSJ.jpg,runway_diagrams/cleaned/TJSJ.jpg,ok,,"0,0,575,450"
TKPK,Basseterre/Robert L Bradshaw Intl,Basseterre,,ST KITTS & NEVIS,https://acukwik.com/Airport-Info/TKPK,https://acukwik.com/extimages/Listing-Images/TKPK.jpg,runway_diagrams/raw/TKPK.jpg,runway_diagrams/cleaned/TKPK.jpg,ok,,"0,0,575,450"
TKPN,Nevis Isl/Vance W Amory Intl,Nevis Isl,,ST KITTS & NEVIS,https://acukwik.com/Airport-Info/TKPN,https://acukwik.com/extimages/Listing-Images/TKPN.jpg,runway_diagrams/raw/TKPN.jpg,runway_diagrams/cleaned/TKPN.jpg,ok,,"0,0,414,306"
TLPC,Castries/George F.L. Charles (St Lucia),Castries,,ST LUCIA,https://acukwik.com/Airport-Info/TLPC,https://acukwik.com/extimages/Listing-Images/TLPC.jpg,runway_diagrams/raw/TLPC.jpg,runway_diagrams/cleaned/TLPC.jpg,ok,,"0,0,1000,696"
TLPL,Vieux Fort/Hewanorra International,Vieux Fort,,ST LUCIA,https://acukwik.com/Airport-Info/TLPL,https://acukwik.com/extimages/Listing-Images/TLPL.jpg,runway_diagrams/raw/TLPL.jpg,runway_diagrams/cleaned/TLPL.jpg,ok,,"0,0,575,425"
TUPJ,Roadtown/Terrance B Lettsome Intl,Tortola,,VIRGIN ISLANDS (BRITISH),https://acukwik.com/Airport-Info/TUPJ,https://acukwik.com/extimages/Listing-Images/TUPJ.jpg,runway_diagrams/raw/TUPJ.jpg,runway_diagrams/cleaned/TUPJ.jpg,ok,,"0,0,575,438"
TVSA,Argyle International,Kingstown,,ST VINCENT & GRENADINES,https://acukwik.com/Airport-Info/TVSA,https://acukwik.com/extimages/Listing-Images/TVSA.jpg,runway_diagrams/raw/TVSA.jpg,runway_diagrams/cleaned/TVSA.jpg,ok,,"0,0,575,450"
TVSC,Canouan Jet Port,Canouan Isl,,ST VINCENT & GRENADINES,https://acukwik.com/Airport-Info/TVSC,https://acukwik.com/extimages/Listing-Images/TVSC.jpg,runway_diagrams/raw/TVSC.jpg,runway_diagrams/cleaned/TVSC.jpg,ok,,"0,0,575,450"
TVSV,Kingstown/E T Joshua,Kingstown,,ST VINCENT & GRENADINES,https://acukwik.com/Airport-Info/TVSV,https://acukwik.com/extimages/Listing-Images/TVSV.jpg,runway_diagrams/raw/TVSV.jpg,runway_diagrams/cleaned/TVSV.jpg,ok,,"0,0,575,438"
UAAA,Almaty International,Almaty,ALA,KAZAKHSTAN,https://acukwik.com/Airport-Info/UAAA,https://acukwik.com/extimages/Listing-Images/UAAA.jpg,runway_diagrams/raw/UAAA.jpg,runway_diagrams/cleaned/UAAA.jpg,ok,,"0,0,576,450"
UACC,Nursultan Nazabayev International,Nur-Sultan Astana,AKM,KAZAKHSTAN,https://acukwik.com/Airport-Info/UACC,https://acukwik.com/extimages/Listing-Images/UACC.jpg,runway_diagrams/raw/UACC.jpg,runway_diagrams/cleaned/UACC.jpg,ok,,"0,0,415,396"
UBBB,Baku Heydar Aliyev International,Baku,,AZERBAIJAN,https://acukwik.com/Airport-Info/UBBB,https://acukwik.com/extimages/Listing-Images/UBBB.jpg,runway_diagrams/raw/UBBB.jpg,runway_diagrams/cleaned/UBBB.jpg,ok,,"0,0,414,396"
UCFM,Manas International,Bishkek,,KYRGYZSTAN,https://acukwik.com/Airport-Info/UCFM,https://acukwik.com/extimages/Listing-Images/UCFM.jpg,runway_diagrams/raw/UCFM.jpg,runway_diagrams/cleaned/UCFM.jpg,ok,,"0,0,575,375"
UDYZ,Yerevan/Zvartnots,Yerevan,,ARMENIA,https://acukwik.com/Airport-Info/UDYZ,https://acukwik.com/extimages/Listing-Images/UDYZ.jpg,runway_diagrams/raw/UDYZ.jpg,runway_diagrams/cleaned/UDYZ.jpg,ok,,"0,0,1000,565"
UGTB,Shota Rustaveli Tbilisi International,Tbilisi,,GEORGIA,https://acukwik.com/Airport-Info/UGTB,https://acukwik.com/extimages/Listing-Images/UGTB.jpg,runway_diagrams/raw/UGTB.jpg,runway_diagrams/cleaned/UGTB.jpg,ok,,"0,0,1000,1043"
UHHH,Khabarovsk Novy,Khabarovsk,,RUSSIAN FEDERATION,https://acukwik.com/Airport-Info/UHHH,https://acukwik.com/extimages/Listing-Images/UHHH.jpg,runway_diagrams/raw/UHHH.jpg,runway_diagrams/cleaned/UHHH.jpg,ok,,"0,0,414,342"
UHPP,Petropavlovsk-Kamchatski/Yelizovo,Petropavlovsk,KAM,RUSSIAN FEDERATION,https://acukwik.com/Airport-Info/UHPP,https://acukwik.com/extimages/Listing-Images/UHPP.jpg,runway_diagrams/raw/UHPP.jpg,runway_diagrams/cleaned/UHPP.jpg,ok,,"0,0,414,396"
UKBB,Kyiv/Boryspil International,Kyiv,,UKRAINE,https://acukwik.com/Airport-Info/UKBB,https://acukwik.com/extimages/Listing-Images/UKBB.jpg,runway_diagrams/raw/UKBB.jpg,runway_diagrams/cleaned/UKBB.jpg,ok,,"0,0,575,475"
UKKK,Kyiv/Zhuliany International (Sikorsky),Kyiv,,UKRAINE,https://acukwik.com/Airport-Info/UKKK,https://acukwik.com/extimages/Listing-Images/UKKK.jpg,runway_diagrams/raw/UKKK.jpg,runway_diagrams/cleaned/UKKK.jpg,ok,,"0,0,575,450"
UKOO,Odessa International,Odessa,,UKRAINE,https://acukwik.com/Airport-Info/UKOO,https://acukwik.com/extimages/Listing-Images/UKOO.jpg,runway_diagrams/raw/UKOO.jpg,runway_diagrams/cleaned/UKOO.jpg,ok,,"0,0,575,500"
ULLI,St Petersburg Pulkovo,St Petersburg,SPE,RUSSIAN FEDERATION,https://acukwik.com/Airport-Info/ULLI,https://acukwik.com/extimages/Listing-Images/ULLI.jpg,runway_diagrams/raw/ULLI.jpg,runway_diagrams/cleaned/ULLI.jpg,ok,,"0,0,575,425"
UMKK,Kaliningrad Intl/Khrabrovo,Kaliningrad,KGD,RUSSIAN FEDERATION,https://acukwik.com/Airport-Info/UMKK,https://acukwik.com/extimages/Listing-Images/UMKK.jpg,runway_diagrams/raw/UMKK.jpg,runway_diagrams/cleaned/UMKK.jpg,ok,,"0,0,414,306"
UMMS,Minsk National,Minsk,,BELARUS,https://acukwik.com/Airport-Info/UMMS,https://acukwik.com/extimages/Listing-Images/UMMS.jpg,runway_diagrams/raw/UMMS.jpg,runway_diagrams/cleaned/UMMS.jpg,ok,,"0,0,575,525"
UNNT,Novosibirsk International/Tolmachevo,Novosibirsk,NVS,RUSSIAN FEDERATION,https://acukwik.com/Airport-Info/UNNT,https://acukwik.com/extimages/Listing-Images/UNNT.jpg,runway_diagrams/raw/UNNT.jpg,runway_diagrams/cleaned/UNNT.jpg,ok,,"0,0,414,432"
UNOO,Omsk Central (Tsentralny),Omsk,OMS,RUSSIAN FEDERATION,https://acukwik.com/Airport-Info/UNOO,https://acukwik.com/extimages/Listing-Images/UNOO.jpg,runway_diagrams/raw/UNOO.jpg,runway_diagrams/cleaned/UNOO.jpg,ok,,"0,0,414,306"
URSS,Sochi Adler International,Sochi,,RUSSIAN FEDERATION,https://acukwik.com/Airport-Info/URSS,https://acukwik.com/extimages/Listing-Images/URSS.jpg,runway_diagrams/raw/URSS.jpg,runway_diagrams/cleaned/URSS.jpg,ok,,"0,0,414,306"
USCC,Kurchatov Chelyabinsk Intl/Balandino,Chelyabinsk,CHE,RUSSIAN FEDERATION,https://acukwik.com/Airport-Info/USCC,https://acukwik.com/extimages/Listing-Images/USCC.jpg,runway_diagrams/raw/USCC.jpg,runway_diagrams/cleaned/USCC.jpg,ok,,"0,0,414,306"
USSS,Yekaterinburg/Koltsovo,Yekaterinburg,SVE,RUSSIAN FEDERATION,https://acukwik.com/Airport-Info/USSS,https://acukwik.com/extimages/Listing-Images/USSS.jpg,runway_diagrams/raw/USSS.jpg,runway_diagrams/cleaned/USSS.jpg,ok,,"0,0,414,306"
UTAA,Ashgabat International,Ashgabat,,TURKMENISTAN,https://acukwik.com/Airport-Info/UTAA,https://acukwik.com/extimages/Listing-Images/UTAA.jpg,runway_diagrams/raw/UTAA.jpg,runway_diagrams/cleaned/UTAA.jpg,ok,,"0,0,1000,1130"
UTDD,Dushanbe,Dushanbe,,TAJIKISTAN,https://acukwik.com/Airport-Info/UTDD,https://acukwik.com/extimages/Listing-Images/UTDD.jpg,runway_diagrams/raw/UTDD.jpg,runway_diagrams/cleaned/UTDD.jpg,ok,,"0,0,414,306"
UUDD,Moscow/Domodedovo,Moscow,MOS,RUSSIAN FEDERATION,https://acukwik.com/Airport-Info/UUDD,https://acukwik.com/extimages/Listing-Images/UUDD.jpg,runway_diagrams/raw/UUDD.jpg,runway_diagrams/cleaned/UUDD.jpg,ok,,"0,0,1000,870"
UUEE,Moscow/Sheremetyevo,Moscow,MOS,RUSSIAN FEDERATION,https://acukwik.com/Airport-Info/UUEE,https://acukwik.com/extimages/Listing-Images/UUEE.jpg,runway_diagrams/raw/UUEE.jpg,runway_diagrams/cleaned/UUEE.jpg,ok,,"0,0,575,425"
UUWW,Moscow/Vnukovo,Moscow,MOS,RUSSIAN FEDERATION,https://acukwik.com/Airport-Info/UUWW,https://acukwik.com/extimages/Listing-Images/UUWW.jpg,runway_diagrams/raw/UUWW.jpg,runway_diagrams/cleaned/UUWW.jpg,ok,,"0,0,575,550"
UWKD,Gabdulla Tuqay Kazan Intl,Kazan,,RUSSIAN FEDERATION,https://acukwik.com/Airport-Info/UWKD,https://acukwik.com/extimages/Listing-Images/UWKD.jpg,runway_diagrams/raw/UWKD.jpg,runway_diagrams/cleaned/UWKD.jpg,ok,,"0,0,415,351"
UZTT,Tashkent Islam Karimov International,Tashkent,,UZBEKISTAN,https://acukwik.com/Airport-Info/UZTT,https://acukwik.com/extimages/Listing-Images/UZTT.jpg,runway_diagrams/raw/UZTT.jpg,runway_diagrams/cleaned/UZTT.jpg,ok,,"0,0,1000,739"
VABB,Mumbai Chhatrapati Shivaji International,Mumbai/Bombay,MH,INDIA,https://acukwik.com/Airport-Info/VABB,https://acukwik.com/extimages/Listing-Images/VABB.jpg,runway_diagrams/raw/VABB.jpg,runway_diagrams/cleaned/VABB.jpg,ok,,"0,0,575,450"
VCBI,Colombo/Bandaranaike International,Colombo,,SRI LANKA,https://acukwik.com/Airport-Info/VCBI,https://acukwik.com/extimages/Listing-Images/VCBI.jpg,runway_diagrams/raw/VCBI.jpg,runway_diagrams/cleaned/VCBI.jpg,ok,,"0,0,575,500"
VDPP,Phnom Penh (Pochentong),Phnom Penh,,CAMBODIA,https://acukwik.com/Airport-Info/VDPP,https://acukwik.com/extimages/Listing-Images/VDPP.jpg,runway_diagrams/raw/VDPP.jpg,runway_diagrams/cleaned/VDPP.jpg,ok,,"0,0,575,525"
VGHS,Dhaka/Hazrat Shahjalal International,Dhaka,,BANGLADESH,https://acukwik.com/Airport-Info/VGHS,https://acukwik.com/extimages/Listing-Images/VGHS.jpg,runway_diagrams/raw/VGHS.jpg,runway_diagrams/cleaned/VGHS.jpg,ok,,"0,0,1000,1174"
VHHH,Hong Kong International,Hong Kong,,HONG KONG SAR,https://acukwik.com/Airport-Info/VHHH,https://acukwik.com/extimages/Listing-Images/VHHH.jpg,runway_diagrams/raw/VHHH.jpg,runway_diagrams/cleaned/VHHH.jpg,ok,,"0,0,1000,1130"
VIDP,Indira Gandhi International Delhi,Delhi,DL,INDIA,https://acukwik.com/Airport-Info/VIDP,https://acukwik.com/extimages/Listing-Images/VIDP.jpg,runway_diagrams/raw/VIDP.jpg,runway_diagrams/cleaned/VIDP.jpg,ok,,"0,0,1000,1652"
VLLB,Luang Prabang International,Luang Prabang,,LAOS,https://acukwik.com/Airport-Info/VLLB,https://acukwik.com/extimages/Listing-Images/VLLB.jpg,runway_diagrams/raw/VLLB.jpg,runway_diagrams/cleaned/VLLB.jpg,ok,,"0,0,1000,739"
VLVT,Wattay International,Vientiane,,LAOS,https://acukwik.com/Airport-Info/VLVT,https://acukwik.com/extimages/Listing-Images/VLVT.jpg,runway_diagrams/raw/VLVT.jpg,runway_diagrams/cleaned/VLVT.jpg,ok,,"0,0,414,324"
VOBL,Kempegowda International Bengaluru,Bangalore,KA,INDIA,https://acukwik.com/Airport-Info/VOBL,https://acukwik.com/extimages/Listing-Images/VOBL.jpg,runway_diagrams/raw/VOBL.jpg,runway_diagrams/cleaned/VOBL.jpg,ok,,"0,0,1000,913"
VOGO,Goa Dabolim Vasco da Gama,Goa,GA,INDIA,https://acukwik.com/Airport-Info/VOGO,https://acukwik.com/extimages/Listing-Images/VOGO.jpg,runway_diagrams/raw/VOGO.jpg,runway_diagrams/cleaned/VOGO.jpg,ok,,"0,0,575,525"
VOHS,Shamshabad (Hyderabad)/Rajiv Gandhi International,Hyderabad,AP,INDIA,https://acukwik.com/Airport-Info/VOHS,https://acukwik.com/extimages/Listing-Images/VOHS.jpg,runway_diagrams/raw/VOHS.jpg,runway_diagrams/cleaned/VOHS.jpg,ok,,"0,0,414,306"
VRMM,Velana International (Male),Hulhule Island,,MALDIVES,https://acukwik.com/Airport-Info/VRMM,https://acukwik.com/extimages/Listing-Images/VRMM.jpg,runway_diagrams/raw/VRMM.jpg,runway_diagrams/cleaned/VRMM.jpg,ok,,"0,0,1000,957"
VTBD,Bangkok/Don Mueang International,Bangkok,,THAILAND,https://acukwik.com/Airport-Info/VTBD,https://acukwik.com/extimages/Listing-Images/VTBD.jpg,runway_diagrams/raw/VTBD.jpg,runway_diagrams/cleaned/VTBD.jpg,ok,,"0,0,1000,1000"
VTBS,New Bangkok Intl/Suvarnabhumi Intl,Bangkok,,THAILAND,https://acukwik.com/Airport-Info/VTBS,https://acukwik.com/extimages/Listing-Images/VTBS.jpg,runway_diagrams/raw/VTBS.jpg,runway_diagrams/cleaned/VTBS.jpg,ok,,"0,0,1000,1235"
VTBU,Rayong/U-Tapao Rayong Pattaya International,Rayong,,THAILAND,https://acukwik.com/Airport-Info/VTBU,https://acukwik.com/extimages/Listing-Images/VTBU.jpg,runway_diagrams/raw/VTBU.jpg,runway_diagrams/cleaned/VTBU.jpg,ok,,"0,0,414,432"
VTSG,Krabi International,Krabi,,THAILAND,https://acukwik.com/Airport-Info/VTSG,https://acukwik.com/extimages/Listing-Images/VTSG.jpg,runway_diagrams/raw/VTSG.jpg,runway_diagrams/cleaned/VTSG.jpg,ok,,"0,0,575,475"
VTSP,Phuket International,Phuket,,THAILAND,https://acukwik.com/Airport-Info/VTSP,https://acukwik.com/extimages/Listing-Images/VTSP.jpg,runway_diagrams/raw/VTSP.jpg,runway_diagrams/cleaned/VTSP.jpg,ok,,"0,0,1000,739"
VVCR,Khanh Hoa-Nha Trang/Cam Ranh International,Khanh Hoa,,VIETNAM,https://acukwik.com/Airport-Info/VVCR,https://acukwik.com/extimages/Listing-Images/VVCR.jpg,runway_diagrams/raw/VVCR.jpg,runway_diagrams/cleaned/VVCR.jpg,ok,,"0,0,575,650"
VVDN,Da Nang International,Da Nang,,VIETNAM,https://acukwik.com/Airport-Info/VVDN,https://acukwik.com/extimages/Listing-Images/VVDN.jpg,runway_diagrams/raw/VVDN.jpg,runway_diagrams/cleaned/VVDN.jpg,ok,,"0,0,1000,1174"
VVNB,Hanoi/Noi Bai International,Hanoi,,VIETNAM,https://acukwik.com/Airport-Info/VVNB,https://acukwik.com/extimages/Listing-Images/VVNB.jpg,runway_diagrams/raw/VVNB.jpg,runway_diagrams/cleaned/VVNB.jpg,ok,,"0,0,1000,783"
VVPQ,Kien Giang/Phu Quoc Intl (Duong Dong),Phu Quoc Isl,,VIETNAM,https://acukwik.com/Airport-Info/VVPQ,https://acukwik.com/extimages/Listing-Images/VVPQ.jpg,runway_diagrams/raw/VVPQ.jpg,runway_diagrams/cleaned/VVPQ.jpg,ok,,"0,0,1000,739"
VVTS,Ho Chi Minh/Tan Son Nhat Intl,Ho Chi Minh,,VIETNAM,https://acukwik.com/Airport-Info/VVTS,https://acukwik.com/extimages/Listing-Images/VVTS.jpg,runway_diagrams/raw/VVTS.jpg,runway_diagrams/cleaned/VVTS.jpg,ok,,"0,0,1000,826"
VYYY,Rangon/Yangon International,Rangon,,MYANMAR,https://acukwik.com/Airport-Info/VYYY,https://acukwik.com/extimages/Listing-Images/VYYY.jpg,runway_diagrams/raw/VYYY.jpg,runway_diagrams/cleaned/VYYY.jpg,ok,,"0,0,414,360"
WADD,Bali International/Denpasar/I Gusti Ngurah Rai,Bali/Denpasar,BA,INDONESIA,https://acukwik.com/Airport-Info/WADD,https://acukwik.com/extimages/Listing-Images/WADD.jpg,runway_diagrams/raw/WADD.jpg,runway_diagrams/cleaned/WADD.jpg,ok,,"0,0,414,306"
WARR,Surabaya/Juanda International,Surabaya,JI,INDONESIA,https://acukwik.com/Airport-Info/WARR,https://acukwik.com/extimages/Listing-Images/WARR.jpg,runway_diagrams/raw/WARR.jpg,runway_diagrams/cleaned/WARR.jpg,ok,,"0,0,414,306"
WBKK,Kota Kinabalu International,Kota Kinabalu,,MALAYSIA,https://acukwik.com/Airport-Info/WBKK,https://acukwik.com/extimages/Listing-Images/WBKK.jpg,runway_diagrams/raw/WBKK.jpg,runway_diagrams/cleaned/WBKK.jpg,ok,,"0,0,414,468"
WIHH,Halim Perdanakusuma,Jakarta,JK,INDONESIA,https://acukwik.com/Airport-Info/WIHH,https://acukwik.com/extimages/Listing-Images/WIHH.jpg,runway_diagrams/raw/WIHH.jpg,runway_diagrams/cleaned/WIHH.jpg,ok,,"0,0,575,500"
WIII,Jakarta/Soekarno Hatta International,Jakarta,JK,INDONESIA,https://acukwik.com/Airport-Info/WIII,https://acukwik.com/extimages/Listing-Images/WIII.jpg,runway_diagrams/raw/WIII.jpg,runway_diagrams/cleaned/WIII.jpg,ok,,"0,0,576,650"
WMSA,Sultan Abdul Aziz Shah (Subang),Kuala Lumpur,,MALAYSIA,https://acukwik.com/Airport-Info/WMSA,https://acukwik.com/extimages/Listing-Images/WMSA.jpg,runway_diagrams/raw/WMSA.jpg,runway_diagrams/cleaned/WMSA.jpg,ok,,"0,0,1000,913"
WSSL,Seletar,Singapore,,SINGAPORE,https://acukwik.com/Airport-Info/WSSL,https://acukwik.com/extimages/Listing-Images/WSSL.jpg,runway_diagrams/raw/WSSL.jpg,runway_diagrams/cleaned/WSSL.jpg,ok,,"0,0,1000,913"
WSSS,Singapore Changi International,Singapore,,SINGAPORE,https://acukwik.com/Airport-Info/WSSS,https://acukwik.com/extimages/Listing-Images/WSSS.jpg,runway_diagrams/raw/WSSS.jpg,runway_diagrams/cleaned/WSSS.jpg,ok,,"0,0,414,630"
YBAF,Brisbane/Archerfield,Brisbane,QLD,AUSTRALIA,https://acukwik.com/Airport-Info/YBAF,https://acukwik.com/extimages/Listing-Images/YBAF.jpg,runway_diagrams/raw/YBAF.jpg,runway_diagrams/cleaned/YBAF.jpg,ok,,"0,0,575,500"
YBBN,Brisbane International,Brisbane,QLD,AUSTRALIA,https://acukwik.com/Airport-Info/YBBN,https://acukwik.com/extimages/Listing-Images/YBBN.jpg,runway_diagrams/raw/YBBN.jpg,runway_diagrams/cleaned/YBBN.jpg,ok,,"0,0,575,750"
YBCG,Gold Coast,Coolangatta,QLD,AUSTRALIA,https://acukwik.com/Airport-Info/YBCG,https://acukwik.com/extimages/Listing-Images/YBCG.jpg,runway_diagrams/raw/YBCG.jpg,runway_diagrams/cleaned/YBCG.jpg,ok,,"0,0,575,600"
YBCS,Cairns International,Cairns,QLD,AUSTRALIA,https://acukwik.com/Airport-Info/YBCS,https://acukwik.com/extimages/Listing-Images/YBCS.jpg,runway_diagrams/raw/YBCS.jpg,runway_diagrams/cleaned/YBCS.jpg,ok,,"0,0,414,414"
YCAR,Carnarvon,Carnarvon,WA,AUSTRALIA,https://acukwik.com/Airport-Info/YCAR,https://acukwik.com/extimages/Listing-Images/YCAR.jpg,runway_diagrams/raw/YCAR.jpg,runway_diagrams/cleaned/YCAR.jpg,ok,,"0,0,414,360"
YCFS,Coffs Harbour,Coffs Harbour,NSW,AUSTRALIA,https://acukwik.com/Airport-Info/YCFS,https://acukwik.com/extimages/Listing-Images/YCFS.jpg,runway_diagrams/raw/YCFS.jpg,runway_diagrams/cleaned/YCFS.jpg,ok,,"0,0,1000,1304"
YGEL,Geraldton,Geraldton,WA,AUSTRALIA,https://acukwik.com/Airport-Info/YGEL,https://acukwik.com/extimages/Listing-Images/YGEL.jpg,runway_diagrams/raw/YGEL.jpg,runway_diagrams/cleaned/YGEL.jpg,ok,,"0,0,575,750"
YGTH,Griffith Regional,Griffith,NSW,AUSTRALIA,https://acukwik.com/Airport-Info/YGTH,https://acukwik.com/extimages/Listing-Images/YGTH.jpg,runway_diagrams/raw/YGTH.jpg,runway_diagrams/cleaned/YGTH.jpg,ok,,"0,0,414,396"
YHBA,Hervey Bay (Fraser Coast),Hervey Bay,QLD,AUSTRALIA,https://acukwik.com/Airport-Info/YHBA,https://acukwik.com/extimages/Listing-Images/YHBA.jpg,runway_diagrams/raw/YHBA.jpg,runway_diagrams/cleaned/YHBA.jpg,ok,,"0,0,414,306"
YLIS,Lismore Regional,Lismore,NSW,AUSTRALIA,https://acukwik.com/Airport-Info/YLIS,https://acukwik.com/extimages/Listing-Images/YLIS.jpg,runway_diagrams/raw/YLIS.jpg,runway_diagrams/cleaned/YLIS.jpg,ok,,"0,0,414,450"
YMAY,Albury,Albury,NSW,AUSTRALIA,https://acukwik.com/Airport-Info/YMAY,https://acukwik.com/extimages/Listing-Images/YMAY.jpg,runway_diagrams/raw/YMAY.jpg,runway_diagrams/cleaned/YMAY.jpg,ok,,"0,0,414,306"
YMEN,Essendon Fields,Melbourne,VIC,AUSTRALIA,https://acukwik.com/Airport-Info/YMEN,https://acukwik.com/extimages/Listing-Images/YMEN.jpg,runway_diagrams/raw/YMEN.jpg,runway_diagrams/cleaned/YMEN.jpg,ok,,"0,0,1000,1043"
YMIA,Mildura,Milduea,VIC,AUSTRALIA,https://acukwik.com/Airport-Info/YMIA,https://acukwik.com/extimages/Listing-Images/YMIA.jpg,runway_diagrams/raw/YMIA.jpg,runway_diagrams/cleaned/YMIA.jpg,ok,,"0,0,414,360"
YMMB,Moorabbin,Melbourne,VIC,AUSTRALIA,https://acukwik.com/Airport-Info/YMMB,https://acukwik.com/extimages/Listing-Images/YMMB.jpg,runway_diagrams/raw/YMMB.jpg,runway_diagrams/cleaned/YMMB.jpg,ok,,"0,0,414,432"
YMML,Melbourne (Tullamarine),Melbourne,VIC,AUSTRALIA,https://acukwik.com/Airport-Info/YMML,https://acukwik.com/extimages/Listing-Images/YMML.jpg,runway_diagrams/raw/YMML.jpg,runway_diagrams/cleaned/YMML.jpg,ok,,"0,0,414,360"
YNTN,Normanton,Normanton,QLD,AUSTRALIA,https://acukwik.com/Airport-Info/YNTN,https://acukwik.com/extimages/Listing-Images/YNTN.jpg,runway_diagrams/raw/YNTN.jpg,runway_diagrams/cleaned/YNTN.jpg,ok,,"0,0,414,306"
YPLC,Port Lincoln,Port Lincoln,SA,AUSTRALIA,https://acukwik.com/Airport-Info/YPLC,https://acukwik.com/extimages/Listing-Images/YPLC.jpg,runway_diagrams/raw/YPLC.jpg,runway_diagrams/cleaned/YPLC.jpg,ok,,"0,0,414,342"
YPLM,Learmonth,Exmouth,WA,AUSTRALIA,https://acukwik.com/Airport-Info/YPLM,https://acukwik.com/extimages/Listing-Images/YPLM.jpg,runway_diagrams/raw/YPLM.jpg,runway_diagrams/cleaned/YPLM.jpg,ok,,"0,0,1000,1000"
YPPH,Perth International,Perth,WA,AUSTRALIA,https://acukwik.com/Airport-Info/YPPH,https://acukwik.com/extimages/Listing-Images/YPPH.jpg,runway_diagrams/raw/YPPH.jpg,runway_diagrams/cleaned/YPPH.jpg,ok,,"0,0,1000,1391"
YSBK,Bankstown,Sydney,NSW,AUSTRALIA,https://acukwik.com/Airport-Info/YSBK,https://acukwik.com/extimages/Listing-Images/YSBK.jpg,runway_diagrams/raw/YSBK.jpg,runway_diagrams/cleaned/YSBK.jpg,ok,,"0,0,414,414"
YSSY,Kingsford Smith Intl,Sydney,NSW,AUSTRALIA,https://acukwik.com/Airport-Info/YSSY,https://acukwik.com/extimages/Listing-Images/YSSY.jpg,runway_diagrams/raw/YSSY.jpg,runway_diagrams/cleaned/YSSY.jpg,ok,,"0,0,414,486"
YSWG,Wagga Wagga,Wagga Wagga,NSW,AUSTRALIA,https://acukwik.com/Airport-Info/YSWG,https://acukwik.com/extimages/Listing-Images/YSWG.jpg,runway_diagrams/raw/YSWG.jpg,runway_diagrams/cleaned/YSWG.jpg,ok,,"0,0,1000,739"
YWYY,Burnie-Wynyard,Burnie,TAS,AUSTRALIA,https://acukwik.com/Airport-Info/YWYY,https://acukwik.com/extimages/Listing-Images/YWYY.jpg,runway_diagrams/raw/YWYY.jpg,runway_diagrams/cleaned/YWYY.jpg,ok,,"0,0,414,306"
ZBAA,Beijing Capital International,Beijing,11,CHINA,https://acukwik.com/Airport-Info/ZBAA,https://acukwik.com/extimages/Listing-Images/ZBAA.jpg,runway_diagrams/raw/ZBAA.jpg,runway_diagrams/cleaned/ZBAA.jpg,ok,,"0,0,1000,1826"
ZGGG,Guangzhou Baiyun International,Guangzhou,44,CHINA,https://acukwik.com/Airport-Info/ZGGG,https://acukwik.com/extimages/Listing-Images/ZGGG.jpg,runway_diagrams/raw/ZGGG.jpg,runway_diagrams/cleaned/ZGGG.jpg,ok,,"0,0,1000,1217"
ZGHA,Changsha/Huanghua International,Changsha,43,CHINA,https://acukwik.com/Airport-Info/ZGHA,https://acukwik.com/extimages/Listing-Images/ZGHA.jpg,runway_diagrams/raw/ZGHA.jpg,runway_diagrams/cleaned/ZGHA.jpg,ok,,"0,0,1000,1304"
ZGKL,Guilin Liangjiang,Guilin,45,CHINA,https://acukwik.com/Airport-Info/ZGKL,https://acukwik.com/extimages/Listing-Images/ZGKL.jpg,runway_diagrams/raw/ZGKL.jpg,runway_diagrams/cleaned/ZGKL.jpg,ok,,"0,0,414,468"
ZGNN,Nanning Wuxu International,Nanning,45,CHINA,https://acukwik.com/Airport-Info/ZGNN,https://acukwik.com/extimages/Listing-Images/ZGNN.jpg,runway_diagrams/raw/ZGNN.jpg,runway_diagrams/cleaned/ZGNN.jpg,ok,,"0,0,414,396"
ZGSZ,Shenzhen Bao'an International,Shenzhen,44,CHINA,https://acukwik.com/Airport-Info/ZGSZ,https://acukwik.com/extimages/Listing-Images/ZGSZ.jpg,runway_diagrams/raw/ZGSZ.jpg,runway_diagrams/cleaned/ZGSZ.jpg,ok,,"0,0,414,396"
ZJHK,Haikou/Meilan International,Haikou,46,CHINA,https://acukwik.com/Airport-Info/ZJHK,https://acukwik.com/extimages/Listing-Images/ZJHK.jpg,runway_diagrams/raw/ZJHK.jpg,runway_diagrams/cleaned/ZJHK.jpg,ok,,"0,0,1000,739"
ZJSY,Sanya/Phoenix International,Sanya,46,CHINA,https://acukwik.com/Airport-Info/ZJSY,https://acukwik.com/extimages/Listing-Images/ZJSY.jpg,runway_diagrams/raw/ZJSY.jpg,runway_diagrams/cleaned/ZJSY.jpg,ok,,"0,0,575,425"
ZLXY,Xi'an Xianyang,Xi'An,61,CHINA,https://acukwik.com/Airport-Info/ZLXY,https://acukwik.com/extimages/Listing-Images/ZLXY.jpg,runway_diagrams/raw/ZLXY.jpg,runway_diagrams/cleaned/ZLXY.jpg,ok,,"0,0,414,468"
ZMUB,Ulaanbaatar/Buyant-Ukhaa Intl,Ulaanbaatar,1,MONGOLIA,https://acukwik.com/Airport-Info/ZMUB,https://acukwik.com/extimages/Listing-Images/ZMUB.jpg,runway_diagrams/raw/ZMUB.jpg,runway_diagrams/cleaned/ZMUB.jpg,ok,,"0,0,414,333"
ZSHC,Hangzhou/Xiaoshan,Hangzhou,33,CHINA,https://acukwik.com/Airport-Info/ZSHC,https://acukwik.com/extimages/Listing-Images/ZSHC.jpg,runway_diagrams/raw/ZSHC.jpg,runway_diagrams/cleaned/ZSHC.jpg,ok,,"0,0,414,414"
ZSPD,Shanghai/Pudong International,Shanghai,31,CHINA,https://acukwik.com/Airport-Info/ZSPD,https://acukwik.com/extimages/Listing-Images/ZSPD.jpg,runway_diagrams/raw/ZSPD.jpg,runway_diagrams/cleaned/ZSPD.jpg,ok,,"0,0,575,700"
ZSSS,Shanghai/Hongqiao International,Shanghai,31,CHINA,https://acukwik.com/Airport-Info/ZSSS,https://acukwik.com/extimages/Listing-Images/ZSSS.jpg,runway_diagrams/raw/ZSSS.jpg,runway_diagrams/cleaned/ZSSS.jpg,ok,,"0,0,1000,957"
