ICAO,Airport Name,City,State,Country,Airport Link
,Pluff Mud Field,Charleston,SC ,USA,https://acukwik.com/Airport-Info/SC06
,State Police,Charleston,WV ,USA,https://acukwik.com/Airport-Info/WV07
,The Ranch,Charleston,NY ,USA,https://acukwik.com/Airport-Info/3NY0
KCRW,West Virginia International Yeager,Charleston,WV ,USA,https://acukwik.com/Airport-Info/KCRW
,East Arnolda Farm,Charlestown,RI ,USA,https://acukwik.com/Airport-Info/RI30
,Charlevoix Area Hospital,Charlevoix,MI ,USA,https://acukwik.com/Airport-Info/70MI
KCVX,Charlevoix Municipal,Charlevoix,MI ,USA,https://acukwik.com/Airport-Info/KCVX
,Dvoracek Field,Charlevoix,MI ,USA,https://acukwik.com/Airport-Info/23MI
,C H S-Pineville,Charlotte,NC ,USA,https://acukwik.com/Airport-Info/67NC
,Carolinas Medical Center,Charlotte,NC ,USA,https://acukwik.com/Airport-Info/34NC
KCLT,Charlotte Douglas International,Charlotte,NC ,USA,https://acukwik.com/Airport-Info/KCLT
,Crippen Field,Charlotte,MI ,USA,https://acukwik.com/Airport-Info/MI11
,Delta Air Base,Charlotte,NC ,USA,https://acukwik.com/Airport-Info/NC24
,E A Deeds Farm,Charlotte,VT ,USA,https://acukwik.com/Airport-Info/VT12
,El Tesoro Ranch,Charlotte,TX ,USA,https://acukwik.com/Airport-Info/02TS
KFPK,Fitch H Beach,Charlotte,MI ,USA,https://acukwik.com/Airport-Info/KFPK
,Fly I,Charlotte,NC ,USA,https://acukwik.com/Airport-Info/99NA
,Flying Ed,Charlotte,ME ,USA,https://acukwik.com/Airport-Info/ME06
,Henley Aerodrome,Charlotte,AR ,USA,https://acukwik.com/Airport-Info/28AR
,Meridian Corporate Center,Charlotte,NC ,USA,https://acukwik.com/Airport-Info/2NC5
,Novant Health Ballantyne Medical Center,Charlotte,NC ,USA,https://acukwik.com/Airport-Info/77NR
,Presbyterian Hospital,Charlotte,NC ,USA,https://acukwik.com/Airport-Info/9NC0
,Steele Creek,Charlotte,NC ,USA,https://acukwik.com/Airport-Info/40NR
,Wbtv,Charlotte,NC ,USA,https://acukwik.com/Airport-Info/NC90
,Wend Valley,Charlotte,MI ,USA,https://acukwik.com/Airport-Info/49G
KCHO,Charlottesville Albemarle,Charlottesville,VA ,USA,https://acukwik.com/Airport-Info/KCHO
,Morven Farms,Charlottesville,VA ,USA,https://acukwik.com/Airport-Info/VA21
,Oakes Field,Charlottesville,IN ,USA,https://acukwik.com/Airport-Info/66IN
,Snow Hill,Charlottesville,VA ,USA,https://acukwik.com/Airport-Info/VA19
,University Of Virginia Hospital,Charlottesville,VA ,USA,https://acukwik.com/Airport-Info/8VA5
,Dresser Hill,Charlton,MA ,USA,https://acukwik.com/Airport-Info/MA30
,Westwind Farm,Charlton,NY ,USA,https://acukwik.com/Airport-Info/0NK2
KCXE,Chase City Municipal,Chase City,VA ,USA,https://acukwik.com/Airport-Info/KCXE
,Hazelswart,Chase City,VA ,USA,https://acukwik.com/Airport-Info/1VA8
,Twin Towers,Chase City,VA ,USA,https://acukwik.com/Airport-Info/VA25
,Lake Pierson,Chaska,MN ,USA,https://acukwik.com/Airport-Info/MN04
,Hackberry,Chatfield,TX ,USA,https://acukwik.com/Airport-Info/1XA8
,Schulze's,Chatfield,OH ,USA,https://acukwik.com/Airport-Info/69OI
,Chatham,Chatham,AK ,USA,https://acukwik.com/Airport-Info/05AA
KCQX,Chatham Municipal,Chatham,MA ,USA,https://acukwik.com/Airport-Info/KCQX
,North Chatham,Chatham,MA ,USA,https://acukwik.com/Airport-Info/3MA4
,Shag Bark Farms,Chatham,IL ,USA,https://acukwik.com/Airport-Info/25IS
,Soaring Horse,Chatham Township,OH ,USA,https://acukwik.com/Airport-Info/33OI
,Hawthorn Pines,Chatom,AL ,USA,https://acukwik.com/Airport-Info/6AL6
,Roy Wilcox,Chatom,AL ,USA,https://acukwik.com/Airport-Info/5R1
,Washington County Hospital Er,Chatom,AL ,USA,https://acukwik.com/Airport-Info/39AL
,Coyle Field,Chatsworth,NJ ,USA,https://acukwik.com/Airport-Info/NJ20
,Mga Chatsworth,Chatsworth,CA ,USA,https://acukwik.com/Airport-Info/CL89
,Omninet West Valley Lp,Chatsworth,CA ,USA,https://acukwik.com/Airport-Info/CL26
,Florida State Hospital,Chattahoochee,FL ,USA,https://acukwik.com/Airport-Info/31FD
,Chattanooga Sky Harbor,Chattanooga,OK ,USA,https://acukwik.com/Airport-Info/92F
,Dallas Bay Sky Park,Chattanooga,TN ,USA,https://acukwik.com/Airport-Info/1AA0
,Erlanger Medical Center,Chattanooga,TN ,USA,https://acukwik.com/Airport-Info/0TN8
KCHA,Lovell Field,Chattanooga,TN ,USA,https://acukwik.com/Airport-Info/KCHA
,Mathews,Chattanooga,TN ,USA,https://acukwik.com/Airport-Info/TN90
,Memorial Health Care System,Chattanooga,TN ,USA,https://acukwik.com/Airport-Info/TN03
,Duff,Chavies,KY ,USA,https://acukwik.com/Airport-Info/44KY
,Chebeague Island School,Chebeague Island,ME ,USA,https://acukwik.com/Airport-Info/ME21
KSLH,Cheboygan County,Cheboygan,MI ,USA,https://acukwik.com/Airport-Info/KSLH
,Hoffman's Black Mountain Aerodrome,Cheboygan,MI ,USA,https://acukwik.com/Airport-Info/2M7
PACK,Chefornak,Chefornak,AK ,USA,https://acukwik.com/Airport-Info/PACK
KCLS,Chehalis-Centralia,Chehalis,WA ,USA,https://acukwik.com/Airport-Info/KCLS
,Dwight Field,Chehalis,WA ,USA,https://acukwik.com/Airport-Info/0WA1
,Fantasy Field Airstrip,Chehalis,WA ,USA,https://acukwik.com/Airport-Info/FA99
,Lake Chelan,Chelan,WA ,USA,https://acukwik.com/Airport-Info/S10
,Riverview Airpark,Chelan,WA ,USA,https://acukwik.com/Airport-Info/91WT
,Seaplane Landing Area,Chelan,WA ,USA,https://acukwik.com/Airport-Info/WA13
,Chelsea Hospital,Chelsea,MI ,USA,https://acukwik.com/Airport-Info/7MI5
,Delozier,Chelsea,OK ,USA,https://acukwik.com/Airport-Info/OK78
,White O'morn,Chelsea,MI ,USA,https://acukwik.com/Airport-Info/MI20
,Winters Field,Chelsea,MI ,USA,https://acukwik.com/Airport-Info/8MI9
,Chemehuevi Valley,Chemehuevi Valley,CA ,USA,https://acukwik.com/Airport-Info/49X
,Chena Hot Springs,Chena Hot Springs,AK ,USA,https://acukwik.com/Airport-Info/AK13
PFCB,Chenega Bay,Chenega,AK ,USA,https://acukwik.com/Airport-Info/PFCB
,Albers,Cheney,KS ,USA,https://acukwik.com/Airport-Info/SN13
,Flying R Ranch,Cheney,WA ,USA,https://acukwik.com/Airport-Info/WA49
,Homeport,Cheney,WA ,USA,https://acukwik.com/Airport-Info/11WA
,Mono Aircraft,Cheney,KS ,USA,https://acukwik.com/Airport-Info/0KS7
,Reed,Cheney,WA ,USA,https://acukwik.com/Airport-Info/WT24
,Silverbird,Cheney,WA ,USA,https://acukwik.com/Airport-Info/WT04
,Thacker,Chenoa,IL ,USA,https://acukwik.com/Airport-Info/11LL
KCQW,Cheraw Municipal/Lynch Bellinger Field,Cheraw,SC ,USA,https://acukwik.com/Airport-Info/KCQW
,Wild Irish Rose,Cheraw,SC ,USA,https://acukwik.com/Airport-Info/SC61
,Airduce,Cheriton,VA ,USA,https://acukwik.com/Airport-Info/7VA0
,Cherrystone,Cheriton,VA ,USA,https://acukwik.com/Airport-Info/24VA
,Eagles Nest,Cheriton,VA ,USA,https://acukwik.com/Airport-Info/21VA
KCKP,Cherokee County Regional,Cherokee,IA ,USA,https://acukwik.com/Airport-Info/KCKP
,Cherokee Indian Hospital,Cherokee,NC ,USA,https://acukwik.com/Airport-Info/NR01
,Cherokee Municipal,Cherokee,OK ,USA,https://acukwik.com/Airport-Info/4O5
,Cherokee Regional Medical Center,Cherokee,IA ,USA,https://acukwik.com/Airport-Info/IA13
,J Ranch,Cherokee,TX ,USA,https://acukwik.com/Airport-Info/41TX
KCKA,Kegelman AF Aux Field,Cherokee,OK ,USA,https://acukwik.com/Airport-Info/KCKA
,Rocket Shoals,Cherokee,AL ,USA,https://acukwik.com/Airport-Info/AL68
,Jefferson Cherry Hill Hospital,Cherry Hill,NJ ,USA,https://acukwik.com/Airport-Info/31NJ
KNKT,Cherry Point MCAS (Cunningham Field),Cherry Point,NC ,USA,https://acukwik.com/Airport-Info/KNKT
,Laughing Crow Airpark,Cherryville,NC ,USA,https://acukwik.com/Airport-Info/NR42
,Howard Nixon Memorial,Chesaning,MI ,USA,https://acukwik.com/Airport-Info/50G
,Maple Grove Airpark,Chesaning,MI ,USA,https://acukwik.com/Airport-Info/MI83
,Chesapeake General Hospital,Chesapeake,VA ,USA,https://acukwik.com/Airport-Info/11VA
,Division Five,Chesapeake,VA ,USA,https://acukwik.com/Airport-Info/47VA
,Island,Chesapeake,WV ,USA,https://acukwik.com/Airport-Info/WV08
KHTW,Lawrence County Airpark,Chesapeake,OH ,USA,https://acukwik.com/Airport-Info/KHTW
,Chesapeake City,Chesapeake City,MD ,USA,https://acukwik.com/Airport-Info/04MD
,Paradise Landing,Chesnee,SC ,USA,https://acukwik.com/Airport-Info/SC36
,Turner Field,Chesnee,SC ,USA,https://acukwik.com/Airport-Info/SC88
KSNC,Chester,Chester,CT ,USA,https://acukwik.com/Airport-Info/KSNC
KDCM,Chester Catawba Regional,Chester,SC ,USA,https://acukwik.com/Airport-Info/KDCM
,Chester Regional Medical Center,Chester,SC ,USA,https://acukwik.com/Airport-Info/SC85
,Crozer-Chester,Chester,PA ,USA,https://acukwik.com/Airport-Info/PS65
,Doms,Chester,NY ,USA,https://acukwik.com/Airport-Info/NK86
,High View Too,Chester,NY ,USA,https://acukwik.com/Airport-Info/2NY2
,Holloway,Chester,VT ,USA,https://acukwik.com/Airport-Info/VT13
KLTY,Liberty County,Chester,MT ,USA,https://acukwik.com/Airport-Info/KLTY
,Mc Laughlin,Chester,VA ,USA,https://acukwik.com/Airport-Info/2G6
,Memorial Hospital,Chester,IL ,USA,https://acukwik.com/Airport-Info/4IS2
,New Poverty Flats,Chester,NH ,USA,https://acukwik.com/Airport-Info/NH61
,Orange Poultry Farm,Chester,NY ,USA,https://acukwik.com/Airport-Info/4NY1
,Rogers Field,Chester,CA ,USA,https://acukwik.com/Airport-Info/O05
,Sutton,Chester,NE ,USA,https://acukwik.com/Airport-Info/NE35
,Trust Landing,Chester,OK ,USA,https://acukwik.com/Airport-Info/OK72
,Usfs Chester,Chester,CA ,USA,https://acukwik.com/Airport-Info/5Q2
,St Lukes Hospital West,Chesterfield,MO ,USA,https://acukwik.com/Airport-Info/MO12
,Bodin,Chesterton,IN ,USA,https://acukwik.com/Airport-Info/IN70
,Breezecroft,Chestertown,MD ,USA,https://acukwik.com/Airport-Info/05MD
,Breezecroft,Chestertown,MD ,USA,https://acukwik.com/Airport-Info/23MD
,Chester River Hospital,Chestertown,MD ,USA,https://acukwik.com/Airport-Info/MD51
,Cromwell Farm,Chestertown,MD ,USA,https://acukwik.com/Airport-Info/MD63
,Hybarc Farm,Chestertown,MD ,USA,https://acukwik.com/Airport-Info/MD19
,Wright Field,Chestertown,MD ,USA,https://acukwik.com/Airport-Info/MD11
,Beaver Creek,Chesterville,ME ,USA,https://acukwik.com/Airport-Info/51ME
,Chesuncook Forestry District,Chesuncook,ME ,USA,https://acukwik.com/Airport-Info/ME18
,Chesuncook Lake House,Chesuncook,ME ,USA,https://acukwik.com/Airport-Info/1ME
,Nugent Chamberlain Lake,Chesuncook,ME ,USA,https://acukwik.com/Airport-Info/39B
,Chetek Municipal/Southworth,Chetek,WI ,USA,https://acukwik.com/Airport-Info/Y23
,Cloud Dancer Pvt,Chetek,WI ,USA,https://acukwik.com/Airport-Info/WS13
,Knutson Farms,Chetek,WI ,USA,https://acukwik.com/Airport-Info/3WN6
PAVA,Chevak,Chevak,AK ,USA,https://acukwik.com/Airport-Info/PAVA
,Prince George's Hospital Center,Cheverly,MD ,USA,https://acukwik.com/Airport-Info/1MD4
,Chewelah Municipal,Chewelah,WA ,USA,https://acukwik.com/Airport-Info/1S9
,St Joseph's Hospital,Chewelah,WA ,USA,https://acukwik.com/Airport-Info/6WA0
,Cheyenne Echo,Cheyenne,WY ,USA,https://acukwik.com/Airport-Info/WY50
KCYS,Cheyenne Regional/Jerry Olson Field,Cheyenne,WY ,USA,https://acukwik.com/Airport-Info/KCYS
KFEW,Francis E Warren Afb,Cheyenne,WY ,USA,https://acukwik.com/Airport-Info/KFEW
,L J Pankey,Cheyenne,OK ,USA,https://acukwik.com/Airport-Info/OL08
,Mignon Laird Municipal,Cheyenne,OK ,USA,https://acukwik.com/Airport-Info/93F
,Radio Ranch,Cheyenne,WY ,USA,https://acukwik.com/Airport-Info/WY46
,Skyview Airpark,Cheyenne,WY ,USA,https://acukwik.com/Airport-Info/WY05
,Windy Plains,Cheyenne Wells,CO ,USA,https://acukwik.com/Airport-Info/5CO0
KPWK,Chicago Executive,Chicago,IL ,USA,https://acukwik.com/Airport-Info/KPWK
,Chicago Fire Dept Air Sea Rescue,Chicago,IL ,USA,https://acukwik.com/Airport-Info/LL35
KMDW,Chicago Midway International,Chicago,IL ,USA,https://acukwik.com/Airport-Info/KMDW
KORD,Chicago O'Hare International,Chicago,IL ,USA,https://acukwik.com/Airport-Info/KORD
,Chicago Police Marine,Chicago,IL ,USA,https://acukwik.com/Airport-Info/10LL
KARR,Chicago/Aurora Municipal,Chicago,IL ,USA,https://acukwik.com/Airport-Info/KARR
KUGN,Chicago/Waukegan Regional,Chicago,IL ,USA,https://acukwik.com/Airport-Info/KUGN
KDPA,DuPage,Chicago,IL ,USA,https://acukwik.com/Airport-Info/KDPA
,First Area Police Hdqtrs,Chicago,IL ,USA,https://acukwik.com/Airport-Info/IL69
,John H Stroger Hospital Of Cook County,Chicago,IL ,USA,https://acukwik.com/Airport-Info/IL75
,Lake In The Hills,Chicago,IL ,USA,https://acukwik.com/Airport-Info/3CK
KIGQ,Lansing Municipal,Chicago,IL ,USA,https://acukwik.com/Airport-Info/KIGQ
,Lurie Childrens Hospital,Chicago,IL ,USA,https://acukwik.com/Airport-Info/75IS
,Presence Resurrection Medical Center,Chicago,IL ,USA,https://acukwik.com/Airport-Info/IL79
,Presence Sts Mary And Elizabeth Medical Center,Chicago,IL ,USA,https://acukwik.com/Airport-Info/6IS7
,Schaumburg Regional,Chicago,IL ,USA,https://acukwik.com/Airport-Info/06C
,The University Of Chicago Medicine,Chicago,IL ,USA,https://acukwik.com/Airport-Info/4IS3
,Vertiport Chicago,Chicago,IL ,USA,https://acukwik.com/Airport-Info/43IL
,Wgn-Tv,Chicago,IL ,USA,https://acukwik.com/Airport-Info/IL70
,Advocate Christ Medical Center,Chicago/Oak Lawn,IL ,USA,https://acukwik.com/Airport-Info/IL77
KLOT,Lewis University Chicago Romeoville,Chicago/Romeoville,IL ,USA,https://acukwik.com/Airport-Info/KLOT
,Schaumburg Municipal Helistop,Chicago/Schaumburg,IL ,USA,https://acukwik.com/Airport-Info/4H1
,Tinley Park Helistop,Chicago/Tinley Park,IL ,USA,https://acukwik.com/Airport-Info/TF8
,John Harris Field,Chickala,AR ,USA,https://acukwik.com/Airport-Info/AR05
,Castle Mountain Airstrip,Chickaloon,AK ,USA,https://acukwik.com/Airport-Info/48AK
,Twin Forks,Chickamauga,GA ,USA,https://acukwik.com/Airport-Info/GA77
KCHK,Chickasha Municipal,Chickasha,OK ,USA,https://acukwik.com/Airport-Info/KCHK
,Drifting G Ranch,Chickasha,OK ,USA,https://acukwik.com/Airport-Info/OK60
,Good Life Ranch,Chickasha,OK ,USA,https://acukwik.com/Airport-Info/17OK
,Redhills,Chickasha,OK ,USA,https://acukwik.com/Airport-Info/6OK2
,Chicken,Chicken,AK ,USA,https://acukwik.com/Airport-Info/CKX
KCIC,Chico Regional,Chico,CA ,USA,https://acukwik.com/Airport-Info/KCIC
,Enloe Hospital,Chico,CA ,USA,https://acukwik.com/Airport-Info/CL37
,Johnsen,Chico,CA ,USA,https://acukwik.com/Airport-Info/4CA7
,Ranchaero,Chico,CA ,USA,https://acukwik.com/Airport-Info/CL56
,Spectre Field,Chico,TX ,USA,https://acukwik.com/Airport-Info/XA07
,Chicopee,Chicopee,MA ,USA,https://acukwik.com/Airport-Info/MA47
KCEF,Westover ARB/Westover Metropolitan,Chicopee,MA ,USA,https://acukwik.com/Airport-Info/KCEF
,Waltman,Chicora,PA ,USA,https://acukwik.com/Airport-Info/87PA
,Brookins Air Strip,Chiefland,FL ,USA,https://acukwik.com/Airport-Info/73FD
,Chiefland Sky Ranch,Chiefland,FL ,USA,https://acukwik.com/Airport-Info/51FL
,Neal Field,Chiefland,FL ,USA,https://acukwik.com/Airport-Info/79FL
,White Farms,Chiefland,FL ,USA,https://acukwik.com/Airport-Info/FA36
,Windy Acres,Chiefland,FL ,USA,https://acukwik.com/Airport-Info/6FD0
PAJC,Chignik,Chignik,AK ,USA,https://acukwik.com/Airport-Info/PAJC
,Chignik Bay,Chignik,AK ,USA,https://acukwik.com/Airport-Info/Z78
,Chignik Lagoon,Chignik Lagoon,AK ,USA,https://acukwik.com/Airport-Info/KCL
,Chignik Lake,Chignik Lake,AK ,USA,https://acukwik.com/Airport-Info/A79
,Bodad,Chilcoot,CA ,USA,https://acukwik.com/Airport-Info/CA11
KCDS,Childress Municipal,Childress,TX ,USA,https://acukwik.com/Airport-Info/KCDS
,Childress Regional Medical Center,Childress,TX ,USA,https://acukwik.com/Airport-Info/TA91
,Chiles Airpark,Chiles,KS ,USA,https://acukwik.com/Airport-Info/69KS
,White Oak Stand,Chilhowie,VA ,USA,https://acukwik.com/Airport-Info/VA11
,Adena Regional Medical Cntr,Chillicothe,OH ,USA,https://acukwik.com/Airport-Info/OH91
KCHT,Chillicothe Municipal,Chillicothe,MO ,USA,https://acukwik.com/Airport-Info/KCHT
,District 9,Chillicothe,OH ,USA,https://acukwik.com/Airport-Info/OH47
KRZT,Ross County,Chillicothe,OH ,USA,https://acukwik.com/Airport-Info/KRZT
,Va Hospital,Chillicothe,OH ,USA,https://acukwik.com/Airport-Info/OI21
,Chiloquin State,Chiloquin,OR ,USA,https://acukwik.com/Airport-Info/2S7
,Flying Feathers,Chilton,WI ,USA,https://acukwik.com/Airport-Info/11Y
,Teconnet,China,ME ,USA,https://acukwik.com/Airport-Info/29ME
,Bradley Field,China Grove,NC ,USA,https://acukwik.com/Airport-Info/NC29
KNID,China Lake NAWS (Armitage Field),China Lake,CA ,USA,https://acukwik.com/Airport-Info/KNID
,Pocock,China Spring,TX ,USA,https://acukwik.com/Airport-Info/04TX
,V-Bar,China Spring,TX ,USA,https://acukwik.com/Airport-Info/4TA2
,Wildcat Canyon,China Spring,TX ,USA,https://acukwik.com/Airport-Info/3T8
,Chinle Municipal,Chinle,AZ ,USA,https://acukwik.com/Airport-Info/E91
KCNO,Chino,Chino,CA ,USA,https://acukwik.com/Airport-Info/KCNO
,Robin,Chino Valley,AZ ,USA,https://acukwik.com/Airport-Info/59AZ
,Edgar G Obie,Chinook,MT ,USA,https://acukwik.com/Airport-Info/S71
,Maddox Ranch Company,Chinook,MT ,USA,https://acukwik.com/Airport-Info/3MT4
,Hartzog Field,Chipley,FL ,USA,https://acukwik.com/Airport-Info/FD94
,Northwest Florida Community Hospital,Chipley,FL ,USA,https://acukwik.com/Airport-Info/80FL
,Blunt Field,Chippewa Falls,WI ,USA,https://acukwik.com/Airport-Info/3WN8
,Rosenbaum Field,Chippewa Falls,WI ,USA,https://acukwik.com/Airport-Info/3WI9
,St Joseph's Hospital,Chippewa Falls,WI ,USA,https://acukwik.com/Airport-Info/WS47
,T-Bo Field,Chippewa Falls,WI ,USA,https://acukwik.com/Airport-Info/WI32
,Wissota,Chippewa Falls,WI ,USA,https://acukwik.com/Airport-Info/4WI0
,Chiriaco Summit,Chiriaco Summit,CA ,USA,https://acukwik.com/Airport-Info/L77
,Chisana,Chisana,AK ,USA,https://acukwik.com/Airport-Info/CZN
,Klutts Field,Chisholm,TX ,USA,https://acukwik.com/Airport-Info/20XS
,Christenson Point,Chisholm/Hibbing,MN ,USA,https://acukwik.com/Airport-Info/08MN
,Chistochina,Chistochina,AK ,USA,https://acukwik.com/Airport-Info/CZO
,Chitina,Chitina,AK ,USA,https://acukwik.com/Airport-Info/CXC
,Luther,Chittenango,NY ,USA,https://acukwik.com/Airport-Info/NK51
,Chloride,Chloride,NM ,USA,https://acukwik.com/Airport-Info/NM51
KCII,Choteau,Choteau,MT ,USA,https://acukwik.com/Airport-Info/KCII
,Flat Rock Field,Chouteau,OK ,USA,https://acukwik.com/Airport-Info/OL32
,Chapman Farms,Chowchilla,CA ,USA,https://acukwik.com/Airport-Info/67CA
,Chowchilla,Chowchilla,CA ,USA,https://acukwik.com/Airport-Info/2O6
,Carilion Clinic,Christiansburg,VA ,USA,https://acukwik.com/Airport-Info/VA22
,Christmas Valley,Christmas Valley,OR ,USA,https://acukwik.com/Airport-Info/62S
,Table Rock,Christmas Valley,OR ,USA,https://acukwik.com/Airport-Info/OG06
,South Trap,Christoval,TX ,USA,https://acukwik.com/Airport-Info/73TS
PACH,Chuathbaluk,Chuathbaluk,AK ,USA,https://acukwik.com/Airport-Info/PACH
,Hensley Airpark,Chuckey,TN ,USA,https://acukwik.com/Airport-Info/04TN
,Hilltop,Chugiak,AK ,USA,https://acukwik.com/Airport-Info/AK24
,Vowers Ranch,Chugwater,WY ,USA,https://acukwik.com/Airport-Info/WY29
,John Nichol's Field,Chula Vista,CA ,USA,https://acukwik.com/Airport-Info/0CL3
,Big Oaks Ranch,Chuluota,FL ,USA,https://acukwik.com/Airport-Info/6FD2
,Darnell's Field,Church Hill,TN ,USA,https://acukwik.com/Airport-Info/77TN
,Darnell's Landings,Church Hill,TN ,USA,https://acukwik.com/Airport-Info/45TN
,Kennersley,Church Hill,MD ,USA,https://acukwik.com/Airport-Info/MD23
,Myles Landing,Church Hill,MD ,USA,https://acukwik.com/Airport-Info/27MD
,Saxon Farms,Church Hill,MD ,USA,https://acukwik.com/Airport-Info/MD91
,Aslh-Heli,Church Point,LA ,USA,https://acukwik.com/Airport-Info/57LA
,Church Point Flyers,Church Point,LA ,USA,https://acukwik.com/Airport-Info/6LA5
,Lost Airfield,Church Point,LA ,USA,https://acukwik.com/Airport-Info/71LA
,Harford County,Churchville,MD ,USA,https://acukwik.com/Airport-Info/0W3
,Resler,Churubusco,IN ,USA,https://acukwik.com/Airport-Info/19IN
,Tropria,Churubusco,IN ,USA,https://acukwik.com/Airport-Info/IN62
,Cibecue,Cibecue,AZ ,USA,https://acukwik.com/Airport-Info/Z95
,Mc Gill,Cicero,IN ,USA,https://acukwik.com/Airport-Info/18II
,Cerro Summit,Cimarron,CO ,USA,https://acukwik.com/Airport-Info/CD29
,Cimarron,Cimarron,NM ,USA,https://acukwik.com/Airport-Info/C12
,Cimarron Municipal,Cimarron,KS ,USA,https://acukwik.com/Airport-Info/8K8
,Fitzpatrick,Cimarron,CO ,USA,https://acukwik.com/Airport-Info/CD30
,Brown,Cincinnati,OH ,USA,https://acukwik.com/Airport-Info/81OI
,Christ Hospital,Cincinnati,OH ,USA,https://acukwik.com/Airport-Info/OH49
,Cincinnati Childrens Ems,Cincinnati,OH ,USA,https://acukwik.com/Airport-Info/OA33
KLUK,Cincinnati Municipal Lunken,Cincinnati,OH ,USA,https://acukwik.com/Airport-Info/KLUK
KCVG,Cincinnati Northern Kentucky International,Cincinnati,OH ,USA,https://acukwik.com/Airport-Info/KCVG
,Good Samaritan Hospital,Cincinnati,OH ,USA,https://acukwik.com/Airport-Info/92OI
,Good Samaritan Medical Center,Cincinnati,OH ,USA,https://acukwik.com/Airport-Info/00OH
,Green,Cincinnati,OH ,USA,https://acukwik.com/Airport-Info/OA60
,Horizons,Cincinnati,OH ,USA,https://acukwik.com/Airport-Info/4OI3
,Mercy Anderson,Cincinnati,OH ,USA,https://acukwik.com/Airport-Info/OH37
,Mercy Health - The Jewish Hospital,Cincinnati,OH ,USA,https://acukwik.com/Airport-Info/8OA3
,University Hospital/Sicu,Cincinnati,OH ,USA,https://acukwik.com/Airport-Info/8OH9
,Jet Line South,Cinnaminson,NJ ,USA,https://acukwik.com/Airport-Info/2JY5
PACR,Circle City,Circle,AK ,USA,https://acukwik.com/Airport-Info/PACR
,Circle Town County,Circle,MT ,USA,https://acukwik.com/Airport-Info/4U6
,Circle Hot Springs,Circle Hot Springs,AK ,USA,https://acukwik.com/Airport-Info/CHP
KCYO,Pickaway County Memorial,Circleville,OH ,USA,https://acukwik.com/Airport-Info/KCYO
,Cisco Municipal,Cisco,TX ,USA,https://acukwik.com/Airport-Info/3F2
KGZN,Gregory M Simmons Memorial,Cisco,TX ,USA,https://acukwik.com/Airport-Info/KGZN
,Spring Ranch,Cisco,TX ,USA,https://acukwik.com/Airport-Info/48XA
,Westwater,Cisco,UT ,USA,https://acukwik.com/Airport-Info/UT42
,Paniola Air Ranch,Citra,FL ,USA,https://acukwik.com/Airport-Info/FD14
,Thompson's Goinbroke Aero Ranch,Citra,FL ,USA,https://acukwik.com/Airport-Info/9FD5
,Silcox Memorial,Citronelle,AL ,USA,https://acukwik.com/Airport-Info/35AL
,Commerce Business Park,City Of Commerce,CA ,USA,https://acukwik.com/Airport-Info/2CL0
,City Of Industry Civic Financial Center,City Of Industry,CA ,USA,https://acukwik.com/Airport-Info/40CA
,L A County Sheriff's Department,City Of Industry,CA ,USA,https://acukwik.com/Airport-Info/7L5
,Los Altos,City Of Industry,CA ,USA,https://acukwik.com/Airport-Info/6CN5
,Recreation And Conference Center,City Of Industry,CA ,USA,https://acukwik.com/Airport-Info/9CA3
,J F Ranch,Clairette,TX ,USA,https://acukwik.com/Airport-Info/62XS
,Hackney Landing,Clam Gulch,AK ,USA,https://acukwik.com/Airport-Info/96AK
,Little Clam Lake,Clam Lake,WI ,USA,https://acukwik.com/Airport-Info/7WI1
,Chilton County Health Care Authority,Clanton,AL ,USA,https://acukwik.com/Airport-Info/5AL4
,Chilton County/Cragg-Wade Field,Clanton,AL ,USA,https://acukwik.com/Airport-Info/02A
,Mitchell Dam,Clanton,AL ,USA,https://acukwik.com/Airport-Info/8AL0
,Ware Island,Clanton,AL ,USA,https://acukwik.com/Airport-Info/01AL
,Howard's,Clara City,MN ,USA,https://acukwik.com/Airport-Info/66MN
,Clare Municipal,Clare,MI ,USA,https://acukwik.com/Airport-Info/48D
,Denton Farms,Clare,MI ,USA,https://acukwik.com/Airport-Info/MI1
KCNH,Claremont Municipal,Claremont,NH ,USA,https://acukwik.com/Airport-Info/KCNH
,Valley Regional Hospital,Claremont,NH ,USA,https://acukwik.com/Airport-Info/NH97
,Barcus Field,Claremore,OK ,USA,https://acukwik.com/Airport-Info/95OK
KGCM,Claremore Regional,Claremore,OK ,USA,https://acukwik.com/Airport-Info/KGCM
,Claremore Regional Hospital,Claremore,OK ,USA,https://acukwik.com/Airport-Info/5OK1
,Sageeyah Airfield,Claremore,OK ,USA,https://acukwik.com/Airport-Info/OK20
,Sam Riggs Airpark,Claremore,OK ,USA,https://acukwik.com/Airport-Info/K11
,Merkle,Clarence Center,NY ,USA,https://acukwik.com/Airport-Info/NK87
,Potoczak,Clarence Center,NY ,USA,https://acukwik.com/Airport-Info/NK19
,Clarendon Municipal,Clarendon,AR ,USA,https://acukwik.com/Airport-Info/4M8
,Smiley Johnson Municipal/Bass Field,Clarendon,TX ,USA,https://acukwik.com/Airport-Info/E34
KICL,Schenck Field,Clarinda,IA ,USA,https://acukwik.com/Airport-Info/KICL
,Yaw-Hoo Field,Clarinda,IA ,USA,https://acukwik.com/Airport-Info/IA05
KAXQ,Clarion County,Clarion,PA ,USA,https://acukwik.com/Airport-Info/KAXQ
,Clarion Hospital,Clarion,PA ,USA,https://acukwik.com/Airport-Info/91PA
KCAV,Clarion Municipal,Clarion,IA ,USA,https://acukwik.com/Airport-Info/KCAV
,Iowa Speciality Hospital,Clarion,IA ,USA,https://acukwik.com/Airport-Info/4IA5
,Parker-Cramer,Clarion,PA ,USA,https://acukwik.com/Airport-Info/PS66
,Clarissa Municipal,Clarissa,MN ,USA,https://acukwik.com/Airport-Info/8Y5
,Clark County,Clark,SD ,USA,https://acukwik.com/Airport-Info/8D7
,Cx Ranch,Clark Fork,ID ,USA,https://acukwik.com/Airport-Info/ID01
,Cx Ranch Nr 2,Clark Fork,ID ,USA,https://acukwik.com/Airport-Info/ID78
,Delta Shores,Clark Fork,ID ,USA,https://acukwik.com/Airport-Info/00ID
,Riverlake,Clark Fork,ID ,USA,https://acukwik.com/Airport-Info/ID75
,Tuka,Clark Fork,ID ,USA,https://acukwik.com/Airport-Info/ID32
,Arrendale Forest,Clarkesville,GA ,USA,https://acukwik.com/Airport-Info/GA45
,King Sky Ranch,Clarkesville,GA ,USA,https://acukwik.com/Airport-Info/GA67
,Rockin R,Clarkesville,GA ,USA,https://acukwik.com/Airport-Info/GA30
,Stocking Meadows,Clarkia,ID ,USA,https://acukwik.com/Airport-Info/ID33
PFCL,Clarks Point,Clarks Point,AK ,USA,https://acukwik.com/Airport-Info/PFCL
,Hollingshead,Clarksboro,NJ ,USA,https://acukwik.com/Airport-Info/NJ25
,Borges - Clarksburg,Clarksburg,CA ,USA,https://acukwik.com/Airport-Info/CN13
,Cng Division 4,Clarksburg,WV ,USA,https://acukwik.com/Airport-Info/WV16
,Louis A Johnson VA Medical Center,Clarksburg,WV ,USA,https://acukwik.com/Airport-Info/2WV2
KCKB,North Central West Virginia,Clarksburg,WV ,USA,https://acukwik.com/Airport-Info/KCKB
,Ruth Field,Clarksburg,WV ,USA,https://acukwik.com/Airport-Info/WV28
KCKM,Fletcher Field,Clarksdale,MS ,USA,https://acukwik.com/Airport-Info/KCKM
,Nwmrmc,Clarksdale,MS ,USA,https://acukwik.com/Airport-Info/MS94
,Shannon Field,Clarksdale,MS ,USA,https://acukwik.com/Airport-Info/02CD
,Mc Grew,Clarkson,KY ,USA,https://acukwik.com/Airport-Info/66KY
,Kiwi Air,Clarkston,WA ,USA,https://acukwik.com/Airport-Info/WT28
,Ponderosa,Clarkston,MT ,USA,https://acukwik.com/Airport-Info/MT34
,Skid Row,Clarkston,WA ,USA,https://acukwik.com/Airport-Info/WT33
,Tri-State Memorial Hospital EMS,Clarkston,WA ,USA,https://acukwik.com/Airport-Info/WT89
,Blue Ridge Field,Clarksville,TN ,USA,https://acukwik.com/Airport-Info/95TN
,Clarksville,Clarksville,FL ,USA,https://acukwik.com/Airport-Info/74FD
,Clarksville Municipal,Clarksville,AR ,USA,https://acukwik.com/Airport-Info/H35
KLBR,Clarksville/Red River County-J D Trissell Field,Clarksville,TX ,USA,https://acukwik.com/Airport-Info/KLBR
,Emergency Air Lift,Clarksville,TN ,USA,https://acukwik.com/Airport-Info/TN86
,Ferraraccio Field,Clarksville,TN ,USA,https://acukwik.com/Airport-Info/19TN
,Gateway Medical Center,Clarksville,TN ,USA,https://acukwik.com/Airport-Info/TN93
,Johnson Regional Medical Center,Clarksville,AR ,USA,https://acukwik.com/Airport-Info/AR02
,Lake Country Regional,Clarksville,VA ,USA,https://acukwik.com/Airport-Info/W63
,Merifield,Clarksville,VA ,USA,https://acukwik.com/Airport-Info/VG34
KCKV,Outlaw Field,Clarksville,TN ,USA,https://acukwik.com/Airport-Info/KCKV
,Parr Field,Clarksville,TN ,USA,https://acukwik.com/Airport-Info/TN53
,Ron Wood,Clarksville,FL ,USA,https://acukwik.com/Airport-Info/5FD1
,Ruckman Field,Clarksville,TN ,USA,https://acukwik.com/Airport-Info/36TN
,Titan Field,Clarksville,TN ,USA,https://acukwik.com/Airport-Info/TN23
,Elkins Field,Clarkton,NC ,USA,https://acukwik.com/Airport-Info/2NR2
,Monte Prieto Ranch,Claunch,NM ,USA,https://acukwik.com/Airport-Info/57NM
KCWV,Claxton-Evans County,Claxton,GA ,USA,https://acukwik.com/Airport-Info/KCWV
,Airlane Enterprises,Clay,NY ,USA,https://acukwik.com/Airport-Info/1H1
,Callaway Airpark,Clay Center,KS ,USA,https://acukwik.com/Airport-Info/SN33
KCYW,Clay Center Municipal,Clay Center,KS ,USA,https://acukwik.com/Airport-Info/KCYW
,Clay City Vol Fire Department,Clay City,KY ,USA,https://acukwik.com/Airport-Info/9KY0
,Pumpkin Field,Clay City,KY ,USA,https://acukwik.com/Airport-Info/92KY
,Narrigan Grass Strip,Claysville,PA ,USA,https://acukwik.com/Airport-Info/68PN
,Big Creek Flying Ranch,Clayton,GA ,USA,https://acukwik.com/Airport-Info/GA18
,Clayton Municipal,Clayton,AL ,USA,https://acukwik.com/Airport-Info/11A
KCAO,Clayton Municipal Airpark,Clayton,NM ,USA,https://acukwik.com/Airport-Info/KCAO
,Cross Winds,Clayton,WA ,USA,https://acukwik.com/Airport-Info/C72
,Full Throttle Farm,Clayton,DE ,USA,https://acukwik.com/Airport-Info/23DE
,Heaven's Landing,Clayton,GA ,USA,https://acukwik.com/Airport-Info/GE99
,Johnston Medical Center,Clayton,NC ,USA,https://acukwik.com/Airport-Info/03NR
,Ritchie Airfield,Clayton,NY ,USA,https://acukwik.com/Airport-Info/28NK
,Wayne Brown,Clayton,LA ,USA,https://acukwik.com/Airport-Info/37LA
,Wedding Cake Ranch,Clayton,NM ,USA,https://acukwik.com/Airport-Info/NM14
,Clayton Lake Strip,Clayton Lake,ME ,USA,https://acukwik.com/Airport-Info/ME19
,Ilco Landing Area,Clayton Lake,ME ,USA,https://acukwik.com/Airport-Info/ME04
,Red Pine Grove,Clayton Lake,ME ,USA,https://acukwik.com/Airport-Info/82ME
,Cle Elum Municipal,Cle Elum,WA ,USA,https://acukwik.com/Airport-Info/S93
,De Vere Field,Cle Elum,WA ,USA,https://acukwik.com/Airport-Info/2W1
PACL,Clear,Clear,AK ,USA,https://acukwik.com/Airport-Info/PACL
,Clear Lake,Clear Lake,IN ,USA,https://acukwik.com/Airport-Info/IN66
,Clear Lake,Clear Lake,IN ,USA,https://acukwik.com/Airport-Info/57P
,East Clear,Clear Lake,IN ,USA,https://acukwik.com/Airport-Info/4IN3
,Leaders Clear Lake,Clear Lake,MN ,USA,https://acukwik.com/Airport-Info/8Y6
,Miller,Clear Lake,MN ,USA,https://acukwik.com/Airport-Info/2MY4
,Plain Ol' Field,Clear Lake,IA ,USA,https://acukwik.com/Airport-Info/IA38
KFIG,Clearfield-Lawrence,Clearfield,PA ,USA,https://acukwik.com/Airport-Info/KFIG
,Penn Highlands Clearfield,Clearfield,PA ,USA,https://acukwik.com/Airport-Info/23PN
,St Helena Hospital Clearlake,Clearlake,CA ,USA,https://acukwik.com/Airport-Info/CL53
KCLW,Clearwater Airpark,Clearwater,FL ,USA,https://acukwik.com/Airport-Info/KCLW
,Clearwater Marriott,Clearwater,FL ,USA,https://acukwik.com/Airport-Info/1FD2
,Morton Plant Hospital,Clearwater,FL ,USA,https://acukwik.com/Airport-Info/06FL
,Rucker,Clearwater,KS ,USA,https://acukwik.com/Airport-Info/SN34
,Toketee State,Clearwater,OR ,USA,https://acukwik.com/Airport-Info/3S6
,Blackwood Airpark,Cleburne,TX ,USA,https://acukwik.com/Airport-Info/TX46
KCPT,Cleburne Regional,Cleburne,TX ,USA,https://acukwik.com/Airport-Info/KCPT
,Goatneck,Cleburne,TX ,USA,https://acukwik.com/Airport-Info/13TX
,Texas Health Resources Cleburne,Cleburne,TX ,USA,https://acukwik.com/Airport-Info/4TA9
,Clements,Clements,MD ,USA,https://acukwik.com/Airport-Info/4MD4
,Recompense Farm,Clements,MD ,USA,https://acukwik.com/Airport-Info/2MD1
,Mutschler Field,Clementsville,ND ,USA,https://acukwik.com/Airport-Info/ND89
,Rivercliff,Clemmons,NC ,USA,https://acukwik.com/Airport-Info/NC32
KCEU,Oconee County Regional,Clemson,SC ,USA,https://acukwik.com/Airport-Info/KCEU
,"Usar Center, Clemson",Clemson,SC ,USA,https://acukwik.com/Airport-Info/SC53
,Eagle Chief,Cleo Springs,OK ,USA,https://acukwik.com/Airport-Info/OL25
,Adventhealth Clermont Er,Clermont,FL ,USA,https://acukwik.com/Airport-Info/62FA
,Kings Field,Clermont,FL ,USA,https://acukwik.com/Airport-Info/21FL
,South Campus South Lake Hospital,Clermont,FL ,USA,https://acukwik.com/Airport-Info/40FA
,South Lake Hospital Main Campus,Clermont,FL ,USA,https://acukwik.com/Airport-Info/FA82
,Summer Spot,Clermont,FL ,USA,https://acukwik.com/Airport-Info/84FA
,Tarvair,Clermont,FL ,USA,https://acukwik.com/Airport-Info/43FL
,1st District Police Sta,Cleveland,OH ,USA,https://acukwik.com/Airport-Info/OI50
,4th Dist Police Station,Cleveland,OH ,USA,https://acukwik.com/Airport-Info/OI51
,Bass Breeze Ranch,Cleveland,TX ,USA,https://acukwik.com/Airport-Info/0TS5
,Bolivar County Hospital,Cleveland,MS ,USA,https://acukwik.com/Airport-Info/MS01
,Bradley Memorial Hospital,Cleveland,TN ,USA,https://acukwik.com/Airport-Info/33TN
KBKL,Burke Lakefront,Cleveland,OH ,USA,https://acukwik.com/Airport-Info/KBKL
,Cavok Airpark,Cleveland,TX ,USA,https://acukwik.com/Airport-Info/06TE
,Cleveland Area Hospital,Cleveland,OK ,USA,https://acukwik.com/Airport-Info/8OK3
,Cleveland Clinic Fairview Hospital,Cleveland,OH ,USA,https://acukwik.com/Airport-Info/OH27
,Cleveland Clinic Foundation,Cleveland,OH ,USA,https://acukwik.com/Airport-Info/6OI8
KRNV,Cleveland Municipal,Cleveland,MS ,USA,https://acukwik.com/Airport-Info/KRNV
,Cleveland Municipal,Cleveland,OK ,USA,https://acukwik.com/Airport-Info/95F
,Cleveland Municipal,Cleveland,TX ,USA,https://acukwik.com/Airport-Info/6R3
,Cleveland Police Dept 5th District,Cleveland,OH ,USA,https://acukwik.com/Airport-Info/7OH9
KRZR,Cleveland TN Regional Jetport,Cleveland,TN ,USA,https://acukwik.com/Airport-Info/KRZR
KCLE,Cleveland/Hopkins International,Cleveland,OH ,USA,https://acukwik.com/Airport-Info/KCLE
KCGF,Cuyahoga County,Cleveland,OH ,USA,https://acukwik.com/Airport-Info/KCGF
,Deer Crossing,Cleveland,GA ,USA,https://acukwik.com/Airport-Info/21GE
,Duke International,Cleveland,TX ,USA,https://acukwik.com/Airport-Info/42TT
,Flying S Ranch,Cleveland,NC ,USA,https://acukwik.com/Airport-Info/0NC8
,King Field,Cleveland,SC ,USA,https://acukwik.com/Airport-Info/SC78
,Metro Health Medical Center,Cleveland,OH ,USA,https://acukwik.com/Airport-Info/53OI
,Mountain Airpark,Cleveland,GA ,USA,https://acukwik.com/Airport-Info/0GE5
,University Hospitals Cleveland Medical Center,Cleveland,OH ,USA,https://acukwik.com/Airport-Info/77OI
,Williams,Cleveland,MO ,USA,https://acukwik.com/Airport-Info/MO98
,Airglades,Clewiston,FL ,USA,https://acukwik.com/Airport-Info/2IS
,Harpers Fly-In Ranch,Clewiston,FL ,USA,https://acukwik.com/Airport-Info/0FL0
,Hendry Medical,Clewiston,FL ,USA,https://acukwik.com/Airport-Info/45FA
,Mc Daniel Ranch Inc,Clewiston,FL ,USA,https://acukwik.com/Airport-Info/0FL9
,Southern Ranch,Clewiston,FL ,USA,https://acukwik.com/Airport-Info/2FA4
,Ashlawn,Clifford,PA ,USA,https://acukwik.com/Airport-Info/3PN1
,Erickson,Clifford,ND ,USA,https://acukwik.com/Airport-Info/3NA0
,Berns,Clifton,IL ,USA,https://acukwik.com/Airport-Info/IL81
,Clifton Municipal/Isenhower Field,Clifton,TX ,USA,https://acukwik.com/Airport-Info/7F7
,Double Circle Ranch,Clifton,AZ ,USA,https://acukwik.com/Airport-Info/AZ66
KCFT,Greenlee County,Clifton,AZ ,USA,https://acukwik.com/Airport-Info/KCFT
,Hassell-Carroll Field,Clifton,TN ,USA,https://acukwik.com/Airport-Info/M29
,Hidden Ridge Ranch,Clifton,TX ,USA,https://acukwik.com/Airport-Info/89XA
,Hoffmann-La Roche Inc,Clifton,NJ ,USA,https://acukwik.com/Airport-Info/NJ26
,Metro Electric,Clifton,NJ ,USA,https://acukwik.com/Airport-Info/47NJ
,Talley,Clifton,TX ,USA,https://acukwik.com/Airport-Info/TX48
,Hop-Along,Clifton Forge,VA ,USA,https://acukwik.com/Airport-Info/12VA
,Coldbrook Field,Climax,MI ,USA,https://acukwik.com/Airport-Info/MI47
,Eagle's Landing,Climax Springs,MO ,USA,https://acukwik.com/Airport-Info/MU11
,Miller,Climax Springs,MO ,USA,https://acukwik.com/Airport-Info/MO99
,Rancho San Lorenzo,Clint,TX ,USA,https://acukwik.com/Airport-Info/TA62
,Benton Farms,Clinton,MS ,USA,https://acukwik.com/Airport-Info/39MS
,Clinton,Clinton,IL ,USA,https://acukwik.com/Airport-Info/C26
,Clinton Hospital,Clinton,MA ,USA,https://acukwik.com/Airport-Info/30MA
KCCA,Clinton Municipal,Clinton,AR ,USA,https://acukwik.com/Airport-Info/KCCA
KCWI,Clinton Municipal,Clinton,IA ,USA,https://acukwik.com/Airport-Info/KCWI
,Clinton Power Station,Clinton,IL ,USA,https://acukwik.com/Airport-Info/II41
KCLK,Clinton Regional,Clinton,OK ,USA,https://acukwik.com/Airport-Info/KCLK
KGLY,Clinton Regional,Clinton,MO ,USA,https://acukwik.com/Airport-Info/KGLY
,Clinton-Hickman County,Clinton,KY ,USA,https://acukwik.com/Airport-Info/0KY7
KCTZ,Clinton-Sampson County,Clinton,NC ,USA,https://acukwik.com/Airport-Info/KCTZ
KCSM,Clinton/Sherman,Clinton,OK ,USA,https://acukwik.com/Airport-Info/KCSM
,Ferros Ranch-Aero,Clinton,MO ,USA,https://acukwik.com/Airport-Info/0MO0
,Golden Valley Memorial Hospital,Clinton,MO ,USA,https://acukwik.com/Airport-Info/90MO
,Holley Mountain Airpark,Clinton,AR ,USA,https://acukwik.com/Airport-Info/2A2
,Hooterville,Clinton,IL ,USA,https://acukwik.com/Airport-Info/7IS3
,Integris Clinton Regional Hospital,Clinton,OK ,USA,https://acukwik.com/Airport-Info/5OK5
,John Scharff,Clinton,IL ,USA,https://acukwik.com/Airport-Info/33IL
,Laurens Memorial Hospital,Clinton,SC ,USA,https://acukwik.com/Airport-Info/SC33
,Martin,Clinton,IL ,USA,https://acukwik.com/Airport-Info/IL82
,Mc Coy,Clinton,PA ,USA,https://acukwik.com/Airport-Info/88PA
,Mc Cutcheon Field,Clinton,LA ,USA,https://acukwik.com/Airport-Info/LA83
,Melin Farms,Clinton,WI ,USA,https://acukwik.com/Airport-Info/3WI6
,Mercy Medical Center - Clinton,Clinton,IA ,USA,https://acukwik.com/Airport-Info/7IA5
,Overton,Clinton,LA ,USA,https://acukwik.com/Airport-Info/4LA8
,P2 Landing,Clinton,MS ,USA,https://acukwik.com/Airport-Info/37MS
,Raymond L Kussmaul Jr Memorial,Clinton,MI ,USA,https://acukwik.com/Airport-Info/7N4
,Rock Creek,Clinton,MT ,USA,https://acukwik.com/Airport-Info/RC0
,Sampson Regional Medical Center,Clinton,NC ,USA,https://acukwik.com/Airport-Info/NC85
,Southern Md Hospital Center,Clinton,MD ,USA,https://acukwik.com/Airport-Info/3MD1
,Union Hospital Clinton,Clinton,IN ,USA,https://acukwik.com/Airport-Info/2II8
,Van Buren County Memorial Hospital,Clinton,AR ,USA,https://acukwik.com/Airport-Info/31AR
,Dan's Apple Farm,Clinton Township,MI ,USA,https://acukwik.com/Airport-Info/MI21
,Henry Ford Macomb Hospital,Clinton Township,MI ,USA,https://acukwik.com/Airport-Info/90MI
KCLI,Clintonville Municipal,Clintonville,WI ,USA,https://acukwik.com/Airport-Info/KCLI
,Alkay,Clio,MI ,USA,https://acukwik.com/Airport-Info/51G
,Clio Crop Care,Clio,SC ,USA,https://acukwik.com/Airport-Info/9W9
,Cromptons Strip,Clio,MI ,USA,https://acukwik.com/Airport-Info/MI05
KCOQ,Cloquet/Carlton County,Cloquet,MN ,USA,https://acukwik.com/Airport-Info/KCOQ
,Country Haven,Cloquet,MN ,USA,https://acukwik.com/Airport-Info/MY94
,Alpha Hotel,Clover,VA ,USA,https://acukwik.com/Airport-Info/07VA
,Rizzy Ridge,Clover,SC ,USA,https://acukwik.com/Airport-Info/39SC
,Clover Knoll,Cloverdale,IN ,USA,https://acukwik.com/Airport-Info/II07
,Cloverdale Municipal,Cloverdale,CA ,USA,https://acukwik.com/Airport-Info/O60
,Sanders Gyroport,Cloverdale,IN ,USA,https://acukwik.com/Airport-Info/IN88
,Aero Tech Inc,Clovis,NM ,USA,https://acukwik.com/Airport-Info/NM42
KCVS,Cannon AFB,Clovis,NM ,USA,https://acukwik.com/Airport-Info/KCVS
,Clovis Community Medical Center,Clovis,CA ,USA,https://acukwik.com/Airport-Info/19CL
KCVN,Clovis Regional,Clovis,NM ,USA,https://acukwik.com/Airport-Info/KCVN
,Rogers Helicopters Inc,Clovis,CA ,USA,https://acukwik.com/Airport-Info/7CL2
,Clute Fire & EMS Station #1,Clute,TX ,USA,https://acukwik.com/Airport-Info/01TT
,Bandit Field Airdrome,Clyde,OH ,USA,https://acukwik.com/Airport-Info/5D9
,Haywood Regional Medical Center,Clyde,NC ,USA,https://acukwik.com/Airport-Info/26NR
,Owen Field,Clyde,TX ,USA,https://acukwik.com/Airport-Info/4XA3
,Pine View,Clyde,NY ,USA,https://acukwik.com/Airport-Info/NY41
,Tesar,Clyde,OH ,USA,https://acukwik.com/Airport-Info/OI48
,Crazy Mountain Ranch,Clyde Park,MT ,USA,https://acukwik.com/Airport-Info/34MT
,Downes,Clymer,PA ,USA,https://acukwik.com/Airport-Info/PS39
,Briar Patch,Clyo,GA ,USA,https://acukwik.com/Airport-Info/9GA1
,Rock Creek Farm,Coal Gate,OK ,USA,https://acukwik.com/Airport-Info/0OK4
,St Lukes Miners Memorial Hospital,Coaldale,PA ,USA,https://acukwik.com/Airport-Info/PS07
,City Of Coalgate,Coalgate,OK ,USA,https://acukwik.com/Airport-Info/08F
,Harris Ranch,Coalinga,CA ,USA,https://acukwik.com/Airport-Info/3O8
,New Coalinga Municipal,Coalinga,CA ,USA,https://acukwik.com/Airport-Info/C80
,Baisden,Coalton,OH ,USA,https://acukwik.com/Airport-Info/4OI9
,Hoytsville,Coalville,UT ,USA,https://acukwik.com/Airport-Info/38UT
,Turkey Track,Coates,MN ,USA,https://acukwik.com/Airport-Info/MY52
KMQS,Chester County G O Carlson,Coatesville,PA ,USA,https://acukwik.com/Airport-Info/KMQS
,Coatesville,Coatesville,PA ,USA,https://acukwik.com/Airport-Info/4PS8
,Piasecki Heliplex,Coatsville,PA ,USA,https://acukwik.com/Airport-Info/PN34
,Squier Landing,Cobb Island,MD ,USA,https://acukwik.com/Airport-Info/0MD2
,Greer,Coburg,OR ,USA,https://acukwik.com/Airport-Info/OG48
,West Point,Coburg,OR ,USA,https://acukwik.com/Airport-Info/OR45
,Cochran-Bleckley,Cochran,GA ,USA,https://acukwik.com/Airport-Info/48A
,Mike's,Cochranville,PA ,USA,https://acukwik.com/Airport-Info/PN52
,Knobel,Cocoa,FL ,USA,https://acukwik.com/Airport-Info/3FL4
,Treasure Lagoon,Cocoa,FL ,USA,https://acukwik.com/Airport-Info/FA13
,Cape Canaveral Hospital,Cocoa Beach,FL ,USA,https://acukwik.com/Airport-Info/1FL8
KXMR,Cape Canaveral Space Force Station Skid Strip,Cocoa Beach,FL ,USA,https://acukwik.com/Airport-Info/KXMR
KCOF,Patrick Space Force Base,Cocoa Beach,FL ,USA,https://acukwik.com/Airport-Info/KCOF
,Kinetica-Cocodrie,Cocodrie,LA ,USA,https://acukwik.com/Airport-Info/LA86
,Bar Flying E,Cody,WY ,USA,https://acukwik.com/Airport-Info/2WY8
,Cody Regional Health,Cody,WY ,USA,https://acukwik.com/Airport-Info/WY62
,Luckinbill Airstrip,Cody,WY ,USA,https://acukwik.com/Airport-Info/WY06
KCOD,Yellowstone Regional,Cody,WY ,USA,https://acukwik.com/Airport-Info/KCOD
,Coeburn,Coeburn,VA ,USA,https://acukwik.com/Airport-Info/5VA7
,Big Country,Coeur D'alene,ID ,USA,https://acukwik.com/Airport-Info/ID71
,Brooks,Coeur D'alene,ID ,USA,https://acukwik.com/Airport-Info/S76
,Carlin Bay,Coeur D'alene,ID ,USA,https://acukwik.com/Airport-Info/ID43
,Coeur D'alene Resort,Coeur D'alene,ID ,USA,https://acukwik.com/Airport-Info/ID02
KCOE,Coeur D'alene/Pappy Boyington Field,Coeur D'Alene,ID ,USA,https://acukwik.com/Airport-Info/KCOE
,Driftwood Air Ranch,Coeur D'alene,ID ,USA,https://acukwik.com/Airport-Info/ID65
,Hawk Haven,Coeur D'alene,ID ,USA,https://acukwik.com/Airport-Info/ID27
,Kootenai Health,Coeur D'alene,ID ,USA,https://acukwik.com/Airport-Info/ID03
,Magee,Coeur D'alene,ID ,USA,https://acukwik.com/Airport-Info/S77
,Regan Ranch,Coeur D'alene,ID ,USA,https://acukwik.com/Airport-Info/6ID1
,Rockford Bay,Coeur D'alene,ID ,USA,https://acukwik.com/Airport-Info/ID73
,Scanlon,Coeur D'alene,ID ,USA,https://acukwik.com/Airport-Info/ID98
,Scanlon,Coeur D'alene,ID ,USA,https://acukwik.com/Airport-Info/15ID
,Sheldon,Coeur D'alene,ID ,USA,https://acukwik.com/Airport-Info/0WN8
KCFV,Coffeyville Municipal,Coffeyville,KS ,USA,https://acukwik.com/Airport-Info/KCFV
,Coffeyville Regional Medical Center,Coffeyville,KS ,USA,https://acukwik.com/Airport-Info/9KS0
PAKC,Coffman Cove,Coffman Cove,AK ,USA,https://acukwik.com/Airport-Info/PAKC
,Dahl Pvt,Cogswell/Brampton,ND ,USA,https://acukwik.com/Airport-Info/ND90
,Pluhar,Cohagen,MT ,USA,https://acukwik.com/Airport-Info/04MT
,Pleasant Beach,Cohasset,MA ,USA,https://acukwik.com/Airport-Info/4MA6
,Turtle Bay,Cohasset,MN ,USA,https://acukwik.com/Airport-Info/MN73
,Circle B,Cokeville,WY ,USA,https://acukwik.com/Airport-Info/WY32
,Boyle R & D,Colbert,WA ,USA,https://acukwik.com/Airport-Info/63WA
,Sunshine Acres,Colbert,WA ,USA,https://acukwik.com/Airport-Info/WA21
KCBK,Shalz Field,Colby,KS ,USA,https://acukwik.com/Airport-Info/KCBK
,Cub Cove,Colchester,VT ,USA,https://acukwik.com/Airport-Info/48VT
,Malletts Head,Colchester,VT ,USA,https://acukwik.com/Airport-Info/VT57
,Skis Landing Area,Colchester,CT ,USA,https://acukwik.com/Airport-Info/CT07
,Blinn Lake,Cold Bay,AK ,USA,https://acukwik.com/Airport-Info/Z87
PACD,Cold Bay,Cold Bay,AK ,USA,https://acukwik.com/Airport-Info/PACD
PAAL,Port Moller,Cold Bay,AK ,USA,https://acukwik.com/Airport-Info/PAAL
,Cold Meadows Usfs,Cold Meadows Guard Station,ID ,USA,https://acukwik.com/Airport-Info/U81
PACX,Coldfoot,Coldfoot,AK ,USA,https://acukwik.com/Airport-Info/PACX
,Rocking B Cattle,Coldspring,TX ,USA,https://acukwik.com/Airport-Info/75XA
KOEB,Branch County Memorial,Coldwater,MI ,USA,https://acukwik.com/Airport-Info/KOEB
,Comanche County,Coldwater,KS ,USA,https://acukwik.com/Airport-Info/3K8
,Community Health Center Of Branch Company,Coldwater,MI ,USA,https://acukwik.com/Airport-Info/MI85
,Community Hospital,Coldwater,OH ,USA,https://acukwik.com/Airport-Info/54OI
,Midsouth Airpark,Coldwater,MS ,USA,https://acukwik.com/Airport-Info/08MS
,Gifford Field,Colebrook,NH ,USA,https://acukwik.com/Airport-Info/4C4
,Upper Connecticut Valley Hospital,Colebrook,NH ,USA,https://acukwik.com/Airport-Info/41NH
,Central Florida Airpark,Coleman,FL ,USA,https://acukwik.com/Airport-Info/2FA6
,Coleman County Medical Center,Coleman,TX ,USA,https://acukwik.com/Airport-Info/TT07
KCOM,Coleman Municipal,Coleman,TX ,USA,https://acukwik.com/Airport-Info/KCOM
,Ermis-Ridgeview,Coleman,WI ,USA,https://acukwik.com/Airport-Info/5WI8
,Ranch At Double Gates,Coleman,TX ,USA,https://acukwik.com/Airport-Info/88XS
,Sanford Field,Coles Point,VA ,USA,https://acukwik.com/Airport-Info/VA23
,Keystone Farms,Colfax,LA ,USA,https://acukwik.com/Airport-Info/LA17
,Lower Granite Dam,Colfax,WA ,USA,https://acukwik.com/Airport-Info/WN43
,Lower Granite State,Colfax,WA ,USA,https://acukwik.com/Airport-Info/00W
,Port Of Whitman Business Air Center,Colfax,WA ,USA,https://acukwik.com/Airport-Info/S94
,Whitman Community Hospital,Colfax,WA ,USA,https://acukwik.com/Airport-Info/70WA
KCGS,College Park,College Park,MD ,USA,https://acukwik.com/Airport-Info/KCGS
,Martin Field,College Place,WA ,USA,https://acukwik.com/Airport-Info/S95
,Edo,College Point,NY ,USA,https://acukwik.com/Airport-Info/4NY2
KCLL,Easterwood Field,College Station,TX ,USA,https://acukwik.com/Airport-Info/KCLL
,Scott & White Medical Center - College Station,College Station,TX ,USA,https://acukwik.com/Airport-Info/XS73
,St Joseph Health/College Station,College Station,TX ,USA,https://acukwik.com/Airport-Info/XS92
,Texas World Speedway Helistop Nr 1,College Station,TX ,USA,https://acukwik.com/Airport-Info/0TE8
,Texas World Speedway Helistop Nr 2,College Station,TX ,USA,https://acukwik.com/Airport-Info/0TE9
KFGU,Collegedale Municipal,Collegedale,TN ,USA,https://acukwik.com/Airport-Info/KFGU
,Collegeville,Collegeville,PA ,USA,https://acukwik.com/Airport-Info/03PA
,Kunda,Collegeville,PA ,USA,https://acukwik.com/Airport-Info/PA61
,Pfizer-Collegeville,Collegeville,PA ,USA,https://acukwik.com/Airport-Info/0PN3
,Argonaut Airstrip,Collierville,TN ,USA,https://acukwik.com/Airport-Info/54TN
,Burkeen Field,Collierville,TN ,USA,https://acukwik.com/Airport-Info/TN70
,Colonial Air Park,Collierville,TN ,USA,https://acukwik.com/Airport-Info/01TN
,Sikes Farm,Collins,GA ,USA,https://acukwik.com/Airport-Info/8GA5
,Airman Acres,Collinsville,OK ,USA,https://acukwik.com/Airport-Info/OK93
,Bluestem,Collinsville,OK ,USA,https://acukwik.com/Airport-Info/OK58
,Collinsville Rural Fire District,Collinsville,OK ,USA,https://acukwik.com/Airport-Info/OK45
,Pfeiffer Field,Collinsville,OH ,USA,https://acukwik.com/Airport-Info/2OH7
,Ragtime Aerodrome,Collinsville,OK ,USA,https://acukwik.com/Airport-Info/09OK
,Sandridge Airpark Inc,Collinsville,OK ,USA,https://acukwik.com/Airport-Info/OK94
,Sudden Stop,Collinsville,TX ,USA,https://acukwik.com/Airport-Info/T32
,Germania,Cologne,NJ ,USA,https://acukwik.com/Airport-Info/51NJ
,Keystone Xl Colome,Colome,SD ,USA,https://acukwik.com/Airport-Info/SD08
,Quad City Med Force,Colona,IL ,USA,https://acukwik.com/Airport-Info/74IS
,Technical Center,Colonial Heights,VA ,USA,https://acukwik.com/Airport-Info/7VA2
,Colorado City,Colorado City,TX ,USA,https://acukwik.com/Airport-Info/T88
KAZC,Colorado City Municipal,Colorado City,AZ ,USA,https://acukwik.com/Airport-Info/KAZC
,Diamond Star Ranch,Colorado City,CO ,USA,https://acukwik.com/Airport-Info/31CD
,Greenhorn Strip,Colorado City,CO ,USA,https://acukwik.com/Airport-Info/CO49
,Landers Ranch,Colorado City,TX ,USA,https://acukwik.com/Airport-Info/1TS8
,Colorado Creek,Colorado Creek,AK ,USA,https://acukwik.com/Airport-Info/KCR
,Centura Health Interquest Campus,Colorado Springs,CO ,USA,https://acukwik.com/Airport-Info/CO91
KCQJ,Cheyenne Mtn Sfs,Colorado Springs,CO ,USA,https://acukwik.com/Airport-Info/KCQJ
KCOS,City of Colorado Springs Municipal,Colorado Springs,CO ,USA,https://acukwik.com/Airport-Info/KCOS
KFLY,Colorado Springs/Meadow Lake,Colorado Springs,CO ,USA,https://acukwik.com/Airport-Info/KFLY
,Penrose Hospital,Colorado Springs,CO ,USA,https://acukwik.com/Airport-Info/CO24
,St Francis Medical Center,Colorado Springs,CO ,USA,https://acukwik.com/Airport-Info/68CO
,Uch-Mhs Memorial Central,Colorado Springs,CO ,USA,https://acukwik.com/Airport-Info/19CO
,Uch-Mhs Memorial North,Colorado Springs,CO ,USA,https://acukwik.com/Airport-Info/77CO
KAFF,USAF Academy Davis Airfield,Colorado Springs,CO ,USA,https://acukwik.com/Airport-Info/KAFF
,Rick's Colstrip,Colstrip,MT ,USA,https://acukwik.com/Airport-Info/M46
KDRP,Delta Regional,Colt,AR ,USA,https://acukwik.com/Airport-Info/KDRP
,Runsick Flying Service,Colt,AR ,USA,https://acukwik.com/Airport-Info/7AR3
,Arrowhead Regional Medical Center,Colton,CA ,USA,https://acukwik.com/Airport-Info/4CL9
,Due Process Stables,Colts Neck,NJ ,USA,https://acukwik.com/Airport-Info/59NJ
,Nws Earle,Colts Neck,NJ ,USA,https://acukwik.com/Airport-Info/NJ28
,Trump Ntl Golf Club Colts Neck,Colts Neck,NJ ,USA,https://acukwik.com/Airport-Info/60NJ
,Aerospace Tech Center,Columbia,MD ,USA,https://acukwik.com/Airport-Info/2MD2
,Beets,Columbia,MS ,USA,https://acukwik.com/Airport-Info/9MS9
,Boone Hospital Center,Columbia,MO ,USA,https://acukwik.com/Airport-Info/91MO
,Byrd Creek,Columbia,VA ,USA,https://acukwik.com/Airport-Info/46VA
,Caldwell Parish,Columbia,LA ,USA,https://acukwik.com/Airport-Info/F86
,Cedar Creek,Columbia,MO ,USA,https://acukwik.com/Airport-Info/MO74
,Citizens Medical Center,Columbia,LA ,USA,https://acukwik.com/Airport-Info/LA23
,Columbia,Columbia,CA ,USA,https://acukwik.com/Airport-Info/O22
,Columbia Airstrip,Columbia,NC ,USA,https://acukwik.com/Airport-Info/87NR
KCAE,Columbia Metropolitan,Columbia,SC ,USA,https://acukwik.com/Airport-Info/KCAE
KCOU,Columbia Regional,Columbia,MO ,USA,https://acukwik.com/Airport-Info/KCOU
,Columbia-Adair County,Columbia,KY ,USA,https://acukwik.com/Airport-Info/I96
,Columbia/Marion County,Columbia,MS ,USA,https://acukwik.com/Airport-Info/0R0
,Flying Hog Farm,Columbia,AL ,USA,https://acukwik.com/Airport-Info/9AL6
,Glendale Field,Columbia,TN ,USA,https://acukwik.com/Airport-Info/51TN
,Howard County General Hospital,Columbia,MD ,USA,https://acukwik.com/Airport-Info/MD25
,Hunter,Columbia,TN ,USA,https://acukwik.com/Airport-Info/06TN
KCUB,Jim Hamilton L.B. Owens,Columbia,SC ,USA,https://acukwik.com/Airport-Info/KCUB
,Marion General Hospital,Columbia,MS ,USA,https://acukwik.com/Airport-Info/1MS9
KMRC,Maury County,Columbia,TN ,USA,https://acukwik.com/Airport-Info/KMRC
,Maury Regional Hospital,Columbia,TN ,USA,https://acukwik.com/Airport-Info/1TN5
,Pela 15,Columbia,TN ,USA,https://acukwik.com/Airport-Info/1TN1
,Porter,Columbia,MS ,USA,https://acukwik.com/Airport-Info/5MS3
,Providence Hospital,Columbia,SC ,USA,https://acukwik.com/Airport-Info/SC77
,Rassawek Airstrip,Columbia,VA ,USA,https://acukwik.com/Airport-Info/78VA
,Richland Memorial Hospital,Columbia,SC ,USA,https://acukwik.com/Airport-Info/SC22
,Sackman Field,Columbia,IL ,USA,https://acukwik.com/Airport-Info/IL91
,Sled,Columbia,SC ,USA,https://acukwik.com/Airport-Info/2SC6
,Sugar Branch,Columbia,MO ,USA,https://acukwik.com/Airport-Info/MU32
,University Hospitals & Clinics,Columbia,MO ,USA,https://acukwik.com/Airport-Info/MU37
,Westlake Regional Hospital,Columbia,KY ,USA,https://acukwik.com/Airport-Info/48KY
,White Cloud Flying Field,Columbia,MO ,USA,https://acukwik.com/Airport-Info/MU23
,Gordon,Columbia City,IN ,USA,https://acukwik.com/Airport-Info/09IN
,Homestead,Columbia City,IN ,USA,https://acukwik.com/Airport-Info/29IN
,Terry's,Columbia City,IN ,USA,https://acukwik.com/Airport-Info/3IG3
,Torres,Columbia Falls,MT ,USA,https://acukwik.com/Airport-Info/MT18
,Ayers,Columbia Furnace,VA ,USA,https://acukwik.com/Airport-Info/VA93
,Columbia,Columbia Station,OH ,USA,https://acukwik.com/Airport-Info/4G8
,Eaken's Landing,Columbiana,OH ,USA,https://acukwik.com/Airport-Info/OH02
,Shelby County Sheriff's Office,Columbiana,AL ,USA,https://acukwik.com/Airport-Info/91AL
,Tri-L Acres Airpark,Columbiana,AL ,USA,https://acukwik.com/Airport-Info/1AL2
,York Aerodrome,Columbiana,OH ,USA,https://acukwik.com/Airport-Info/8OH4
,Baptist Memorial Hospital-Golden Triangle,Columbus,MS ,USA,https://acukwik.com/Airport-Info/25MS
KTZR,Bolton Field,Columbus,OH ,USA,https://acukwik.com/Airport-Info/KTZR
,Channel 10/Wbns-Tv,Columbus,OH ,USA,https://acukwik.com/Airport-Info/OI47
,Columbus,Columbus,OH ,USA,https://acukwik.com/Airport-Info/OH52
KCBM,Columbus AFB,Columbus,MS ,USA,https://acukwik.com/Airport-Info/KCBM
,Columbus Community Hospital,Columbus,TX ,USA,https://acukwik.com/Airport-Info/TA15
KCSG,Columbus Metropolitan,Columbus,GA ,USA,https://acukwik.com/Airport-Info/KCSG
,Columbus Municipal,Columbus,ND ,USA,https://acukwik.com/Airport-Info/D49
KBAK,Columbus Municipal,Columbus,IN ,USA,https://acukwik.com/Airport-Info/KBAK
KOLU,Columbus Municipal,Columbus,NE ,USA,https://acukwik.com/Airport-Info/KOLU
,Columbus Municipal,Columbus,NM ,USA,https://acukwik.com/Airport-Info/0NM0
,Columbus Regional Hospital,Columbus,IN ,USA,https://acukwik.com/Airport-Info/2IN7
KUBS,Columbus-Lowndes County,Columbus,MS ,USA,https://acukwik.com/Airport-Info/KUBS
,Firebuster,Columbus,MT ,USA,https://acukwik.com/Airport-Info/49MT
,First Aero Squadron Airpark,Columbus,NM ,USA,https://acukwik.com/Airport-Info/NM09
,Fountain Prairie,Columbus,WI ,USA,https://acukwik.com/Airport-Info/6WN6
KGTR,Golden Triangle Regional,Columbus,MS ,USA,https://acukwik.com/Airport-Info/KGTR
,Grant Medical Center,Columbus,OH ,USA,https://acukwik.com/Airport-Info/OH01
,Hacienda Sur Luna,Columbus,NM ,USA,https://acukwik.com/Airport-Info/NM78
KCMH,John Glenn International,Columbus,OH ,USA,https://acukwik.com/Airport-Info/KCMH
,Joseph Skilken & Company,Columbus,OH ,USA,https://acukwik.com/Airport-Info/5OH8
,Medflight,Columbus,OH ,USA,https://acukwik.com/Airport-Info/OA08
,Medical Center,Columbus,GA ,USA,https://acukwik.com/Airport-Info/01GA
,Mount Carmel East Hospital,Columbus,OH ,USA,https://acukwik.com/Airport-Info/28OI
,Mount Carmel Health,Columbus,OH ,USA,https://acukwik.com/Airport-Info/OI61
,National,Columbus,OH ,USA,https://acukwik.com/Airport-Info/OI96
,Nationwide Children's Hospital,Columbus,OH ,USA,https://acukwik.com/Airport-Info/OI95
,Ohio Bldg Authority,Columbus,OH ,USA,https://acukwik.com/Airport-Info/OH53
KOSU,Ohio State University,Columbus,OH ,USA,https://acukwik.com/Airport-Info/KOSU
,Ohio State University Hospital,Columbus,OH ,USA,https://acukwik.com/Airport-Info/OH54
,Prairie Ridge Health,Columbus,WI ,USA,https://acukwik.com/Airport-Info/WI41
,Pratt And Whitney Aircraft,Columbus,GA ,USA,https://acukwik.com/Airport-Info/1GA1
,Red Roof Inns,Columbus,OH ,USA,https://acukwik.com/Airport-Info/6OI9
KLCK,Rickenbacker International,Columbus,OH ,USA,https://acukwik.com/Airport-Info/KLCK
,River Field,Columbus,TX ,USA,https://acukwik.com/Airport-Info/TS27
,Riverside Methodist Hospital,Columbus,OH ,USA,https://acukwik.com/Airport-Info/9OI9
,Robert R Wells Jr,Columbus,TX ,USA,https://acukwik.com/Airport-Info/66R
,Ross Heart Hospital,Columbus,OH ,USA,https://acukwik.com/Airport-Info/OA52
,S&l Edwards,Columbus,MT ,USA,https://acukwik.com/Airport-Info/44MT
,St Luke's Hospital,Columbus,NC ,USA,https://acukwik.com/Airport-Info/9NC5
,Strietelmeier Flying Field,Columbus,IN ,USA,https://acukwik.com/Airport-Info/91IN
,University Hospital East,Columbus,OH ,USA,https://acukwik.com/Airport-Info/2OI6
,Woltermann Memorial,Columbus,MT ,USA,https://acukwik.com/Airport-Info/6S3
,Macks,Columbus Grove,OH ,USA,https://acukwik.com/Airport-Info/OI75
,Akm Airfield,Columia Cross Roads,PA ,USA,https://acukwik.com/Airport-Info/PN54
,Behring Ranch,Colusa,CA ,USA,https://acukwik.com/Airport-Info/3CA3
,Colusa County,Colusa,CA ,USA,https://acukwik.com/Airport-Info/O08
,Davis,Colusa,CA ,USA,https://acukwik.com/Airport-Info/67CL
,Douglas,Colusa,IL ,USA,https://acukwik.com/Airport-Info/IL84
,Colville Municipal,Colville,WA ,USA,https://acukwik.com/Airport-Info/63S
,Providence Mount Carmel Hospital,Colville,WA ,USA,https://acukwik.com/Airport-Info/77WA
,Smith,Colville,WA ,USA,https://acukwik.com/Airport-Info/WA73
,Zema Private,Colville,WA ,USA,https://acukwik.com/Airport-Info/WA72
,Comanche County Consolidated Hospital Dist,Comanche,TX ,USA,https://acukwik.com/Airport-Info/3XS9
KMKN,Comanche County-City,Comanche,TX ,USA,https://acukwik.com/Airport-Info/KMKN
,Ksa Orchards,Comanche,OK ,USA,https://acukwik.com/Airport-Info/OK11
,Wildlife Ranch,Comanche,OK ,USA,https://acukwik.com/Airport-Info/25OK
,Loma De Cometa,Cometa,TX ,USA,https://acukwik.com/Airport-Info/66TX
,Comfort Airpark,Comfort,TX ,USA,https://acukwik.com/Airport-Info/17TE
,Scout,Comfort,TX ,USA,https://acukwik.com/Airport-Info/XS80
,Commerce Municipal,Commerce,TX ,USA,https://acukwik.com/Airport-Info/2F7
,Doug Bolton Field,Commerce,GA ,USA,https://acukwik.com/Airport-Info/02GA
,Hunt Regional Community,Commerce,TX ,USA,https://acukwik.com/Airport-Info/60TS
,Huron Valley Sinai Hospital,Commerce,MI ,USA,https://acukwik.com/Airport-Info/53MI
,Bresson,Compton,IL ,USA,https://acukwik.com/Airport-Info/C82
KCPM,Compton/Woodley,Compton,CA ,USA,https://acukwik.com/Airport-Info/KCPM
,Earl Barnickel,Compton,IL ,USA,https://acukwik.com/Airport-Info/IL88
,W Davis,Compton,IL ,USA,https://acukwik.com/Airport-Info/IL87
,Mort's Landing,Comstock,WI ,USA,https://acukwik.com/Airport-Info/0WI1
,Nix River Ranch Strip,Comstock,TX ,USA,https://acukwik.com/Airport-Info/TX07
,Robertson Ranch,Comstock,TX ,USA,https://acukwik.com/Airport-Info/0TE0
,Conchas Lake,Conchas Dam,NM ,USA,https://acukwik.com/Airport-Info/E61
,Conchas Lake,Conchas Dam,NM ,USA,https://acukwik.com/Airport-Info/E89
KCCR,Buchanan Field,Concord,CA ,USA,https://acukwik.com/Airport-Info/KCCR
,Buffalo Creek,Concord,NC ,USA,https://acukwik.com/Airport-Info/4NC8
,Chalfant,Concord,NC ,USA,https://acukwik.com/Airport-Info/NC77
,Chs Northeast Medical Center,Concord,NC ,USA,https://acukwik.com/Airport-Info/NC60
,Concord Hospital,Concord,NH ,USA,https://acukwik.com/Airport-Info/NH13
KCON,Concord Municipal,Concord,NH ,USA,https://acukwik.com/Airport-Info/KCON
KJQF,Concord-Padgett Regional,Concord,NC ,USA,https://acukwik.com/Airport-Info/KJQF
,Flying 'h' Ranch,Concord,GA ,USA,https://acukwik.com/Airport-Info/GA68
,Flying D,Concord,GA ,USA,https://acukwik.com/Airport-Info/1GE5
,Hendrick Motorsports,Concord,NC ,USA,https://acukwik.com/Airport-Info/NC41
,Meadowlark,Concord,GA ,USA,https://acukwik.com/Airport-Info/GA75
,Propst,Concord,NC ,USA,https://acukwik.com/Airport-Info/NC19
,Q Area,Concord,CA ,USA,https://acukwik.com/Airport-Info/60CA
,Shade Tree,Concord,GA ,USA,https://acukwik.com/Airport-Info/GA73
,Skovhus,Concord,VA ,USA,https://acukwik.com/Airport-Info/VA24
,St Anthonys Medical Center,Concord,MO ,USA,https://acukwik.com/Airport-Info/6MU6
,Surette,Concord,NH ,USA,https://acukwik.com/Airport-Info/70NH
,Takle Field,Concord,GA ,USA,https://acukwik.com/Airport-Info/GA74
,Thacker Field,Concord,GA ,USA,https://acukwik.com/Airport-Info/4GA1
,Waste,Concord,NH ,USA,https://acukwik.com/Airport-Info/NH52
,Wb,Concord,NC ,USA,https://acukwik.com/Airport-Info/8NC5
,Windrift Aerodrome,Concord,GA ,USA,https://acukwik.com/Airport-Info/2GA5
KCNK,Blosser Municipal,Concordia,KS ,USA,https://acukwik.com/Airport-Info/KCNK
,Cloud County Hospital,Concordia,KS ,USA,https://acukwik.com/Airport-Info/92KS
,Mears Field,Concrete,WA ,USA,https://acukwik.com/Airport-Info/3W5
,Ajax,Condon,OR ,USA,https://acukwik.com/Airport-Info/OR46
,Condon State Pauling Field,Condon,OR ,USA,https://acukwik.com/Airport-Info/3S9
,Condon Usfs,Condon,MT ,USA,https://acukwik.com/Airport-Info/S04
,Eaglecrest Field,Conesville,OH ,USA,https://acukwik.com/Airport-Info/05OH
,Wright's Field,Conesville,OH ,USA,https://acukwik.com/Airport-Info/36OH
,Adams,Coneville,PA ,USA,https://acukwik.com/Airport-Info/90PA
,University Hospitals Conneaut Medical Center,Conneaut,OH ,USA,https://acukwik.com/Airport-Info/92OH
,Connell City,Connell,WA ,USA,https://acukwik.com/Airport-Info/WA14
KVVS,Joseph A Hardy Connellsville,Connellsville,PA ,USA,https://acukwik.com/Airport-Info/KVVS
,Penn Highlands Hospital,Connellsville,PA ,USA,https://acukwik.com/Airport-Info/PA38
,Dbear Ranch,Conner,MT ,USA,https://acukwik.com/Airport-Info/92MT
,Trapper Creek Strip,Conner,MT ,USA,https://acukwik.com/Airport-Info/MT30
,West Fork Lodge,Conner,MT ,USA,https://acukwik.com/Airport-Info/4U7
,Dungan,Connersville,IN ,USA,https://acukwik.com/Airport-Info/IN12
KCEV,Mettel Field,Connersville,IN ,USA,https://acukwik.com/Airport-Info/KCEV
,Cooper Coles Ranch,Connerville,OK ,USA,https://acukwik.com/Airport-Info/OL37
,Pembroke Farm,Conowingo,MD ,USA,https://acukwik.com/Airport-Info/6MD4
,Conrad,Conrad,MT ,USA,https://acukwik.com/Airport-Info/S01
,Berkley Ranch,Conroe,TX ,USA,https://acukwik.com/Airport-Info/TT75
,Flying Hare Field,Conroe,TX ,USA,https://acukwik.com/Airport-Info/34XS
,Hca Houston Healthcare Conroe,Conroe,TX ,USA,https://acukwik.com/Airport-Info/55TA
,Lawrence Administrative Services Inc,Conroe,TX ,USA,https://acukwik.com/Airport-Info/3TS6
,Montgomery County Law Enforcement Center,Conroe,TX ,USA,https://acukwik.com/Airport-Info/TE41
,Outlaw Flyers,Conroe,TX ,USA,https://acukwik.com/Airport-Info/16XS
,Conshohocken,Conshohocken,PA ,USA,https://acukwik.com/Airport-Info/5PA8
,Shepard,Constantia,NY ,USA,https://acukwik.com/Airport-Info/NK04
,Converse,Converse,IN ,USA,https://acukwik.com/Airport-Info/1I8
,Arkavalley,Conway,AR ,USA,https://acukwik.com/Airport-Info/12A
,Baptist Health Medical Center Conway,Conway,AR ,USA,https://acukwik.com/Airport-Info/1AR3
,Cantrell Farms,Conway,AR ,USA,https://acukwik.com/Airport-Info/AR06
KCXW,Conway Municipal,Conway,AR ,USA,https://acukwik.com/Airport-Info/KCXW
,Conway Regional Health System,Conway,AR ,USA,https://acukwik.com/Airport-Info/4AR3
KHYW,Conway-Horry County,Conway,SC ,USA,https://acukwik.com/Airport-Info/KHYW
,Eagles Aerodrome,Conway,TX ,USA,https://acukwik.com/Airport-Info/55T
,Flib Field,Conway,MO ,USA,https://acukwik.com/Airport-Info/MU57
,Jc's,Conway,WA ,USA,https://acukwik.com/Airport-Info/27WA
,Poe's,Conway,AR ,USA,https://acukwik.com/Airport-Info/AR88
,Wamsley Field,Conway Springs,KS ,USA,https://acukwik.com/Airport-Info/SN36
,Lola Landing,Conyers,GA ,USA,https://acukwik.com/Airport-Info/36GA
,Ntl Ems Headquarters,Conyers,GA ,USA,https://acukwik.com/Airport-Info/9GE9
,Rockdale Hospital,Conyers,GA ,USA,https://acukwik.com/Airport-Info/3GE5
,Whispering Pines,Conyers,GA ,USA,https://acukwik.com/Airport-Info/GA80
,Barnes,Cook,MN ,USA,https://acukwik.com/Airport-Info/01MN
,Cook Hospital,Cook,MN ,USA,https://acukwik.com/Airport-Info/1MN6
KCQM,Cook Municipal,Cook,MN ,USA,https://acukwik.com/Airport-Info/KCQM
,Cookeville Regional Medical Center,Cookeville,TN ,USA,https://acukwik.com/Airport-Info/TN31
,Holder Field,Cookeville,TN ,USA,https://acukwik.com/Airport-Info/4TN6
,One Grand Field,Cookeville,TN ,USA,https://acukwik.com/Airport-Info/5TN9
,Schiff,Cookeville,TN ,USA,https://acukwik.com/Airport-Info/TN80
,Snake Creek Wilderness,Cookson,OK ,USA,https://acukwik.com/Airport-Info/OK06
,Tenkiller Lake Airpark,Cookson,OK ,USA,https://acukwik.com/Airport-Info/44M
,Pontiac Flying/Cooksville,Cooksville,IL ,USA,https://acukwik.com/Airport-Info/2IS9
,Coolidge Municipal,Coolidge,AZ ,USA,https://acukwik.com/Airport-Info/P08
,Sarita,Coolidge,AZ ,USA,https://acukwik.com/Airport-Info/37AZ
,Cavanaugh Bay,Coolin,ID ,USA,https://acukwik.com/Airport-Info/66S
,Stangl,Coon Rapids,IA ,USA,https://acukwik.com/Airport-Info/16IA
,Oak Glen Ranch,Cooper,TX ,USA,https://acukwik.com/Airport-Info/3TS9
,Walker,Cooper,MI ,USA,https://acukwik.com/Airport-Info/7MI7
,Quartz Creek,Cooper Landing,AK ,USA,https://acukwik.com/Airport-Info/JLA
,Helicopter Services,Coopersburg,PA ,USA,https://acukwik.com/Airport-Info/63PN
,Bassett,Cooperstown,NY ,USA,https://acukwik.com/Airport-Info/3NK2
,Cooperstown Municipal,Cooperstown,ND ,USA,https://acukwik.com/Airport-Info/S32
,Cooperstown-Westville,Cooperstown,NY ,USA,https://acukwik.com/Airport-Info/K23
,Dakota Regional Medical Center,Cooperstown,ND ,USA,https://acukwik.com/Airport-Info/ND32
,Hawkins Field,Cooperstown,PA ,USA,https://acukwik.com/Airport-Info/92PA
,Bay Area Hospital,Coos Bay,OR ,USA,https://acukwik.com/Airport-Info/OR49
,B Flat Farm,Copake,NY ,USA,https://acukwik.com/Airport-Info/3NK8
,Copalis State,Copalis,WA ,USA,https://acukwik.com/Airport-Info/S16
,Hi-Vu,Coplay,PA ,USA,https://acukwik.com/Airport-Info/PA65
,Copper Center 2,Copper Center,AK ,USA,https://acukwik.com/Airport-Info/Z93
,Copper Basin Medical Center,Copperhill,TN ,USA,https://acukwik.com/Airport-Info/23TN
,Martin Campbell Field,Copperhill,TN ,USA,https://acukwik.com/Airport-Info/1A3
,Gederos,Coquille,OR ,USA,https://acukwik.com/Airport-Info/45OR
,Winfield Landing,Coral,MI ,USA,https://acukwik.com/Airport-Info/C61
,Lehman Field,Corbett,OR ,USA,https://acukwik.com/Airport-Info/OR50
,Baptist Health Corbin,Corbin,KY ,USA,https://acukwik.com/Airport-Info/98KY
,Boswell,Corcoran,CA ,USA,https://acukwik.com/Airport-Info/24CL
,Corcoran,Corcoran,CA ,USA,https://acukwik.com/Airport-Info/43CN
,Kral's Personal Use Landing Field,Corcoran,MN ,USA,https://acukwik.com/Airport-Info/42MN
KCKF,Crisp County-Cordele,Cordele,GA ,USA,https://acukwik.com/Airport-Info/KCKF
,Cordell Memorial Hospital,Cordell,OK ,USA,https://acukwik.com/Airport-Info/64OK
,Cordell Municipal,Cordell,OK ,USA,https://acukwik.com/Airport-Info/F36
,Cordova Municipal,Cordova,AK ,USA,https://acukwik.com/Airport-Info/CKU
PACV,Merle K (Mudhole) Smith,Cordova,AK ,USA,https://acukwik.com/Airport-Info/PACV
,Strawberry Point,Cordova,AK ,USA,https://acukwik.com/Airport-Info/AK30
,Mike Ferrell Field,Corinne,WV ,USA,https://acukwik.com/Airport-Info/WV09
KCRX,Roscoe Turner,Corinth,MS ,USA,https://acukwik.com/Airport-Info/KCRX
KAJR,Habersham County,Cornelia,GA ,USA,https://acukwik.com/Airport-Info/KAJR
,Skyport,Cornelius,OR ,USA,https://acukwik.com/Airport-Info/4S4
,Antique Aerodrome,Cornell,IL ,USA,https://acukwik.com/Airport-Info/40IL
,Cornell Municipal,Cornell,WI ,USA,https://acukwik.com/Airport-Info/4WI9
,Canaan Field,Corning,NY ,USA,https://acukwik.com/Airport-Info/NK12
KCRZ,Corning Municipal,Corning,IA ,USA,https://acukwik.com/Airport-Info/KCRZ
,Corning Municipal,Corning,AR ,USA,https://acukwik.com/Airport-Info/4M9
,Corning Municipal,Corning,CA ,USA,https://acukwik.com/Airport-Info/0O4
,Corning-Painted Post,Corning,NY ,USA,https://acukwik.com/Airport-Info/7N1
,Guthrie Corning Hospital,Corning,NY ,USA,https://acukwik.com/Airport-Info/8NY4
,Old Port Royal,Corning,NY ,USA,https://acukwik.com/Airport-Info/6NY1
,Rice Field,Corning,AR ,USA,https://acukwik.com/Airport-Info/4AR4
,Cornucopia Field,Cornucopia,WI ,USA,https://acukwik.com/Airport-Info/23W
,Foote Farm Association Rla,Cornwall,VT ,USA,https://acukwik.com/Airport-Info/VT54
,St Luke's Cornwall Hospital,Cornwall,NY ,USA,https://acukwik.com/Airport-Info/84NK
,West Street Property,Cornwall,VT ,USA,https://acukwik.com/Airport-Info/VT24
,Carova Beach Volunteer Fire And Rescue,Corolla,NC ,USA,https://acukwik.com/Airport-Info/7NC0
,Corolla Fire Station,Corolla,NC ,USA,https://acukwik.com/Airport-Info/NR99
,Pine Island,Corolla,NC ,USA,https://acukwik.com/Airport-Info/7NC2
,Swan Beach Fire,Corolla,NC ,USA,https://acukwik.com/Airport-Info/21NR
KAJO,Corona Municipal,Corona,CA ,USA,https://acukwik.com/Airport-Info/KAJO
,High Desert Ranch,Corona,NM ,USA,https://acukwik.com/Airport-Info/2NM9
,Lincoln Station,Corona,NM ,USA,https://acukwik.com/Airport-Info/NM25
,Turner Field Amphibious Base Heli,Coronado,CA ,USA,https://acukwik.com/Airport-Info/CL16
KNGW,Cabaniss Field Nolf,Corpus Christi,TX ,USA,https://acukwik.com/Airport-Info/KNGW
,Christus Spohn Hospital Memorial,Corpus Christi,TX ,USA,https://acukwik.com/Airport-Info/0TE1
,Christus Spohn South,Corpus Christi,TX ,USA,https://acukwik.com/Airport-Info/1XA3
KCRP,Corpus Christi International,Corpus Christi,TX ,USA,https://acukwik.com/Airport-Info/KCRP
,Corpus Christi Medical Ctr Bay Area,Corpus Christi,TX ,USA,https://acukwik.com/Airport-Info/71TT
KNGP,Corpus Christi NAS (Truax Field),Corpus Christi,TX ,USA,https://acukwik.com/Airport-Info/KNGP
,D.f.c.h.,Corpus Christi,TX ,USA,https://acukwik.com/Airport-Info/TE42
,Dean,Corpus Christi,TX ,USA,https://acukwik.com/Airport-Info/69TA
,Halo-Flight Inc,Corpus Christi,TX ,USA,https://acukwik.com/Airport-Info/TX10
,Hpl,Corpus Christi,TX ,USA,https://acukwik.com/Airport-Info/TS97
,Shoreline Hospital,Corpus Christi,TX ,USA,https://acukwik.com/Airport-Info/5TS0
,Texas Dept Of Public Safety,Corpus Christi,TX ,USA,https://acukwik.com/Airport-Info/3TX0
KNWL,Waldron Field Nolf,Corpus Christi,TX ,USA,https://acukwik.com/Airport-Info/KNWL
,Midway View Farms,Correctionville,IA ,USA,https://acukwik.com/Airport-Info/26IA
,Corry Memorial Hospital,Corry,PA ,USA,https://acukwik.com/Airport-Info/43PN
,Corry-Lawrence,Corry,PA ,USA,https://acukwik.com/Airport-Info/8G2
,Rural Metro Corryton Fire Station 33,Corryton,TN ,USA,https://acukwik.com/Airport-Info/21TN
,Corsica Municipal,Corsica,SD ,USA,https://acukwik.com/Airport-Info/D65
,Anxiety Aerodrome,Corsicana,TX ,USA,https://acukwik.com/Airport-Info/TA05
KCRS,C David Campbell Field-Corsicana Municipal,Corsicana,TX ,USA,https://acukwik.com/Airport-Info/KCRS
,Coyote Field,Corsicana,TX ,USA,https://acukwik.com/Airport-Info/4XS1
,Deep Water Cove,Corsicana,TX ,USA,https://acukwik.com/Airport-Info/TS70
,Jtj Ranch,Corsicana,TX ,USA,https://acukwik.com/Airport-Info/6TX6
,Navarro Regional Hospital,Corsicana,TX ,USA,https://acukwik.com/Airport-Info/25TE
,Smith,Corsicana,TX ,USA,https://acukwik.com/Airport-Info/TX51
KCEZ,Cortez Municipal,Cortez,CO ,USA,https://acukwik.com/Airport-Info/KCEZ
,Mchd,Cortez,CO ,USA,https://acukwik.com/Airport-Info/1CO9
,Mesa Verde,Cortez,CO ,USA,https://acukwik.com/Airport-Info/CD33
,Tanner Field,Cortez,CO ,USA,https://acukwik.com/Airport-Info/CO27
,Allen,Cortland,OH ,USA,https://acukwik.com/Airport-Info/8OI3
,Cortland County/Chase Field,Cortland,NY ,USA,https://acukwik.com/Airport-Info/N03
,Gustavus,Cortland,OH ,USA,https://acukwik.com/Airport-Info/OH33
,Marshall Farms,Cortland,IL ,USA,https://acukwik.com/Airport-Info/08IL
,Oldstown Flying Tails,Cortland,OH ,USA,https://acukwik.com/Airport-Info/81OH
,Urban,Cortland,OH ,USA,https://acukwik.com/Airport-Info/8OH5
,Coca Cola,Corvallis,OR ,USA,https://acukwik.com/Airport-Info/OG49
KCVO,Corvallis Municipal,Corvallis,OR ,USA,https://acukwik.com/Airport-Info/KCVO
,Dunning Vineyards,Corvallis,OR ,USA,https://acukwik.com/Airport-Info/OG01
,Flying Tom,Corvallis,OR ,USA,https://acukwik.com/Airport-Info/OR39
,Gates,Corvallis,OR ,USA,https://acukwik.com/Airport-Info/8OR7
,Good Samaritan Hospital,Corvallis,OR ,USA,https://acukwik.com/Airport-Info/OR55
,Hedditch,Corvallis,MT ,USA,https://acukwik.com/Airport-Info/MT72
,King Copters,Corvallis,MT ,USA,https://acukwik.com/Airport-Info/MT59
,Muddy Creek,Corvallis,OR ,USA,https://acukwik.com/Airport-Info/55OR
,Schrock,Corvallis,OR ,USA,https://acukwik.com/Airport-Info/4OR4
,Venell,Corvallis,OR ,USA,https://acukwik.com/Airport-Info/OR52
,Winn,Corvallis,OR ,USA,https://acukwik.com/Airport-Info/OR54
,Besch,Corwith,IA ,USA,https://acukwik.com/Airport-Info/IA18
,Corydon,Corydon,IA ,USA,https://acukwik.com/Airport-Info/0E9
,Wayne County Hospital,Corydon,IA ,USA,https://acukwik.com/Airport-Info/IA46
,Wells Field,Corydon,IA ,USA,https://acukwik.com/Airport-Info/6IA6
,Coshocton Regional Medical Center,Coshocton,OH ,USA,https://acukwik.com/Airport-Info/52OH
,Richard Downing,Coshocton,OH ,USA,https://acukwik.com/Airport-Info/I40
,Lux Strip,Cosmos,MN ,USA,https://acukwik.com/Airport-Info/MN28
,Centerport,Costa Mesa,CA ,USA,https://acukwik.com/Airport-Info/10CL
,Costa Mesa Police Department,Costa Mesa,CA ,USA,https://acukwik.com/Airport-Info/42CL
,L A Times Costa Mesa,Costa Mesa,CA ,USA,https://acukwik.com/Airport-Info/1CA7
,Manclark Airway,Costa Mesa,CA ,USA,https://acukwik.com/Airport-Info/CA30
,The Met,Costa Mesa,CA ,USA,https://acukwik.com/Airport-Info/83CA
,Lowe Airstrip,Cotopaxi,CO ,USA,https://acukwik.com/Airport-Info/CD01
,Cottage Grove Community Hospital,Cottage Grove,OR ,USA,https://acukwik.com/Airport-Info/68OR
,Cottage Grove State,Cottage Grove,OR ,USA,https://acukwik.com/Airport-Info/61S
,Little Wheel Field,Cottage Grove,WI ,USA,https://acukwik.com/Airport-Info/59WI
,Quale,Cottage Grove,WI ,USA,https://acukwik.com/Airport-Info/87WI
,The Valley,Cotter,AR ,USA,https://acukwik.com/Airport-Info/61AR
,Westrock - Mahrt Mill,Cottonton,AL ,USA,https://acukwik.com/Airport-Info/AL13
,Cottonwood,Cottonwood,AZ ,USA,https://acukwik.com/Airport-Info/P52
,Cottonwood Municipal,Cottonwood,ID ,USA,https://acukwik.com/Airport-Info/S84
,Flying N Ranch,Cottonwood,CA ,USA,https://acukwik.com/Airport-Info/CA04
,Lake California Air Park,Cottonwood,CA ,USA,https://acukwik.com/Airport-Info/68CA
,Marcus J Lawrence Medical Center,Cottonwood,AZ ,USA,https://acukwik.com/Airport-Info/AZ22
,Cottonwood Falls,Cottonwood Falls,KS ,USA,https://acukwik.com/Airport-Info/9K0
,Dexter Field,Cottonwood Falls,KS ,USA,https://acukwik.com/Airport-Info/62KS
,Cotuit,Cotuit,MA ,USA,https://acukwik.com/Airport-Info/6MA6
KCOT,Cotulla-La Salle County,Cotulla,TX ,USA,https://acukwik.com/Airport-Info/KCOT
,Crescent C Ranch,Cotulla,TX ,USA,https://acukwik.com/Airport-Info/TX79
,El Quinto Ranch,Cotulla,TX ,USA,https://acukwik.com/Airport-Info/7TE8
,Ghost Apache,Cotulla,TX ,USA,https://acukwik.com/Airport-Info/45XS
,Gould Strip,Cotulla,TX ,USA,https://acukwik.com/Airport-Info/46TA
,Great Horizon Ranch,Cotulla,TX ,USA,https://acukwik.com/Airport-Info/2XA1
,Los Cuernos Ranch,Cotulla,TX ,USA,https://acukwik.com/Airport-Info/XA08
,Rancho Encantado,Cotulla,TX ,USA,https://acukwik.com/Airport-Info/TA58
,Greeley,Coudersport,PA ,USA,https://acukwik.com/Airport-Info/PN15
,Upmc Cole,Coudersport,PA ,USA,https://acukwik.com/Airport-Info/PN09
,Cougar,Cougar,WA ,USA,https://acukwik.com/Airport-Info/WN52
,Mount St Helen's Aero Ranch,Cougar,WA ,USA,https://acukwik.com/Airport-Info/WN10
,Hurst Aviation,Coulterville,IL ,USA,https://acukwik.com/Airport-Info/6LL9
,Pca,Counce,TN ,USA,https://acukwik.com/Airport-Info/7TN7
,Council,Council,AK ,USA,https://acukwik.com/Airport-Info/K29
,Council Municipal,Council,ID ,USA,https://acukwik.com/Airport-Info/U82
,Flying Y Ranch,Council,ID ,USA,https://acukwik.com/Airport-Info/03ID
,Seven Devils,Council,ID ,USA,https://acukwik.com/Airport-Info/ID17
KCBF,Council Bluffs Municipal,Council Bluffs,IA ,USA,https://acukwik.com/Airport-Info/KCBF
,Jennie Edmundson Hospital,Council Bluffs,IA ,USA,https://acukwik.com/Airport-Info/6IA2
,Ruckl,Council Bluffs,IA ,USA,https://acukwik.com/Airport-Info/IA35
,Council Grove Municipal,Council Grove,KS ,USA,https://acukwik.com/Airport-Info/K63
KNRA,Coupeville Nolf,Coupeville,WA ,USA,https://acukwik.com/Airport-Info/KNRA
,Whidbey General Hospital,Coupeville,WA ,USA,https://acukwik.com/Airport-Info/01WN
,Chan-C,Coupland,TX ,USA,https://acukwik.com/Airport-Info/5TS2
,Crosswinds Airfield,Coupland,TX ,USA,https://acukwik.com/Airport-Info/TE96
,Sprague,Courtenay,ND ,USA,https://acukwik.com/Airport-Info/8ND7
,Courtland,Courtland,AL ,USA,https://acukwik.com/Airport-Info/9A4
,Cchcc,Coushatta,LA ,USA,https://acukwik.com/Airport-Info/LA19
,Stuart Airstrip,Coushatta,LA ,USA,https://acukwik.com/Airport-Info/LA51
,The Red River,Coushatta,LA ,USA,https://acukwik.com/Airport-Info/0R7
,Cove Side Ranch Port,Cove,OR ,USA,https://acukwik.com/Airport-Info/OG07
,Minam Lodge,Cove,OR ,USA,https://acukwik.com/Airport-Info/7OR0
,Cove Neck,Cove Neck,NY ,USA,https://acukwik.com/Airport-Info/2NK2
,Wang,Cove Neck,NY ,USA,https://acukwik.com/Airport-Info/24NY
,Round Valley,Covelo,CA ,USA,https://acukwik.com/Airport-Info/O09
,Heckler Field,Coventry,CT ,USA,https://acukwik.com/Airport-Info/CT09
,Alcovy,Covington,GA ,USA,https://acukwik.com/Airport-Info/07GA
,Baskin,Covington,TN ,USA,https://acukwik.com/Airport-Info/9TN7
,Bull Run,Covington,TN ,USA,https://acukwik.com/Airport-Info/8TN9
,Covington Municipal,Covington,TN ,USA,https://acukwik.com/Airport-Info/M04
KCVC,Covington Municipal,Covington,GA ,USA,https://acukwik.com/Airport-Info/KCVC
,Covington-Vincent,Covington,LA ,USA,https://acukwik.com/Airport-Info/LA87
,Fidelity,Covington,KY ,USA,https://acukwik.com/Airport-Info/3KY8
,Flying 'o' Ranch,Covington,WA ,USA,https://acukwik.com/Airport-Info/WA75
,Fulton Field,Covington,IN ,USA,https://acukwik.com/Airport-Info/75IN
,Hickham Field,Covington,LA ,USA,https://acukwik.com/Airport-Info/LS76
,Kemps Field Of Dreams,Covington,OH ,USA,https://acukwik.com/Airport-Info/6OH9
,La State Police Troop L,Covington,LA ,USA,https://acukwik.com/Airport-Info/98LA
,Lakeview Regional Medical Center,Covington,LA ,USA,https://acukwik.com/Airport-Info/79LA
,Neely Farms,Covington,GA ,USA,https://acukwik.com/Airport-Info/9GE7
,Piedmont Newton Hospital,Covington,GA ,USA,https://acukwik.com/Airport-Info/71GA
,Rice Private,Covington,IN ,USA,https://acukwik.com/Airport-Info/2II9
,St Tammany Parish Hospital,Covington,LA ,USA,https://acukwik.com/Airport-Info/LA24
,St. Tammany Regional,Covington,LA ,USA,https://acukwik.com/Airport-Info/L31
,Warner-Thunder Hill,Covington,LA ,USA,https://acukwik.com/Airport-Info/23LA
,Windy Hill,Covington,GA ,USA,https://acukwik.com/Airport-Info/GA83
,Jantzen,Coweta,OK ,USA,https://acukwik.com/Airport-Info/93OK
,Red Baron Ranch,Coweta,OK ,USA,https://acukwik.com/Airport-Info/OL31
,North Big Horn County,Cowley/Lovell,WY ,USA,https://acukwik.com/Airport-Info/U68
,Deer Run,Coxsackie,NY ,USA,https://acukwik.com/Airport-Info/NY74
,Walls,Coy,AR ,USA,https://acukwik.com/Airport-Info/1AR1
KCZD,Cozad Municipal,Cozad,NE ,USA,https://acukwik.com/Airport-Info/KCZD
,Craig,Craig,AK ,USA,https://acukwik.com/Airport-Info/CGA
,Craig,Craig,CO ,USA,https://acukwik.com/Airport-Info/CO21
,Craig Cg,Craig,AK ,USA,https://acukwik.com/Airport-Info/1AK0
KCAG,Craig-Moffat,Craig,CO ,USA,https://acukwik.com/Airport-Info/KCAG
,El Capitan Lodge,Craig,AK ,USA,https://acukwik.com/Airport-Info/5C5
,Lonesome Sky,Craig,MO ,USA,https://acukwik.com/Airport-Info/MO24
,The Memorial Hospital,Craig,CO ,USA,https://acukwik.com/Airport-Info/54CO
,Craigmont Municipal,Craigmont,ID ,USA,https://acukwik.com/Airport-Info/S89
,Herold,Craigsville,WV ,USA,https://acukwik.com/Airport-Info/WV63
,Eakin,Cranberry,PA ,USA,https://acukwik.com/Airport-Info/11PN
,Upmc Passavant Cranberry,Cranberry,PA ,USA,https://acukwik.com/Airport-Info/PA56
,Cranberry Isles,Cranberry Isles,ME ,USA,https://acukwik.com/Airport-Info/ME77
,South County,Cranbury,NJ ,USA,https://acukwik.com/Airport-Info/NJ29
,Petty Farms,Crandall,GA ,USA,https://acukwik.com/Airport-Info/2GE7
,Crandon/Steve Conway Municipal,Crandon,WI ,USA,https://acukwik.com/Airport-Info/Y55
,Arnold Airstrip,Crane,OR ,USA,https://acukwik.com/Airport-Info/7OR1
,Crane County,Crane,TX ,USA,https://acukwik.com/Airport-Info/E13
,J-Bar Ranch,Crane,TX ,USA,https://acukwik.com/Airport-Info/8TE2
,Crane Lake Volunteer Fire Department,Crane Lake,MN ,USA,https://acukwik.com/Airport-Info/4MN0
KCDD,Scotts,Crane Lake,MN ,USA,https://acukwik.com/Airport-Info/KCDD
,Parrish Airstrip,Cranfills Gap,TX ,USA,https://acukwik.com/Airport-Info/TX52
,Crawford,Crawford,CO ,USA,https://acukwik.com/Airport-Info/99V
,Flying C's Plantation,Crawford,AL ,USA,https://acukwik.com/Airport-Info/AL51
KCFJ,Crawfordsville Regional,Crawfordsville,IN ,USA,https://acukwik.com/Airport-Info/KCFJ
,Franciscan Alliance Inc.,Crawfordsville,IN ,USA,https://acukwik.com/Airport-Info/7II2
,Mission Field-Marotti Memorial,Crawfordsville,AR ,USA,https://acukwik.com/Airport-Info/0AR2
,Parker Field,Crawfordsville,IN ,USA,https://acukwik.com/Airport-Info/41IG
,Ropkey Field,Crawfordsville,IN ,USA,https://acukwik.com/Airport-Info/50IN
,Seashell,Crawfordville,FL ,USA,https://acukwik.com/Airport-Info/8FA9
,Mineral County Memorial,Creede,CO ,USA,https://acukwik.com/Airport-Info/C24
,Sts Vip,Creedmoor,TX ,USA,https://acukwik.com/Airport-Info/4XS8
,Creighton Municipal,Creighton,NE ,USA,https://acukwik.com/Airport-Info/6K3
,Flying G,Creighton,MO ,USA,https://acukwik.com/Airport-Info/0MO1
,Mark Reynolds/North Mobile County,Creola,AL ,USA,https://acukwik.com/Airport-Info/15A
,Rotorcraft Leasing Company,Creole,LA ,USA,https://acukwik.com/Airport-Info/25LS
,Kelley,Crescent,IA ,USA,https://acukwik.com/Airport-Info/IA32
KCEC,Del Norte Co Regional/Jack McNamara Field,Crescent City,CA ,USA,https://acukwik.com/Airport-Info/KCEC
,Eagles Nest Aerodrome,Crescent City,FL ,USA,https://acukwik.com/Airport-Info/FD44
,Inhome Medical Landing,Crescent City,FL ,USA,https://acukwik.com/Airport-Info/FD56
,Morningwood,Crescent City,FL ,USA,https://acukwik.com/Airport-Info/17FD
,Skinners Wholesale Nursery,Crescent City,FL ,USA,https://acukwik.com/Airport-Info/16FD
,Thunderbird Air Park,Crescent City,FL ,USA,https://acukwik.com/Airport-Info/2FA5
,Central Cascades Fire And Ems,Crescent Lake,OR ,USA,https://acukwik.com/Airport-Info/OR33
,Crescent Lake State,Crescent Lake,OR ,USA,https://acukwik.com/Airport-Info/5S2
,Crescent Valley,Crescent Valley,NV ,USA,https://acukwik.com/Airport-Info/U74
,Red Owl Ranch,Crescent Valley,NV ,USA,https://acukwik.com/Airport-Info/NV89
KCJJ,Ellen Church Field,Cresco,IA ,USA,https://acukwik.com/Airport-Info/KCJJ
,Matthias Field,Cresco,IA ,USA,https://acukwik.com/Airport-Info/IA62
,Regional Health Services Of Howard County,Cresco,IA ,USA,https://acukwik.com/Airport-Info/0IA6
,Jim Finlay Farm,Cresent City,FL ,USA,https://acukwik.com/Airport-Info/28FL
,Chicken Strip,Cresson,TX ,USA,https://acukwik.com/Airport-Info/3XA8
,Chigger Field,Cresson,TX ,USA,https://acukwik.com/Airport-Info/TE52
,Goh Cressona,Cressona,PA ,USA,https://acukwik.com/Airport-Info/PN83
,Crested Butte Airpark,Crested Butte,CO ,USA,https://acukwik.com/Airport-Info/0CO2
,Crestline Hospital,Crestline,OH ,USA,https://acukwik.com/Airport-Info/70OI
KCSQ,Creston Municipal,Creston,IA ,USA,https://acukwik.com/Airport-Info/KCSQ
,Greater Community Hospital,Creston,IA ,USA,https://acukwik.com/Airport-Info/4IA0
,Hendrickson Flying Service,Creston,IL ,USA,https://acukwik.com/Airport-Info/IL93
KCEW,Bob Sikes,Crestview,FL ,USA,https://acukwik.com/Airport-Info/KCEW
KEGI,Duke Field (Eglin AF Aux Nr 3),Crestview,FL ,USA,https://acukwik.com/Airport-Info/KEGI
,Five Oaks Estate,Crestview,FL ,USA,https://acukwik.com/Airport-Info/FD03
,North Okaloosa Medical Center,Crestview,FL ,USA,https://acukwik.com/Airport-Info/11FD
,Triple B Airpark,Crestview,FL ,USA,https://acukwik.com/Airport-Info/FL81
,Woodledge Farm,Crestwood,KY ,USA,https://acukwik.com/Airport-Info/82KY
,Hobby Field,Creswell,OR ,USA,https://acukwik.com/Airport-Info/77S
,Walker,Creswell,OR ,USA,https://acukwik.com/Airport-Info/OR57
KCEK,Crete Municipal,Crete,NE ,USA,https://acukwik.com/Airport-Info/KCEK
,Crevice Creek,Crevice Creek,AK ,USA,https://acukwik.com/Airport-Info/1AK1
,Crewe Municipal,Crewe,VA ,USA,https://acukwik.com/Airport-Info/W81
,Crisfield-Somerset County,Crisfield,MD ,USA,https://acukwik.com/Airport-Info/W41
,Mccready Memorial Hospital,Crisfield,MD ,USA,https://acukwik.com/Airport-Info/MD52
,Sunny Ridge Landing,Crittenden,KY ,USA,https://acukwik.com/Airport-Info/67KY
,Moorefield's Airstrip,Critz,VA ,USA,https://acukwik.com/Airport-Info/VA27
,Crivitz Municipal,Crivitz,WI ,USA,https://acukwik.com/Airport-Info/3D1
,Lone Tree,Crocker,SD ,USA,https://acukwik.com/Airport-Info/SD59
KDKR,Houston County,Crockett,TX ,USA,https://acukwik.com/Airport-Info/KDKR
,Last Resort,Crockett,TX ,USA,https://acukwik.com/Airport-Info/1TA4
,M Y Ranch,Crockett,TX ,USA,https://acukwik.com/Airport-Info/80TS
,Seven J Stock Farm,Crockett,TX ,USA,https://acukwik.com/Airport-Info/85XS
PACJ,Crooked Creek,Crooked Creek,AK ,USA,https://acukwik.com/Airport-Info/PACJ
PFCR,Donlin Creek,Crooked Creek,AK ,USA,https://acukwik.com/Airport-Info/PFCR
KCKN,Crookston Municipal/Kirkwood Field,Crookston,MN ,USA,https://acukwik.com/Airport-Info/KCKN
,Crosby Municipal,Crosby,MS ,USA,https://acukwik.com/Airport-Info/C71
,Crosby Municipal,Crosby,ND ,USA,https://acukwik.com/Airport-Info/D50
,Cuyuna Regional Medical Center,Crosby,MN ,USA,https://acukwik.com/Airport-Info/1MN7
,Dunham Field,Crosby,TX ,USA,https://acukwik.com/Airport-Info/1XS1
,Harris County Esd #80,Crosby,TX ,USA,https://acukwik.com/Airport-Info/6TA4
,Rogers,Crosby,TX ,USA,https://acukwik.com/Airport-Info/9TA3
,Troy Field,Crosby,ND ,USA,https://acukwik.com/Airport-Info/80ND
,Crosbyton Municipal,Crosbyton,TX ,USA,https://acukwik.com/Airport-Info/8F3
,Crosswinds-Wilson Pvt,Cross,SC ,USA,https://acukwik.com/Airport-Info/SC37
KCTY,Cross City,Cross City,FL ,USA,https://acukwik.com/Airport-Info/KCTY
,Rimes Lakecrest,Cross Creek,FL ,USA,https://acukwik.com/Airport-Info/35FA
,Kuhn,Cross Junction,VA ,USA,https://acukwik.com/Airport-Info/4VA2
,Cross Keys,Cross Keys,NJ ,USA,https://acukwik.com/Airport-Info/17N
,Star,Cross Roads,TX ,USA,https://acukwik.com/Airport-Info/95TE
,Ashley County Hospital,Crossett,AR ,USA,https://acukwik.com/Airport-Info/AR07
KCRT,Z M Jack Stell Field,Crossett,AR ,USA,https://acukwik.com/Airport-Info/KCRT
,Sanctuary Ranch,Crossroads,TX ,USA,https://acukwik.com/Airport-Info/7TS4
,Buck Creek Ranch,Crossville,TN ,USA,https://acukwik.com/Airport-Info/4TN2
KCSV,Crossville Memorial/Whitson Field,Crossville,TN ,USA,https://acukwik.com/Airport-Info/KCSV
,Cumberland County Hospital,Crossville,TN ,USA,https://acukwik.com/Airport-Info/57TN
,Crosswind Lake,Crosswind Lake,AK ,USA,https://acukwik.com/Airport-Info/1AK2
,Arnold Field,Croswell,MI ,USA,https://acukwik.com/Airport-Info/55G
,Witham Field,Croswell,MI ,USA,https://acukwik.com/Airport-Info/4MI8
,Daniel Hq/Pease Valley Airstrip,Crowell,TX ,USA,https://acukwik.com/Airport-Info/TT50
,A J Patrol,Crowley,LA ,USA,https://acukwik.com/Airport-Info/LS09
,Acadia General Hospital,Crowley,LA ,USA,https://acukwik.com/Airport-Info/LS42
,Allen Ponderosa,Crowley,TX ,USA,https://acukwik.com/Airport-Info/07XS
,Crowley Ranch Airstrip,Crowley,OR ,USA,https://acukwik.com/Airport-Info/78OR
,K-John,Crowley,LA ,USA,https://acukwik.com/Airport-Info/20LS
,Lawson Field,Crowley,LA ,USA,https://acukwik.com/Airport-Info/99LA
,Le Gros Memorial,Crowley,LA ,USA,https://acukwik.com/Airport-Info/3R2
,Leblanc,Crowley,LA ,USA,https://acukwik.com/Airport-Info/LA90
,Swanson Field,Crown,MN ,USA,https://acukwik.com/Airport-Info/MY95
,Northstar,Crown King,AZ ,USA,https://acukwik.com/Airport-Info/AZ72
,Crown Point Airfield,Crown Point,IN ,USA,https://acukwik.com/Airport-Info/IN16
,Franciscan Health Crown Point Hospital,Crown Point,IN ,USA,https://acukwik.com/Airport-Info/IN19
,Crownpoint,Crownpoint,NM ,USA,https://acukwik.com/Airport-Info/0E8
,Sterling,Croydon,PA ,USA,https://acukwik.com/Airport-Info/PS01
,Cottonwood Farm,Crozet,VA ,USA,https://acukwik.com/Airport-Info/87VA
,Mirador,Crozet,VA ,USA,https://acukwik.com/Airport-Info/6VA8
,Seafood Warehouse Park,Crystal Beach,TX ,USA,https://acukwik.com/Airport-Info/XS77
,Chacon Creek Ranch,Crystal City,TX ,USA,https://acukwik.com/Airport-Info/3TA9
,Flying G,Crystal City,TX ,USA,https://acukwik.com/Airport-Info/TA34
,H & F Properties,Crystal City,TX ,USA,https://acukwik.com/Airport-Info/8TE4
,Mercy Hospital Jefferson,Crystal City,MO ,USA,https://acukwik.com/Airport-Info/58MO
,Huber,Crystal Falls,MI ,USA,https://acukwik.com/Airport-Info/39MI
,Iron County,Crystal Falls,MI ,USA,https://acukwik.com/Airport-Info/50D
,Crystal Lake Holiday Inn,Crystal Lake,IL ,USA,https://acukwik.com/Airport-Info/IL18
,Jackson,Crystal Lake,IL ,USA,https://acukwik.com/Airport-Info/IS79
,South 80 Field,Crystal Lake,IA ,USA,https://acukwik.com/Airport-Info/2IA9
KCGC,Crystal River,Crystal River,FL ,USA,https://acukwik.com/Airport-Info/KCGC
,Crystal River Power Plant,Crystal River,FL ,USA,https://acukwik.com/Airport-Info/6FD1
,J R's,Crystal River,FL ,USA,https://acukwik.com/Airport-Info/66FD
,Post Oak Ranch,Crystal River,FL ,USA,https://acukwik.com/Airport-Info/1FA1
,Copiah County,Crystal Springs,MS ,USA,https://acukwik.com/Airport-Info/M11
,Lakeview,Cub Run,KY ,USA,https://acukwik.com/Airport-Info/69KY
,Cuba Landing Strip,Cuba,NM ,USA,https://acukwik.com/Airport-Info/NM2
,Cuba Memorial Hospital,Cuba,NY ,USA,https://acukwik.com/Airport-Info/37NY
KUBX,Cuba Municipal,Cuba,MO ,USA,https://acukwik.com/Airport-Info/KUBX
,Cuero Community Hospital,Cuero,TX ,USA,https://acukwik.com/Airport-Info/2TE9
,Cuero Municipal,Cuero,TX ,USA,https://acukwik.com/Airport-Info/T71
,Big Sky Field,Culbertson,MT ,USA,https://acukwik.com/Airport-Info/S85
,Frenchman,Culbertson,NE ,USA,https://acukwik.com/Airport-Info/NE95
,Hock,Culbertson,NE ,USA,https://acukwik.com/Airport-Info/13NE
,Ne Hitchcock,Culbertson,NE ,USA,https://acukwik.com/Airport-Info/7NE8
,Steppler Field,Culbertson,MT ,USA,https://acukwik.com/Airport-Info/02MT
,Layne Farm Airstrip,Cullen,VA ,USA,https://acukwik.com/Airport-Info/VA28
,Askey Field,Culleoka,TN ,USA,https://acukwik.com/Airport-Info/9TN5
KCMD,Cullman Regional /Folsom Field,Cullman,AL ,USA,https://acukwik.com/Airport-Info/KCMD
,Cullman Regional Medical Center,Cullman,AL ,USA,https://acukwik.com/Airport-Info/3AL9
,Belmont Farm,Culpeper,VA ,USA,https://acukwik.com/Airport-Info/88VA
,Berryvale,Culpeper,VA ,USA,https://acukwik.com/Airport-Info/VA30
KCJR,Culpeper Regional,Culpeper,VA ,USA,https://acukwik.com/Airport-Info/KCJR
,The Greenhouse,Culpeper,VA ,USA,https://acukwik.com/Airport-Info/02VA
,Uva Culpeper Medical Center,Culpeper,VA ,USA,https://acukwik.com/Airport-Info/VA29
,3 Rivers Recreation Area,Culver,OR ,USA,https://acukwik.com/Airport-Info/OG00
,I & C Field,Culver,IN ,USA,https://acukwik.com/Airport-Info/IN54
,Lake Billy Chinook,Culver,OR ,USA,https://acukwik.com/Airport-Info/5S5
,Lake Maxinkuckee,Culver,IN ,USA,https://acukwik.com/Airport-Info/01H
,Van De Mark,Culver,IN ,USA,https://acukwik.com/Airport-Info/1II5
,Arh Tri City Clinic,Cumberland,KY ,USA,https://acukwik.com/Airport-Info/1KY9
,Cumberland Healthcare,Cumberland,WI ,USA,https://acukwik.com/Airport-Info/9WI7
KUBE,Cumberland Municipal,Cumberland,WI ,USA,https://acukwik.com/Airport-Info/KUBE
,Forest Lake,Cumberland,ME ,USA,https://acukwik.com/Airport-Info/ME28
,Grayrock Ridge,Cumberland,RI ,USA,https://acukwik.com/Airport-Info/RI02
KCBE,Greater Cumberland Regional,Cumberland,MD ,USA,https://acukwik.com/Airport-Info/KCBE
,Mexico Farms,Cumberland,MD ,USA,https://acukwik.com/Airport-Info/1W3
,Northwoods Romeo,Cumberland,WI ,USA,https://acukwik.com/Airport-Info/4WI3
,Silver Lake,Cumberland,WI ,USA,https://acukwik.com/Airport-Info/2WN2
,Western Maryland Health System,Cumberland,MD ,USA,https://acukwik.com/Airport-Info/MD65
,Stafford,Cumberland Island,GA ,USA,https://acukwik.com/Airport-Info/GA20
,Apple 1,Cumming,GA ,USA,https://acukwik.com/Airport-Info/11GE
,Ebeneezer,Cumming,GA ,USA,https://acukwik.com/Airport-Info/4GA9
,Hobbes Field,Cumming,IA ,USA,https://acukwik.com/Airport-Info/20IA
,Lanier,Cumming,GA ,USA,https://acukwik.com/Airport-Info/GE03
,Mac,Cumming,GA ,USA,https://acukwik.com/Airport-Info/6GA7
,Mc Donald,Cumming,GA ,USA,https://acukwik.com/Airport-Info/GA84
,Northside Hospital Forsyth,Cumming,GA ,USA,https://acukwik.com/Airport-Info/2GA4
,Stoney Point Field,Cumming,GA ,USA,https://acukwik.com/Airport-Info/6GA0
,Terry Field,Cunningham,KY ,USA,https://acukwik.com/Airport-Info/74KY
,Currant Ranch,Currant,NV ,USA,https://acukwik.com/Airport-Info/9U7
KONX,Currituck County Regional,Currituck,NC ,USA,https://acukwik.com/Airport-Info/KONX
,Curtis,Curtis,WA ,USA,https://acukwik.com/Airport-Info/0WA2
,Curtis Municipal,Curtis,NE ,USA,https://acukwik.com/Airport-Info/47V
,Old Orchard,Curwensville,PA ,USA,https://acukwik.com/Airport-Info/0PS4
KCUH,Cushing Municipal,Cushing,OK ,USA,https://acukwik.com/Airport-Info/KCUH
,Cushing Regional Hospital,Cushing,OK ,USA,https://acukwik.com/Airport-Info/OK65
,Hsi,Cushing,OK ,USA,https://acukwik.com/Airport-Info/4OK9
,Patti Air Strip,Cushing,OK ,USA,https://acukwik.com/Airport-Info/OL40
,Tacoma Command Post,Cusick,WA ,USA,https://acukwik.com/Airport-Info/WA69
,Crazy Horse,Custer,SD ,USA,https://acukwik.com/Airport-Info/0SD9
KCUT,Custer County,Custer,SD ,USA,https://acukwik.com/Airport-Info/KCUT
,Monument Health Custer Hospital,Custer,SD ,USA,https://acukwik.com/Airport-Info/SD86
,The Fort,Custer,SD ,USA,https://acukwik.com/Airport-Info/0SD5
,Corn Field,Custer Park,IL ,USA,https://acukwik.com/Airport-Info/IL95
,Chennault Airfield,Cut And Shoot,TX ,USA,https://acukwik.com/Airport-Info/25TX
KCTB,Cut Bank International,Cut Bank,MT ,USA,https://acukwik.com/Airport-Info/KCTB
,Lower Chattahoochee Regional,Cuthbert,GA ,USA,https://acukwik.com/Airport-Info/25J
,Cutler Regional,Cutler,ME ,USA,https://acukwik.com/Airport-Info/ME2
,Hepp,Cutler,IL ,USA,https://acukwik.com/Airport-Info/9LL2
,Cuttyhunk Harbor,Cuttyhunk,MA ,USA,https://acukwik.com/Airport-Info/6MA9
,Creekside Ridge,Cuyahoga Falls,OH ,USA,https://acukwik.com/Airport-Info/OA18
,Karam,Cuyahoga Falls,OH ,USA,https://acukwik.com/Airport-Info/7OH6
,Sjs,Cuyahoga Falls,OH ,USA,https://acukwik.com/Airport-Info/44OH
,7r Ranch,Cuyama,CA ,USA,https://acukwik.com/Airport-Info/CL25
,Vosburgh Airfield,Cuyama,CA ,USA,https://acukwik.com/Airport-Info/5CN4
,Cynthiana-Harrison County,Cynthiana,KY ,USA,https://acukwik.com/Airport-Info/0I8
,Harrison Memorial Hospital,Cynthiana,KY ,USA,https://acukwik.com/Airport-Info/63KY
,Dry Creek,Cypress,TX ,USA,https://acukwik.com/Airport-Info/TS07
,Folsom,Cypress,FL ,USA,https://acukwik.com/Airport-Info/2FL3
,North Cypress Medical Center,Cypress,TX ,USA,https://acukwik.com/Airport-Info/2XA3
,Rusty's Flying Service,D'hanis,TX ,USA,https://acukwik.com/Airport-Info/4TS8
,Squirrel Creek Ranch,D'hanis,TX ,USA,https://acukwik.com/Airport-Info/4TE9
,Cub Haven,Dade City,FL ,USA,https://acukwik.com/Airport-Info/FD53
,Dusty Airpatch,Dade City,FL ,USA,https://acukwik.com/Airport-Info/5FL0
,Field Of Dreams,Dade City,FL ,USA,https://acukwik.com/Airport-Info/FD59
,Tranquility Pad,Dade City,FL ,USA,https://acukwik.com/Airport-Info/89FD
,Two J's Flying Ranch,Dade City,FL ,USA,https://acukwik.com/Airport-Info/3FL1
,Lake Martin Community Hospital,Dadeville,AL ,USA,https://acukwik.com/Airport-Info/5AL6
KDAG,Barstow-Daggett,Daggett,CA ,USA,https://acukwik.com/Airport-Info/KDAG
,Dahl Creek,Dahl Creek,AK ,USA,https://acukwik.com/Airport-Info/DCK
KNDY,Dahlgren NSF,Dahlgren,VA ,USA,https://acukwik.com/Airport-Info/KNDY
,Gelfius International,Dahlgren,IL ,USA,https://acukwik.com/Airport-Info/27IS
,Lumpkin County-Wimpys,Dahlonega,GA ,USA,https://acukwik.com/Airport-Info/9A0
,Merrill Ahp,Dahlonega,GA ,USA,https://acukwik.com/Airport-Info/7A7
,Ngmc Lumpkin Hospital,Dahlonega,GA ,USA,https://acukwik.com/Airport-Info/03GE
,Greater Morris County,Daingerfield,TX ,USA,https://acukwik.com/Airport-Info/8F5
,Kristijanto Airstrip,Dakota City,NE ,USA,https://acukwik.com/Airport-Info/NE75
,Atkins Ridge,Daleyville,WI ,USA,https://acukwik.com/Airport-Info/WI43
KDHT,Dalhart Municipal,Dalhart,TX ,USA,https://acukwik.com/Airport-Info/KDHT
,Miller Airfield,Dalhart,TX ,USA,https://acukwik.com/Airport-Info/25TS
KADS,Addison/Dallas,Dallas,TX ,USA,https://acukwik.com/Airport-Info/KADS
,Air Park-Dallas,Dallas,TX ,USA,https://acukwik.com/Airport-Info/F69
,Airpark East,Dallas,TX ,USA,https://acukwik.com/Airport-Info/1F7
,Barsons Utilities,Dallas,TX ,USA,https://acukwik.com/Airport-Info/53TX
,Baylor University Medical Center Dallas,Dallas,TX ,USA,https://acukwik.com/Airport-Info/XA61
,Crespi Helistop,Dallas,TX ,USA,https://acukwik.com/Airport-Info/TX98
,Dallas Cbd,Dallas,TX ,USA,https://acukwik.com/Airport-Info/49T
KRBD,Dallas Executive,Dallas,TX ,USA,https://acukwik.com/Airport-Info/KRBD
KDAL,Dallas Love Field,Dallas,TX ,USA,https://acukwik.com/Airport-Info/KDAL
,Dallas Rehabilitation Institute,Dallas,TX ,USA,https://acukwik.com/Airport-Info/9TS8
KDFW,Dallas-Fort Worth International,Dallas,TX ,USA,https://acukwik.com/Airport-Info/KDFW
,Infomart,Dallas,TX ,USA,https://acukwik.com/Airport-Info/9TX8
,Medical City Dallas East,Dallas,TX ,USA,https://acukwik.com/Airport-Info/85TS
,Medical City Dallas Hospital,Dallas,TX ,USA,https://acukwik.com/Airport-Info/TS06
,Methodist Charlton Medical Center,Dallas,TX ,USA,https://acukwik.com/Airport-Info/XS97
,Methodist Dallas Medical Center,Dallas,TX ,USA,https://acukwik.com/Airport-Info/XA62
,Parkland Health & Hospital System,Dallas,TX ,USA,https://acukwik.com/Airport-Info/TE43
KPUJ,Paulding Northwest Atlanta,Dallas,GA ,USA,https://acukwik.com/Airport-Info/KPUJ
,Placid,Dallas,TX ,USA,https://acukwik.com/Airport-Info/9TA4
,Police H Port-Redbird,Dallas,TX ,USA,https://acukwik.com/Airport-Info/TX53
,Redmond Taylor Ahp,Dallas,TX ,USA,https://acukwik.com/Airport-Info/TX18
,Southland Center,Dallas,TX ,USA,https://acukwik.com/Airport-Info/TX55
,T I Company,Dallas,TX ,USA,https://acukwik.com/Airport-Info/TX60
,Texas Health Presbyterian Hospital Dallas,Dallas,TX ,USA,https://acukwik.com/Airport-Info/37TA
,Texas Scottish Rite Hospital For Children,Dallas,TX ,USA,https://acukwik.com/Airport-Info/TE22
,Toyota Of Dallas Inc,Dallas,TX ,USA,https://acukwik.com/Airport-Info/9TS9
,Utsw Medical Center - Clements,Dallas,TX ,USA,https://acukwik.com/Airport-Info/38TX
,Husband Field,Dallas Center,IA ,USA,https://acukwik.com/Airport-Info/39IA
,Flying Eagle,Dalmatia,PA ,USA,https://acukwik.com/Airport-Info/PS21
KDNN,Dalton Municipal,Dalton,GA ,USA,https://acukwik.com/Airport-Info/KDNN
,Hamilton Medical Center,Dalton,GA ,USA,https://acukwik.com/Airport-Info/GA70
,Pratermill Flight Park,Dalton,GA ,USA,https://acukwik.com/Airport-Info/GA72
,Miles Hospital,Damariscotta,ME ,USA,https://acukwik.com/Airport-Info/45ME
,Wingfield,Dameron,MD ,USA,https://acukwik.com/Airport-Info/MD01
,H & S Airfield,Damon,TX ,USA,https://acukwik.com/Airport-Info/XS21
,Prairie Aire Field,Damon,TX ,USA,https://acukwik.com/Airport-Info/4TA0
,Danbury Hospital,Danbury,CT ,USA,https://acukwik.com/Airport-Info/0CT8
KDXR,Danbury Municipal,Danbury,CT ,USA,https://acukwik.com/Airport-Info/KDXR
,Garrett Farms,Danbury,TX ,USA,https://acukwik.com/Airport-Info/96TX
,Garrett Ranch,Danbury,TX ,USA,https://acukwik.com/Airport-Info/77XS
,Knape,Danbury,TX ,USA,https://acukwik.com/Airport-Info/2XA2
,Salaika Aviation,Danbury,TX ,USA,https://acukwik.com/Airport-Info/07TA
,Tom N' Jerry,Danby,NY ,USA,https://acukwik.com/Airport-Info/NK05
,Dandridge,Dandridge,TN ,USA,https://acukwik.com/Airport-Info/TN47
,Dumplin Field,Dandridge,TN ,USA,https://acukwik.com/Airport-Info/86TN
,Wingman Aerodrome,Dandridge,TN ,USA,https://acukwik.com/Airport-Info/TT48
,Dane,Dane,WI ,USA,https://acukwik.com/Airport-Info/WI65
,Eberle Ranch,Dane,WI ,USA,https://acukwik.com/Airport-Info/5WN2
,Smith Aviation Inc,Danevang,TX ,USA,https://acukwik.com/Airport-Info/78XS
,Raymond Classen Memorial,Danforth,IL ,USA,https://acukwik.com/Airport-Info/8IS5
,Mountain King Ranch,Daniel,WY ,USA,https://acukwik.com/Airport-Info/WY33
KLZD,Danielson,Danielson,CT ,USA,https://acukwik.com/Airport-Info/KLZD
,Papas Place,Danielsville,GA ,USA,https://acukwik.com/Airport-Info/30GE
KDSV,Dansville Municipal,Dansville,NY ,USA,https://acukwik.com/Airport-Info/KDSV
,Buck Hollar,Danville,VA ,USA,https://acukwik.com/Airport-Info/95VA
,Centra Danville Medical Center,Danville,VA ,USA,https://acukwik.com/Airport-Info/5VA9
,Danville,Danville,PA ,USA,https://acukwik.com/Airport-Info/8N8
,Danville Airpark,Danville,GA ,USA,https://acukwik.com/Airport-Info/7GA4
,Danville Correctional Center,Danville,IL ,USA,https://acukwik.com/Airport-Info/7IS4
,Danville Municipal,Danville,AR ,USA,https://acukwik.com/Airport-Info/32A
KDAN,Danville Regional,Danville,VA ,USA,https://acukwik.com/Airport-Info/KDAN
,Danville Rescue,Danville,VA ,USA,https://acukwik.com/Airport-Info/3VA9
,Ephraim Mcdowell Regional Medical Center,Danville,KY ,USA,https://acukwik.com/Airport-Info/1KT8
,Geisinger,Danville,PA ,USA,https://acukwik.com/Airport-Info/49PN
,Geisinger Rooftop,Danville,PA ,USA,https://acukwik.com/Airport-Info/79PN
,Hendricks Community Hospital,Danville,IN ,USA,https://acukwik.com/Airport-Info/74II
,John Ed Chambers Memorial Hospital,Danville,AR ,USA,https://acukwik.com/Airport-Info/50AR
,Jr's,Danville,IN ,USA,https://acukwik.com/Airport-Info/11IN
,Meadors Field,Danville,IN ,USA,https://acukwik.com/Airport-Info/II82
,Med Flight 2,Danville,AL ,USA,https://acukwik.com/Airport-Info/30AL
,Melody Field,Danville,IL ,USA,https://acukwik.com/Airport-Info/IS88
,O'gara Tech Training Facility,Danville,VA ,USA,https://acukwik.com/Airport-Info/VA40
,Osf Healthcare Sacred Heart Medical Center,Danville,IL ,USA,https://acukwik.com/Airport-Info/93IS
KDVK,Stuart Powell Field,Danville,KY ,USA,https://acukwik.com/Airport-Info/KDVK
KDNV,Vermilion Regional,Danville,IL ,USA,https://acukwik.com/Airport-Info/KDNV
,Wallace,Danville,NH ,USA,https://acukwik.com/Airport-Info/58NH
,Welch,Danville,IL ,USA,https://acukwik.com/Airport-Info/IL00
,Dragons Den,Danvillle,IN ,USA,https://acukwik.com/Airport-Info/4IN6
,Belforest Field,Daphne,AL ,USA,https://acukwik.com/Airport-Info/AL47
,Malbis Med Park-Infirmary Health,Daphne,AL ,USA,https://acukwik.com/Airport-Info/6AL8
,Treeo,Daphne,AL ,USA,https://acukwik.com/Airport-Info/4AL3
,Kyle,Darby,MT ,USA,https://acukwik.com/Airport-Info/7MT5
,Ronshausen,Darbyville,OH ,USA,https://acukwik.com/Airport-Info/38OI
,White's,Darbyville,OH ,USA,https://acukwik.com/Airport-Info/63OH
,Dardanelle Hospital,Dardanelle,AR ,USA,https://acukwik.com/Airport-Info/AR32
,Ames Private,Darien,WI ,USA,https://acukwik.com/Airport-Info/05WI
,Patterson Island,Darien,GA ,USA,https://acukwik.com/Airport-Info/GA21
,Sapelo Island,Darien,GA ,USA,https://acukwik.com/Airport-Info/08GA
,Branhams,Darlington,SC ,USA,https://acukwik.com/Airport-Info/6J7
KUDG,Darlington County,Darlington,SC ,USA,https://acukwik.com/Airport-Info/KUDG
,Memorial Hospital of Lafayette County,Darlington,WI ,USA,https://acukwik.com/Airport-Info/93WI
,MHLC Hospital,Darlington,WI ,USA,https://acukwik.com/Airport-Info/72WI
,J & S Field,Darmstadt,IN ,USA,https://acukwik.com/Airport-Info/12IN
,Bayou Meadows,Darnell,LA ,USA,https://acukwik.com/Airport-Info/9LS1
,Darrington Clinic Ems,Darrington,WA ,USA,https://acukwik.com/Airport-Info/WA40
,Darrington Municipal,Darrington,WA ,USA,https://acukwik.com/Airport-Info/1S2
,Hiline,Darrington,WA ,USA,https://acukwik.com/Airport-Info/72WA
,Duke Ranch,Darrouzett,TX ,USA,https://acukwik.com/Airport-Info/TX38
,Jeremiah Denton,Dauphin Island,AL ,USA,https://acukwik.com/Airport-Info/4R9
,7 Bays,Davenport,WA ,USA,https://acukwik.com/Airport-Info/73WA
,Davenport,Davenport,WA ,USA,https://acukwik.com/Airport-Info/68S
KDVN,Davenport Municipal,Davenport,IA ,USA,https://acukwik.com/Airport-Info/KDVN
,Genesis Medical Center East Campus,Davenport,IA ,USA,https://acukwik.com/Airport-Info/2IA0
,Genesis Medical Center West Campus,Davenport,IA ,USA,https://acukwik.com/Airport-Info/IA81
,Las Trancas,Davenport,CA ,USA,https://acukwik.com/Airport-Info/17CL
,Mountain Top,Davenport,NY ,USA,https://acukwik.com/Airport-Info/NY02
,Orlando Health Reunion,Davenport,FL ,USA,https://acukwik.com/Airport-Info/5FA2
,Plath Farms,Davenport,ND ,USA,https://acukwik.com/Airport-Info/34ND
,Hall-Feld,Davey,NE ,USA,https://acukwik.com/Airport-Info/68NE
,David City Municipal,David City,NE ,USA,https://acukwik.com/Airport-Info/93Y
,Grande Oaks Golf Club,Davie,FL ,USA,https://acukwik.com/Airport-Info/FL69
,Hca Florida University Hospital,Davie,FL ,USA,https://acukwik.com/Airport-Info/76FA
,Isbell Ranch,Davilla,TX ,USA,https://acukwik.com/Airport-Info/14XS
,Ellis,Davis,IL ,USA,https://acukwik.com/Airport-Info/IL23
,Medlock Field,Davis,CA ,USA,https://acukwik.com/Airport-Info/69CL
,Sutter Davis Hospital,Davis,CA ,USA,https://acukwik.com/Airport-Info/CA45
KEDU,University,Davis,CA ,USA,https://acukwik.com/Airport-Info/KEDU
,Windwood Fly-In Resort,Davis,WV ,USA,https://acukwik.com/Airport-Info/WV62
KDWA,Yolo County,Davis/Woodland/Winters,CA ,USA,https://acukwik.com/Airport-Info/KDWA
,John's,Davison,MI ,USA,https://acukwik.com/Airport-Info/12MI
,The Waldron Way,Davison,MI ,USA,https://acukwik.com/Airport-Info/00MI
,Dawson Mediport,Dawson,ND ,USA,https://acukwik.com/Airport-Info/ND33
,Dawson Municipal,Dawson,GA ,USA,https://acukwik.com/Airport-Info/16J
,Jmhs Hospital,Dawson,MN ,USA,https://acukwik.com/Airport-Info/72MN
,Knapp Pecan Orchard Airpark,Dawson,TX ,USA,https://acukwik.com/Airport-Info/5TS3
,Young Field,Dawson,GA ,USA,https://acukwik.com/Airport-Info/9GA3
,Tradewater,Dawson Springs,KY ,USA,https://acukwik.com/Airport-Info/8M7
,Elliott Field,Dawsonville,GA ,USA,https://acukwik.com/Airport-Info/09GE
,Fort Atkinson Plantation Airpark,Day,FL ,USA,https://acukwik.com/Airport-Info/9FD7
,Riverview Ranch,Days Creek,OR ,USA,https://acukwik.com/Airport-Info/8OR3
,Childrens Medical Center,Dayton,OH ,USA,https://acukwik.com/Airport-Info/2OH5
,Dahio Trotwood,Dayton,OH ,USA,https://acukwik.com/Airport-Info/I44
KDAY,Dayton International James M Cox,Dayton,OH ,USA,https://acukwik.com/Airport-Info/KDAY
,Dayton Transportation Center,Dayton,OH ,USA,https://acukwik.com/Airport-Info/5D7
KMGY,Dayton/Wright Brothers,Dayton,OH ,USA,https://acukwik.com/Airport-Info/KMGY
,Glenair,Dayton,MD ,USA,https://acukwik.com/Airport-Info/MD46
KGDK,Greene County/Lewis A Jackson Regional,Dayton,OH ,USA,https://acukwik.com/Airport-Info/KGDK
,Gum Island,Dayton,TX ,USA,https://acukwik.com/Airport-Info/3TE1
,Jet Ag Inc,Dayton,TX ,USA,https://acukwik.com/Airport-Info/TA07
,Mark Anton Municipal,Dayton,TN ,USA,https://acukwik.com/Airport-Info/2A0
,Miami Valley Hospital,Dayton,OH ,USA,https://acukwik.com/Airport-Info/00OI
,Moraine Airpark,Dayton,OH ,USA,https://acukwik.com/Airport-Info/I73
,West Liberty,Dayton,TX ,USA,https://acukwik.com/Airport-Info/TS35
KFFO,Wright Patterson AFB,Dayton,OH ,USA,https://acukwik.com/Airport-Info/KFFO
,Xingu Airstrip,Dayton,WY ,USA,https://acukwik.com/Airport-Info/99WY
,Dayton Valley Airpark,Dayton/Carson City,NV ,USA,https://acukwik.com/Airport-Info/A34
,Advent Health Daytona Beach,Daytona Beach,FL ,USA,https://acukwik.com/Airport-Info/4FL6
KDAB,Daytona Beach International,Daytona Beach,FL ,USA,https://acukwik.com/Airport-Info/KDAB
,Halifax Hospital Medical Center,Daytona Beach,FL ,USA,https://acukwik.com/Airport-Info/29FL
,Smokey's,Daytona Beach,FL ,USA,https://acukwik.com/Airport-Info/FL44
,Spruce Creek - Private,Daytona Beach,FL ,USA,https://acukwik.com/Airport-Info/7FL6
,Land's Inn Ranch,Dayville,OR ,USA,https://acukwik.com/Airport-Info/49OR
,Wiley Creek,Dayville,OR ,USA,https://acukwik.com/Airport-Info/OR13
,Bryn,Dazey,ND ,USA,https://acukwik.com/Airport-Info/ND09
,Elert,De Forest,WI ,USA,https://acukwik.com/Airport-Info/WS12
,Pennington,De Funiak Springs,FL ,USA,https://acukwik.com/Airport-Info/FL71
KDKB,DeKalb Taylor Muni,De Kalb,IL ,USA,https://acukwik.com/Airport-Info/KDKB
,Jack W Watson,De Kalb,IL ,USA,https://acukwik.com/Airport-Info/0IL9
,Northwestern Memorial Healthcare,De Kalb,IL ,USA,https://acukwik.com/Airport-Info/0IL6
,Uncle Chuck's,De Kalb,IL ,USA,https://acukwik.com/Airport-Info/IS80
,Advent Health Deland,De Land,FL ,USA,https://acukwik.com/Airport-Info/2FD9
,Flying Illini,De Land,IL ,USA,https://acukwik.com/Airport-Info/IL80
,Smith Flying Service,De Leon,TX ,USA,https://acukwik.com/Airport-Info/TS14
,Lafayette Landings,De Leon Springs,FL ,USA,https://acukwik.com/Airport-Info/FD90
,Antique Aerodrome,De Pere,WI ,USA,https://acukwik.com/Airport-Info/9WS2
,Birch Creek,De Pere,WI ,USA,https://acukwik.com/Airport-Info/WS43
,Community Hospital of De Queen,De Queen,AR ,USA,https://acukwik.com/Airport-Info/01AR
KDEQ,J Lynn Helms Sevier County,De Queen,AR ,USA,https://acukwik.com/Airport-Info/KDEQ
,De Quincy Industrial Airpark,De Quincy,LA ,USA,https://acukwik.com/Airport-Info/5R8
KDRI,Beauregard Regional,De Ridder,LA ,USA,https://acukwik.com/Airport-Info/KDRI
,Swamp Smith,De Ridder,LA ,USA,https://acukwik.com/Airport-Info/34LA
,Albrecht,De Smet,SD ,USA,https://acukwik.com/Airport-Info/27SD
,Lee,De Smet,SD ,USA,https://acukwik.com/Airport-Info/SD83
,Ingels Aerodrome,De Soto,KS ,USA,https://acukwik.com/Airport-Info/4KS2
,De Witt Hospital,De Witt,AR ,USA,https://acukwik.com/Airport-Info/AR59
,De Witt Municipal,De Witt,AR ,USA,https://acukwik.com/Airport-Info/5M1
,Sids Place,De Witt,AR ,USA,https://acukwik.com/Airport-Info/49AR
PABP,Badami,Deadhorse,AK ,USA,https://acukwik.com/Airport-Info/PABP
,Central Pad,Deadhorse,AK ,USA,https://acukwik.com/Airport-Info/AA03
PASC,Deadhorse (Prudhoe Bay),Deadhorse,AK ,USA,https://acukwik.com/Airport-Info/PASC
,Inigok,Deadhorse,AK ,USA,https://acukwik.com/Airport-Info/4AK1
PAAD,Point Thomson Airstrip,Deadhorse,AK ,USA,https://acukwik.com/Airport-Info/PAAD
,Deale,Deale,MD ,USA,https://acukwik.com/Airport-Info/MD22
,Beaumont Dearborn,Dearborn,MI ,USA,https://acukwik.com/Airport-Info/56MI
,Dearborn Helistop,Dearborn,MI ,USA,https://acukwik.com/Airport-Info/MI07
,Fairlane Plaza,Dearborn,MI ,USA,https://acukwik.com/Airport-Info/MI40
,Triple R,Dearborn,MO ,USA,https://acukwik.com/Airport-Info/0C1
,Furnace Creek,Death Valley National Park,CA ,USA,https://acukwik.com/Airport-Info/L06
,Stovepipe Wells,Death Valley National Park,CA ,USA,https://acukwik.com/Airport-Info/L09
,Samuels Springs,Deatsville,KY ,USA,https://acukwik.com/Airport-Info/59KY
,Deblois Flight Strip,Deblois,ME ,USA,https://acukwik.com/Airport-Info/43B
,Adams County Memorial Hospital,Decatur,IN ,USA,https://acukwik.com/Airport-Info/56II
,Allison Farm,Decatur,TX ,USA,https://acukwik.com/Airport-Info/XA34
,American Bio Source,Decatur,TX ,USA,https://acukwik.com/Airport-Info/25TT
,Bishop,Decatur,TX ,USA,https://acukwik.com/Airport-Info/76T
,Blomenberg,Decatur,IN ,USA,https://acukwik.com/Airport-Info/II85
,Crystal Lake,Decatur,AR ,USA,https://acukwik.com/Airport-Info/5M5
KDEC,Decatur,Decatur,IL ,USA,https://acukwik.com/Airport-Info/KDEC
,Decatur Conference Center And Hotel,Decatur,IL ,USA,https://acukwik.com/Airport-Info/49LL
,Decatur Memorial Hospital,Decatur,IL ,USA,https://acukwik.com/Airport-Info/8IS6
,Decatur Morgan Hospital,Decatur,AL ,USA,https://acukwik.com/Airport-Info/1AL1
KLUD,Decatur Municipal,Decatur,TX ,USA,https://acukwik.com/Airport-Info/KLUD
,Flack Field,Decatur,TX ,USA,https://acukwik.com/Airport-Info/62TS
,Flat Bush,Decatur,TX ,USA,https://acukwik.com/Airport-Info/XA99
,Fleck,Decatur,TX ,USA,https://acukwik.com/Airport-Info/67TT
,Gage,Decatur,IN ,USA,https://acukwik.com/Airport-Info/13IN
,Heritage Creek Airstrip,Decatur,TX ,USA,https://acukwik.com/Airport-Info/58T
,Jbj Ranch,Decatur,TX ,USA,https://acukwik.com/Airport-Info/XA98
,Lazy 9 Ranch,Decatur,TX ,USA,https://acukwik.com/Airport-Info/TX64
,Lazy G Bar Ranch,Decatur,TX ,USA,https://acukwik.com/Airport-Info/09T
KDCU,Pryor Field Regional,Decatur,AL ,USA,https://acukwik.com/Airport-Info/KDCU
,St Mary's Hospital - Decatur,Decatur,IL ,USA,https://acukwik.com/Airport-Info/9IS3
,Triple-Ace Field,Decatur,TX ,USA,https://acukwik.com/Airport-Info/35X
,Wise Regional Health System,Decatur,TX ,USA,https://acukwik.com/Airport-Info/XA57
,Decatur /Jones,Decatur Island,WA ,USA,https://acukwik.com/Airport-Info/WA18
,Bandmill Field,Decker,IN ,USA,https://acukwik.com/Airport-Info/9IN4
,Snider Field,Decker,IN ,USA,https://acukwik.com/Airport-Info/0IN1
KDEH,Decorah Municipal,Decorah,IA ,USA,https://acukwik.com/Airport-Info/KDEH
,Winneshiek Medical Center,Decorah,IA ,USA,https://acukwik.com/Airport-Info/IA04
,Deepwater,Deepwater,NJ ,USA,https://acukwik.com/Airport-Info/37NJ
,Cady Aerial,Deer Grove,IL ,USA,https://acukwik.com/Airport-Info/0IS3
,Deer Harbor,Deer Harbor,WA ,USA,https://acukwik.com/Airport-Info/88WA
,Deer Lodge-City-County,Deer Lodge,MT ,USA,https://acukwik.com/Airport-Info/38S
,1101 East Blvd Deer Park,Deer Park,TX ,USA,https://acukwik.com/Airport-Info/55XA
,Deer Flat,Deer Park,WA ,USA,https://acukwik.com/Airport-Info/WA52
KDEW,Deer Park,Deer Park,WA ,USA,https://acukwik.com/Airport-Info/KDEW
,La Porte Plant,Deer Park,TX ,USA,https://acukwik.com/Airport-Info/61TS
,Radial Flyer,Deer Park,WA ,USA,https://acukwik.com/Airport-Info/WT21
,Shell Deer Park Refinery,Deer Park,TX ,USA,https://acukwik.com/Airport-Info/TE28
,Cutfoot Sioux,Deer River,MN ,USA,https://acukwik.com/Airport-Info/06MN
,Essentia Health Deer River,Deer River,MN ,USA,https://acukwik.com/Airport-Info/MN54
,Morris,Deer Trail,CO ,USA,https://acukwik.com/Airport-Info/CD13
,Blue Puffin Farm,Deerfield,NH ,USA,https://acukwik.com/Airport-Info/51NH
,Millers Airstrip,Deering,ND ,USA,https://acukwik.com/Airport-Info/81ND
,Birch Lake,Deerwood,MN ,USA,https://acukwik.com/Airport-Info/M69
,Shirt Lake,Deerwood,MN ,USA,https://acukwik.com/Airport-Info/25MN
,Marys River Ranch,Deeth,NV ,USA,https://acukwik.com/Airport-Info/NV04
KDFI,Defiance Memorial,Defiance,OH ,USA,https://acukwik.com/Airport-Info/KDFI
,Defiance Regional Medical Center,Defiance,OH ,USA,https://acukwik.com/Airport-Info/12OA
,Breezy Knoll,Defuniak Springs,FL ,USA,https://acukwik.com/Airport-Info/0FD5
,Defuniak Springs,Defuniak Springs,FL ,USA,https://acukwik.com/Airport-Info/54J
,Joy Farms,Defuniak Springs,FL ,USA,https://acukwik.com/Airport-Info/0FD9
,Unicorn Place,Defuniak Springs,FL ,USA,https://acukwik.com/Airport-Info/69FD
,Degrasse Moores,Degrasse,NY ,USA,https://acukwik.com/Airport-Info/1E8
KRCV,Astronaut Kent Rominger,Del Norte,CO ,USA,https://acukwik.com/Airport-Info/KRCV
,Rio Grande Hospital,Del Norte,CO ,USA,https://acukwik.com/Airport-Info/1CD5
,Pom Wonderful Airstrip,Del Rey,CA ,USA,https://acukwik.com/Airport-Info/0CA0
,Bar C Ranch,Del Rio,TX ,USA,https://acukwik.com/Airport-Info/54XS
,Bertani Ranch,Del Rio,TX ,USA,https://acukwik.com/Airport-Info/23TS
KDRT,Del Rio International,Del Rio,TX ,USA,https://acukwik.com/Airport-Info/KDRT
,Devil's River Ranch,Del Rio,TX ,USA,https://acukwik.com/Airport-Info/4TE7
,Indianhead Ranch,Del Rio,TX ,USA,https://acukwik.com/Airport-Info/1TS9
KDLF,Laughlin AFB,Del Rio,TX ,USA,https://acukwik.com/Airport-Info/KDLF
,Lewis Private,Del Rio,TX ,USA,https://acukwik.com/Airport-Info/4TE2
,Morning Star Ranch,Del Rio,TX ,USA,https://acukwik.com/Airport-Info/TA81
,Rio Vista Ranch,Del Rio,TX ,USA,https://acukwik.com/Airport-Info/TS04
,Rnk Ranch,Del Rio,TX ,USA,https://acukwik.com/Airport-Info/8TS8
,Del Valle,Del Valle,TX ,USA,https://acukwik.com/Airport-Info/TA55
,Bradshaw Tree Farm,Deland,FL ,USA,https://acukwik.com/Airport-Info/FL62
,Deep Woods Ranch,Deland,FL ,USA,https://acukwik.com/Airport-Info/FD86
KDED,DeLand Municipal,DeLand,FL ,USA,https://acukwik.com/Airport-Info/KDED
,North Exuma,Deland,FL ,USA,https://acukwik.com/Airport-Info/85FA
,Brandt,Delano,MN ,USA,https://acukwik.com/Airport-Info/MN19
KDLO,Delano Municipal,Delano,CA ,USA,https://acukwik.com/Airport-Info/KDLO
,San Joaquin Helicopters,Delano,CA ,USA,https://acukwik.com/Airport-Info/5CA6
,Bountiful Acres,Delavan,WI ,USA,https://acukwik.com/Airport-Info/6WI3
,Lake Lawn,Delavan,WI ,USA,https://acukwik.com/Airport-Info/C59
KDLZ,Delaware Municipal/Jim Moore Field,Delaware,OH ,USA,https://acukwik.com/Airport-Info/KDLZ
,Grady Memorial Hospital,Delaware,OH ,USA,https://acukwik.com/Airport-Info/OH25
,Obi One,Delaware,OH ,USA,https://acukwik.com/Airport-Info/7OH3
,Dondero Island,Delcambre,LA ,USA,https://acukwik.com/Airport-Info/26LA
,Transco Delcambre,Delcambre,LA ,USA,https://acukwik.com/Airport-Info/59LA
,Gunnersfield Ranch,Delevan,CA ,USA,https://acukwik.com/Airport-Info/71CL
,Delhi Municipal,Delhi,LA ,USA,https://acukwik.com/Airport-Info/0M9
,Fiorini Ranch,Delhi,CA ,USA,https://acukwik.com/Airport-Info/0CN1
,Dell Flight Strip,Dell,MT ,USA,https://acukwik.com/Airport-Info/4U9
,Dell City,Dell City,TX ,USA,https://acukwik.com/Airport-Info/4TE5
,Dell City Municipal,Dell City,TX ,USA,https://acukwik.com/Airport-Info/2E5
,Avera Dells Area Hospital,Dell Rapids,SD ,USA,https://acukwik.com/Airport-Info/SD22
,Jensen,Dell Rapids,SD ,USA,https://acukwik.com/Airport-Info/SD46
,Delmont Personal Use,Delmont,PA ,USA,https://acukwik.com/Airport-Info/50PN
,De Ford,Delphi,IN ,USA,https://acukwik.com/Airport-Info/4II0
,Delphi Municipal,Delphi,IN ,USA,https://acukwik.com/Airport-Info/1I9
,Youngpeter,Delphos,OH ,USA,https://acukwik.com/Airport-Info/3OH6
,Antiquers Aerodrome,Delray Beach,FL ,USA,https://acukwik.com/Airport-Info/FD08
,Delray Medical Center Emergency Helistop,Delray Beach,FL ,USA,https://acukwik.com/Airport-Info/48FD
,Barber Field,Delta,CO ,USA,https://acukwik.com/Airport-Info/CO89
KAJZ,Blake Field,Delta,CO ,USA,https://acukwik.com/Airport-Info/KAJZ
,Delta Community Hospital,Delta,UT ,USA,https://acukwik.com/Airport-Info/UT48
,Delta County Memorial Hospital,Delta,CO ,USA,https://acukwik.com/Airport-Info/0CD0
KDTA,Delta Municipal,Delta,UT ,USA,https://acukwik.com/Airport-Info/KDTA
,Jim's,Delta,CO ,USA,https://acukwik.com/Airport-Info/5CO3
,Point Creek,Delta,CO ,USA,https://acukwik.com/Airport-Info/CD34
,Westwinds,Delta,CO ,USA,https://acukwik.com/Airport-Info/D17
,All West,Delta Junction,AK ,USA,https://acukwik.com/Airport-Info/AK77
,Arctic Angel,Delta Junction,AK ,USA,https://acukwik.com/Airport-Info/9AK4
,Buffalo Row,Delta Junction,AK ,USA,https://acukwik.com/Airport-Info/AK35
,Delta Daves,Delta Junction,AK ,USA,https://acukwik.com/Airport-Info/AA22
,Delta Junction,Delta Junction,AK ,USA,https://acukwik.com/Airport-Info/D66
PABI,Delta Junction/Fort Greely/Allen AAF,Delta Junction,AK ,USA,https://acukwik.com/Airport-Info/PABI
,Pogo,Delta Junction,AK ,USA,https://acukwik.com/Airport-Info/1AK9
,Pogo Mine Airstrip,Delta Junction,AK ,USA,https://acukwik.com/Airport-Info/76AK
,Remington Field,Delta Junction,AK ,USA,https://acukwik.com/Airport-Info/29AK
,Rocking T Ranch,Delta Junction,AK ,USA,https://acukwik.com/Airport-Info/11AK
,Trophy Lodge,Delta Junction,AK ,USA,https://acukwik.com/Airport-Info/72AK
,Wingsong Estates,Delta Junction,AK ,USA,https://acukwik.com/Airport-Info/AK09
,Mc Helipad,Delton,MI ,USA,https://acukwik.com/Airport-Info/MI65
,Halifax Hospital Emergency Helostop,Deltona,FL ,USA,https://acukwik.com/Airport-Info/99FA
KDMN,Deming Municipal,Deming,NM ,USA,https://acukwik.com/Airport-Info/KDMN
,Epic Paramotor,Deming,NM ,USA,https://acukwik.com/Airport-Info/NM20
,Luna Landing,Deming,NM ,USA,https://acukwik.com/Airport-Info/NM26
,Mimbres Memorial Hospital,Deming,NM ,USA,https://acukwik.com/Airport-Info/NM04
,Riverside,Deming,WA ,USA,https://acukwik.com/Airport-Info/4WA8
,Solo Ranch,Deming,NM ,USA,https://acukwik.com/Airport-Info/NM08
KDYA,Demopolis Regional,Demopolis,AL ,USA,https://acukwik.com/Airport-Info/KDYA
,Whitfield Regional Hospital,Demopolis,AL ,USA,https://acukwik.com/Airport-Info/AL14
,River View Field,Demotte,IN ,USA,https://acukwik.com/Airport-Info/72IN
,Sandefer's,Denham Springs,LA ,USA,https://acukwik.com/Airport-Info/61LA
,Denio Junction,Denio,NV ,USA,https://acukwik.com/Airport-Info/E85
,Ae65,Denison,TX ,USA,https://acukwik.com/Airport-Info/65TT
KDNS,Denison Municipal,Denison,IA ,USA,https://acukwik.com/Airport-Info/KDNS
,Harrison Field,Denison,TX ,USA,https://acukwik.com/Airport-Info/58TE
,Mc Keon Aviation,Denison,TX ,USA,https://acukwik.com/Airport-Info/9XS4
,Texoma Medical Center,Denison,TX ,USA,https://acukwik.com/Airport-Info/16XA
,Cape Blanco State,Denmark,OR ,USA,https://acukwik.com/Airport-Info/5S6
,Hancock Pond,Denmark,ME ,USA,https://acukwik.com/Airport-Info/68JY
,Roxford,Dennison,OH ,USA,https://acukwik.com/Airport-Info/OA14
,Twin City Hospital,Dennison,OH ,USA,https://acukwik.com/Airport-Info/15OH
,Denton,Denton,MT ,USA,https://acukwik.com/Airport-Info/5U0
,Denton Airfield,Denton,NE ,USA,https://acukwik.com/Airport-Info/NE40
KDTO,Denton Enterprise,Denton,TX ,USA,https://acukwik.com/Airport-Info/KDTO
,Denton Regional Medical Ctr - Flow Campus,Denton,TX ,USA,https://acukwik.com/Airport-Info/TS58
,Dileo Field,Denton,MD ,USA,https://acukwik.com/Airport-Info/6MD1
,G W Farm,Denton,MD ,USA,https://acukwik.com/Airport-Info/9MD9
,Hartlee Field,Denton,TX ,USA,https://acukwik.com/Airport-Info/3XS0
,Smither Field,Denton,TX ,USA,https://acukwik.com/Airport-Info/TE81
,Texas Health Presbyterian Hospital Denton,Denton,TX ,USA,https://acukwik.com/Airport-Info/TX50
,Warschun Ranch,Denton,TX ,USA,https://acukwik.com/Airport-Info/4TA1
,Adventhealth Porter,Denver,CO ,USA,https://acukwik.com/Airport-Info/69CO
KAPA,Centennial,Denver,CO ,USA,https://acukwik.com/Airport-Info/KAPA
KCFO,Colorado Air & Space Port,Denver,CO ,USA,https://acukwik.com/Airport-Info/KCFO
,Denver Health,Denver,CO ,USA,https://acukwik.com/Airport-Info/CO35
KDEN,Denver International,Denver,CO ,USA,https://acukwik.com/Airport-Info/KDEN
,Gates Rubber Company,Denver,CO ,USA,https://acukwik.com/Airport-Info/CO30
,General Mail Facility,Denver,CO ,USA,https://acukwik.com/Airport-Info/CO01
,Kauffman,Denver,CO ,USA,https://acukwik.com/Airport-Info/0CD4
,Kusa Helistop,Denver,CO ,USA,https://acukwik.com/Airport-Info/CO88
,Little Mountain,Denver,NC ,USA,https://acukwik.com/Airport-Info/6NC1
,Police Headquarters,Denver,CO ,USA,https://acukwik.com/Airport-Info/9CO0
,Presbyterian/St Luke's Med Ctr,Denver,CO ,USA,https://acukwik.com/Airport-Info/2CO4
KBJC,Rocky Mountain Metropolitan/Jeffco,Denver,CO ,USA,https://acukwik.com/Airport-Info/KBJC
,Rose Medical Center/ Hca Healthone,Denver,CO ,USA,https://acukwik.com/Airport-Info/CO31
,St Joseph Hospital,Denver,CO ,USA,https://acukwik.com/Airport-Info/CO37
,St Lukes Hospital,Denver,CO ,USA,https://acukwik.com/Airport-Info/CO34
,Vtol,Denver,CO ,USA,https://acukwik.com/Airport-Info/CO40
,Denver City,Denver City,TX ,USA,https://acukwik.com/Airport-Info/E57
,Olson Aerodrome,Derby,KS ,USA,https://acukwik.com/Airport-Info/SN40
,Port-O,Derby,OH ,USA,https://acukwik.com/Airport-Info/2OH8
,Dermott Municipal,Dermott,AR ,USA,https://acukwik.com/Airport-Info/4M5
,Chopper One,Derry,NH ,USA,https://acukwik.com/Airport-Info/NH55
,Parkland Medical Center,Derry,NH ,USA,https://acukwik.com/Airport-Info/NH54
,Weston Street,Derry,NH ,USA,https://acukwik.com/Airport-Info/NH63
,Taylor Airstrip,Des Arc,AR ,USA,https://acukwik.com/Airport-Info/1AR2
,Broadlawns Medical Center,Des Moines,IA ,USA,https://acukwik.com/Airport-Info/6IA4
KDSM,Des Moines International,Des Moines,IA ,USA,https://acukwik.com/Airport-Info/KDSM
,Iowa Lutheran Hospital Life Flight,Des Moines,IA ,USA,https://acukwik.com/Airport-Info/IA98
,Iowa Methodist Medical Center,Des Moines,IA ,USA,https://acukwik.com/Airport-Info/IA64
,Mercy Hospital Medical Center Private,Des Moines,IA ,USA,https://acukwik.com/Airport-Info/IA82
,Presence Holy Family Medical Center,Des Plaines,IL ,USA,https://acukwik.com/Airport-Info/6IS5
,Desert Center,Desert Center,CA ,USA,https://acukwik.com/Airport-Info/CN64
,Iron Mountain Pumping Plant,Desert Center,CA ,USA,https://acukwik.com/Airport-Info/72CL
,Julian Hinds Pump Plant Airstrip,Desert Center,CA ,USA,https://acukwik.com/Airport-Info/73CL
,Devers Substation,Desert Hot Springs,CA ,USA,https://acukwik.com/Airport-Info/91CA
,Landells,Desert Hot Springs,CA ,USA,https://acukwik.com/Airport-Info/29CA
,Deshler Municipal Landing Strip,Deshler,OH ,USA,https://acukwik.com/Airport-Info/6D7
,Wilder,Desmet,SD ,USA,https://acukwik.com/Airport-Info/6E5
,Colonel Bobby Waddle/Desoto,Desoto,TX ,USA,https://acukwik.com/Airport-Info/73T
,Destin Emergency Care Center,Destin,FL ,USA,https://acukwik.com/Airport-Info/22FD
KDTS,Destin Executive,Destin,FL ,USA,https://acukwik.com/Airport-Info/KDTS
,Sacred Heart Hospital On The Emerald Coast,Destin,FL ,USA,https://acukwik.com/Airport-Info/3FL7
,Timberview Helicopters,Destin,FL ,USA,https://acukwik.com/Airport-Info/8FL5
,Ascension St John Hospital,Detroit,MI ,USA,https://acukwik.com/Airport-Info/55MI
KDET,Coleman A Young Municipal,Detroit,MI ,USA,https://acukwik.com/Airport-Info/KDET
,Detroit Border Patrol,Detroit,MI ,USA,https://acukwik.com/Airport-Info/MI96
,Detroit Medical Center,Detroit,MI ,USA,https://acukwik.com/Airport-Info/5MI0
KDTW,Detroit Metro Wayne County,Detroit,MI ,USA,https://acukwik.com/Airport-Info/KDTW
,Grace Hospital,Detroit,MI ,USA,https://acukwik.com/Airport-Info/17MI
,Henry Ford Hospital,Detroit,MI ,USA,https://acukwik.com/Airport-Info/0MI9
,Wdiv-Tv Channel 4,Detroit,MI ,USA,https://acukwik.com/Airport-Info/MI74
KYIP,Willow Run,Detroit,MI ,USA,https://acukwik.com/Airport-Info/KYIP
KONZ,Detroit Grosse Ile Municipal,Detroit Grosse Ile,MI ,USA,https://acukwik.com/Airport-Info/KONZ
KDTL,Detroit Lakes/Wething Field,Detroit Lakes,MN ,USA,https://acukwik.com/Airport-Info/KDTL
,Essentia Health St Mary,Detroit Lakes,MN ,USA,https://acukwik.com/Airport-Info/MY27
,Camp Grafton,Devils Lake,ND ,USA,https://acukwik.com/Airport-Info/8NA7
KDVL,Devils Lake Regional,Devils Lake,ND ,USA,https://acukwik.com/Airport-Info/KDVL
,Devine Municipal,Devine,TX ,USA,https://acukwik.com/Airport-Info/23R
,Hoerners Corners,Dewitt,MI ,USA,https://acukwik.com/Airport-Info/MI10
,Cackleberry,Dexter,MI ,USA,https://acukwik.com/Airport-Info/2E8
KDXE,Dexter Municipal,Dexter,MO ,USA,https://acukwik.com/Airport-Info/KDXE
,Dexter Regional,Dexter,ME ,USA,https://acukwik.com/Airport-Info/1B0
,Petes,Dexter,MN ,USA,https://acukwik.com/Airport-Info/7MY9
,Southeast Health Center Of Stoddard County,Dexter,MO ,USA,https://acukwik.com/Airport-Info/68MO
,Diablo,Diablo,WA ,USA,https://acukwik.com/Airport-Info/WT70
,Barton Lake Ranch,Diamond,OR ,USA,https://acukwik.com/Airport-Info/OR08
,Cedar Crest Airstrip,Diamond City,AR ,USA,https://acukwik.com/Airport-Info/78AR
,Pg & E Placerville Svc Cntr,Diamond Springs,CA ,USA,https://acukwik.com/Airport-Info/08CA
,Diamondhead,Diamondhead,MS ,USA,https://acukwik.com/Airport-Info/66Y
,Temple Eastex,Diboll,TX ,USA,https://acukwik.com/Airport-Info/29XS
KDIK,Dickinson/Theodore Roosevelt Regional,Dickinson,ND ,USA,https://acukwik.com/Airport-Info/KDIK
,Kadrmas,Dickinson,ND ,USA,https://acukwik.com/Airport-Info/ND10
,Talon Air,Dickinson,TX ,USA,https://acukwik.com/Airport-Info/T34
,Wolberg's Private,Dickinson,ND ,USA,https://acukwik.com/Airport-Info/7ND1
,Dickson Municipal,Dickson,TN ,USA,https://acukwik.com/Airport-Info/M02
,Horizon Medical Center,Dickson,TN ,USA,https://acukwik.com/Airport-Info/7TN6
,Tristar Horizon Fsed Helipad,Dickson,TN ,USA,https://acukwik.com/Airport-Info/5TN0
,Dickson City Hospital,Dickson City,PA ,USA,https://acukwik.com/Airport-Info/PS59
,Dighton,Dighton,KS ,USA,https://acukwik.com/Airport-Info/K65
,Anderson Ranch,Dilley,TX ,USA,https://acukwik.com/Airport-Info/6TA9
,Dilley Airpark,Dilley,TX ,USA,https://acukwik.com/Airport-Info/24R
PADL,Dillingham,Dillingham,AK ,USA,https://acukwik.com/Airport-Info/PADL
,Nushagak,Dillingham,AK ,USA,https://acukwik.com/Airport-Info/AK21
,Shannons Pond,Dillingham,AK ,USA,https://acukwik.com/Airport-Info/AA15
KDLN,Dillon,Dillon,MT ,USA,https://acukwik.com/Airport-Info/KDLN
KDLC,Dillon County,Dillon,SC ,USA,https://acukwik.com/Airport-Info/KDLC
,Amax Mill,Dillon/Silverthorne,CO ,USA,https://acukwik.com/Airport-Info/CD18
,Buckingham County Rescue Squad,Dillwyn,VA ,USA,https://acukwik.com/Airport-Info/VA97
,Dimmitt Municipal,Dimmitt,TX ,USA,https://acukwik.com/Airport-Info/T55
,Dinsmore,Dinsmore,CA ,USA,https://acukwik.com/Airport-Info/D63
PPDM,Diomede,Diomede,AK ,USA,https://acukwik.com/Airport-Info/PPDM
,Olympic Field,Discovery Bay/Maynard,WA ,USA,https://acukwik.com/Airport-Info/WA45
,Bacon's,Disney,OK ,USA,https://acukwik.com/Airport-Info/44OK
,Disney,Disney,OK ,USA,https://acukwik.com/Airport-Info/OK95
,Lakemont Shores,Disney,OK ,USA,https://acukwik.com/Airport-Info/65OK
,Siegfried Point,Disney,OK ,USA,https://acukwik.com/Airport-Info/31OK
,D Bar C,Dixie,ID ,USA,https://acukwik.com/Airport-Info/28ID
,Dixie Usfs,Dixie,ID ,USA,https://acukwik.com/Airport-Info/A05
,Mackay Bar,Dixie,ID ,USA,https://acukwik.com/Airport-Info/ID28
,Wilson Bar Usfs,Dixie,ID ,USA,https://acukwik.com/Airport-Info/C48
KDWX,Dixon,Dixon,WY ,USA,https://acukwik.com/Airport-Info/KDWX
,Dixon Correctional Center,Dixon,IL ,USA,https://acukwik.com/Airport-Info/78IL
,Dixon Municipal-Charles R. Walgreen Field,Dixon,IL ,USA,https://acukwik.com/Airport-Info/C73
,Katherine Shaw Bethea Hospital,Dixon,IL ,USA,https://acukwik.com/Airport-Info/49IS
,Wodohodsky Ranch LLC,Dixon,MO ,USA,https://acukwik.com/Airport-Info/57MO
KTOB,Dodge Center,Dodge Center,MN ,USA,https://acukwik.com/Airport-Info/KTOB
KDDC,Dodge City Regional,Dodge City,KS ,USA,https://acukwik.com/Airport-Info/KDDC
,Digger Doug,Dodgeville,WI ,USA,https://acukwik.com/Airport-Info/3WN1
,Southwind,Dodgeville,WI ,USA,https://acukwik.com/Airport-Info/22WN
,Upland Hills Health,Dodgeville,WI ,USA,https://acukwik.com/Airport-Info/WI44
,Aileron Orchards,Dolan Springs,AZ ,USA,https://acukwik.com/Airport-Info/AZ49
,Hofer,Doland,SD ,USA,https://acukwik.com/Airport-Info/SD13
,Loflin,Donald,OR ,USA,https://acukwik.com/Airport-Info/7WA6
,Mc Gee,Donald,OR ,USA,https://acukwik.com/Airport-Info/67OR
,Prevost Memorial Hospital,Donaldsonville,LA ,USA,https://acukwik.com/Airport-Info/94LA
,Donalsonville Municipal,Donalsonville,GA ,USA,https://acukwik.com/Airport-Info/17J
,Dongola,Dongola,IL ,USA,https://acukwik.com/Airport-Info/0IS6
,Keil,Dongola,IL ,USA,https://acukwik.com/Airport-Info/6IL5
,Doniphan Municipal,Doniphan,MO ,USA,https://acukwik.com/Airport-Info/X33
,Victory Field,Donnellsville,OH ,USA,https://acukwik.com/Airport-Info/2OA4
,Bear Air,Donnelly,ID ,USA,https://acukwik.com/Airport-Info/ID96
,Boulder Creek Airstrip,Donnelly,ID ,USA,https://acukwik.com/Airport-Info/44ID
,Donald D Coski Memorial,Donnelly,ID ,USA,https://acukwik.com/Airport-Info/U84
,Elk Ridge,Donnelly,ID ,USA,https://acukwik.com/Airport-Info/ID76
,Camp Tahigwa Landing Site,Dorchester,IA ,USA,https://acukwik.com/Airport-Info/1IA2
,Jones,Dorchester,WI ,USA,https://acukwik.com/Airport-Info/83WI
,Txaerosport Aerodrome,Dorchester,TX ,USA,https://acukwik.com/Airport-Info/X65
,Manju,Dorr,MI ,USA,https://acukwik.com/Airport-Info/48MI
,Hayland,Dorrance,KS ,USA,https://acukwik.com/Airport-Info/87KS
,Mahoney Farm,Dorrance,KS ,USA,https://acukwik.com/Airport-Info/2KS4
,Butte Valley,Dorris,CA ,USA,https://acukwik.com/Airport-Info/A32
,Cedar Run,Dorseyville,PA ,USA,https://acukwik.com/Airport-Info/PN01
,Dos Palos,Dos Palos,CA ,USA,https://acukwik.com/Airport-Info/28CA
,Eagle Field,Dos Palos,CA ,USA,https://acukwik.com/Airport-Info/CL01
KDHN,Dothan Regional,Dothan,AL ,USA,https://acukwik.com/Airport-Info/KDHN
,Flowers Hospital,Dothan,AL ,USA,https://acukwik.com/Airport-Info/AL59
,Southeast Alabama Medical Center,Dothan,AL ,USA,https://acukwik.com/Airport-Info/AL20
,Chamberlain Brothers Ranch,Douglas,WY ,USA,https://acukwik.com/Airport-Info/WY66
,Circle H Ranch,Douglas,AZ ,USA,https://acukwik.com/Airport-Info/AZ17
,Cochise College,Douglas,AZ ,USA,https://acukwik.com/Airport-Info/P03
KDGW,Converse County,Douglas,WY ,USA,https://acukwik.com/Airport-Info/KDGW
KDQH,Douglas Municipal,Douglas,GA ,USA,https://acukwik.com/Airport-Info/KDQH
KDGL,Douglas Municipal Airport,Douglas,AZ ,USA,https://acukwik.com/Airport-Info/KDGL
,Hardy Ranch,Douglas,WY ,USA,https://acukwik.com/Airport-Info/WY07
,Lmn 120,Douglas,KS ,USA,https://acukwik.com/Airport-Info/0KS9
,Moore Ranch,Douglas,WY ,USA,https://acukwik.com/Airport-Info/84WY
,Wagonhound,Douglas,WY ,USA,https://acukwik.com/Airport-Info/WY27
KDUG,Bisbee Douglas International,Douglas/Bisbee,AZ ,USA,https://acukwik.com/Airport-Info/KDUG
,Alley Field,Douglass,KS ,USA,https://acukwik.com/Airport-Info/60KS
,Bannon Field,Douglass,KS ,USA,https://acukwik.com/Airport-Info/70KS
,Pilot Pointe Estates,Douglass,KS ,USA,https://acukwik.com/Airport-Info/SN52
,Chattahoochee Air Park,Douglasville,GA ,USA,https://acukwik.com/Airport-Info/4GA6
,Miller Farm,Douglasville,GA ,USA,https://acukwik.com/Airport-Info/25GA
,Pinewood,Douglasville,GA ,USA,https://acukwik.com/Airport-Info/0GE0
,Wellstar Douglas Hospital,Douglasville,GA ,USA,https://acukwik.com/Airport-Info/3GE6
,Heitman Field,Dousman,WI ,USA,https://acukwik.com/Airport-Info/WI09
,Lynn Louise,Dousman,WI ,USA,https://acukwik.com/Airport-Info/4WN8
,Dove Creek,Dove Creek,CO ,USA,https://acukwik.com/Airport-Info/8V6
,Pleasant View,Dove Creek,CO ,USA,https://acukwik.com/Airport-Info/CD35
,Bayhealth Medical Center,Dover,DE ,USA,https://acukwik.com/Airport-Info/64DE
,Bellamy River,Dover,NH ,USA,https://acukwik.com/Airport-Info/NH01
,Chandelle,Dover,DE ,USA,https://acukwik.com/Airport-Info/0N4
,"Cleveland Clinic, Union Hospital",Dover,OH ,USA,https://acukwik.com/Airport-Info/13OI
,Delaware State Police,Dover,DE ,USA,https://acukwik.com/Airport-Info/DE02
,Deldot Helistop,Dover,DE ,USA,https://acukwik.com/Airport-Info/0N5
KDOV,Dover AFB,Dover,DE ,USA,https://acukwik.com/Airport-Info/KDOV
,Dover Downs Helistop,Dover,DE ,USA,https://acukwik.com/Airport-Info/DE03
,Elliott,Dover,DE ,USA,https://acukwik.com/Airport-Info/DE24
,Haymaker Private,Dover,OK ,USA,https://acukwik.com/Airport-Info/35OK
,Hood Field,Dover,NC ,USA,https://acukwik.com/Airport-Info/66NC
,Landers Loop,Dover,AR ,USA,https://acukwik.com/Airport-Info/AR89
,Lazy B Ranch,Dover,PA ,USA,https://acukwik.com/Airport-Info/0P8
,Leinsing,Dover,NH ,USA,https://acukwik.com/Airport-Info/0NH7
,Short Creek,Dover,TN ,USA,https://acukwik.com/Airport-Info/8TN7
,Wentworth-Douglass Hospital,Dover,NH ,USA,https://acukwik.com/Airport-Info/NH56
,Riverside,Dover Foxcroft,ME ,USA,https://acukwik.com/Airport-Info/ME85
,Northern Light Mayo Hospital,Dover-Foxcroft,ME ,USA,https://acukwik.com/Airport-Info/ME43
,Delaware Airpark,Dover/Cheswold,DE ,USA,https://acukwik.com/Airport-Info/33N
,Charles A Chase Jr Memorial Field,Dover/Foxcroft,ME ,USA,https://acukwik.com/Airport-Info/44B
,William E Koenig,Dow,IL ,USA,https://acukwik.com/Airport-Info/01IS
,Dowagiac Municipal,Dowagiac,MI ,USA,https://acukwik.com/Airport-Info/C91
,Lee Memorial Hospital,Dowagiac,MI ,USA,https://acukwik.com/Airport-Info/13MI
,Soggy Bottom,Dowelltown,TN ,USA,https://acukwik.com/Airport-Info/2TN8
,Advocate Good Samaritan Hospital,Downers Grove,IL ,USA,https://acukwik.com/Airport-Info/0IL4
,Brookeridge Air Park,Downers Grove,IL ,USA,https://acukwik.com/Airport-Info/LL22
,Downey/Hyde Memorial,Downey,ID ,USA,https://acukwik.com/Airport-Info/U58
,Fetters Construction,Downingtown,PA ,USA,https://acukwik.com/Airport-Info/PA70
,Campbell's,Doylestown,PA ,USA,https://acukwik.com/Airport-Info/PN28
KDYL,Doylestown,Doylestown,PA ,USA,https://acukwik.com/Airport-Info/KDYL
,Doylestown,Doylestown,PA ,USA,https://acukwik.com/Airport-Info/9PS3
,Stoneleigh,Doylestown,PA ,USA,https://acukwik.com/Airport-Info/4PS6
,Lone Peak Hospital,Draper,UT ,USA,https://acukwik.com/Airport-Info/25UT
,Pluralsight Hq,Draper,UT ,USA,https://acukwik.com/Airport-Info/42UT
,Utah Ntl Guard Headquarters,Draper,UT ,USA,https://acukwik.com/Airport-Info/UT05
,Valburg Ranch,Draper,SD ,USA,https://acukwik.com/Airport-Info/SD14
,West St Mary's,Drayden,MD ,USA,https://acukwik.com/Airport-Info/3MD6
,Drayton Municipal,Drayton,ND ,USA,https://acukwik.com/Airport-Info/D29
,Wayne's World,Dresden,TN ,USA,https://acukwik.com/Airport-Info/3TN3
,Ruleville-Drew,Drew,MS ,USA,https://acukwik.com/Airport-Info/M37
,Gjerde International,Drexel,MO ,USA,https://acukwik.com/Airport-Info/5MU5
,Hilltop,Drexel,MO ,USA,https://acukwik.com/Airport-Info/MU62
KDIJ,Driggs/Reed Memorial,Driggs,ID ,USA,https://acukwik.com/Airport-Info/KDIJ
,Alexander Ranch,Dripping Springs,TX ,USA,https://acukwik.com/Airport-Info/5TE3
,Bleakley Ranch,Dripping Springs,TX ,USA,https://acukwik.com/Airport-Info/5TE2
,Keyes Ranch,Dripping Springs,TX ,USA,https://acukwik.com/Airport-Info/14TX
,Mirasol Hills,Dripping Springs,TX ,USA,https://acukwik.com/Airport-Info/TA22
,Varnell,Dripping Springs,TX ,USA,https://acukwik.com/Airport-Info/74TA
,Drummond,Drummond,MT ,USA,https://acukwik.com/Airport-Info/M26
,Eau Claire Lakes,Drummond,WI ,USA,https://acukwik.com/Airport-Info/5G4
,Gold Creek,Drummond,MT ,USA,https://acukwik.com/Airport-Info/2MT9
,Sheridan Field,Drummond,OK ,USA,https://acukwik.com/Airport-Info/OK99
,Ashman Island,Drummond Island,MI ,USA,https://acukwik.com/Airport-Info/1MI0
KDRM,Drummond Island,Drummond Island,MI ,USA,https://acukwik.com/Airport-Info/KDRM
,Lapoint,Drummond Island,MI ,USA,https://acukwik.com/Airport-Info/MI4
,B T & K H Ranch,Dry Creek,LA ,USA,https://acukwik.com/Airport-Info/44LA
,Charlie Bravos,Dry Ridge,KY ,USA,https://acukwik.com/Airport-Info/19KY
,Sharmark Aviation,Dry Ridge,KY ,USA,https://acukwik.com/Airport-Info/0KY3
,Terrell County,Dryden,TX ,USA,https://acukwik.com/Airport-Info/6R6
,Marshall Browning Hospital,Du Quoin,IL ,USA,https://acukwik.com/Airport-Info/14IS
,Duanesburg,Duanesburg,NY ,USA,https://acukwik.com/Airport-Info/4B1
,Mariaville Aerodrome,Duanesburg,NY ,USA,https://acukwik.com/Airport-Info/8NY5
,Cedar Point Landing,Dublin,VA ,USA,https://acukwik.com/Airport-Info/VG59
,Dublin Field,Dublin,NC ,USA,https://acukwik.com/Airport-Info/NC82
,Dublin Municipal,Dublin,TX ,USA,https://acukwik.com/Airport-Info/9F0
KDBN,Dublin W H Bud Barron,Dublin,GA ,USA,https://acukwik.com/Airport-Info/KDBN
,Duke Strip 2,Dublin,GA ,USA,https://acukwik.com/Airport-Info/GE26
,Fairview Park Hospital,Dublin,GA ,USA,https://acukwik.com/Airport-Info/48GA
,Graystrip,Dublin,PA ,USA,https://acukwik.com/Airport-Info/PS46
,Lt Landing,Dublin,GA ,USA,https://acukwik.com/Airport-Info/23GE
,Moxley's,Dublin,MD ,USA,https://acukwik.com/Airport-Info/4MD6
KPSK,New River Valley,Dublin,VA ,USA,https://acukwik.com/Airport-Info/KPSK
,Oldsells,Dublin,OH ,USA,https://acukwik.com/Airport-Info/47OH
,Quahadi Ranch,Dublin,TX ,USA,https://acukwik.com/Airport-Info/17XS
,Stouffer's Dublin,Dublin,OH ,USA,https://acukwik.com/Airport-Info/93OI
,Dubois Municipal,Dubois,ID ,USA,https://acukwik.com/Airport-Info/U41
KDUB,Dubois Municipal,Dubois,WY ,USA,https://acukwik.com/Airport-Info/KDUB
KDUJ,DuBois Regional,DuBois,PA ,USA,https://acukwik.com/Airport-Info/KDUJ
,Kinky Creek Divide,Dubois,WY ,USA,https://acukwik.com/Airport-Info/WY30
,Penn Highlands Healthcare - Dubois,Dubois,PA ,USA,https://acukwik.com/Airport-Info/PA10
KDBQ,Dubuque Regional,Dubuque,IA ,USA,https://acukwik.com/Airport-Info/KDBQ
,Finley Hospital,Dubuque,IA ,USA,https://acukwik.com/Airport-Info/2IA1
,Mercyone Dubuque Medical Center,Dubuque,IA ,USA,https://acukwik.com/Airport-Info/IA10
,Duchesne Municipal,Duchesne,UT ,USA,https://acukwik.com/Airport-Info/U69
,High Meadow Ranch,Duck Creek Village,UT ,USA,https://acukwik.com/Airport-Info/2UT2
,Duckwater,Duckwater,NV ,USA,https://acukwik.com/Airport-Info/01U
,Mojarr,Dudley,MA ,USA,https://acukwik.com/Airport-Info/MA09
,DDA,Duffield,VA ,USA,https://acukwik.com/Airport-Info/5VA8
KDPG,Michael AAF (Dugway Proving Ground),Dugway Proving Ground,UT ,USA,https://acukwik.com/Airport-Info/KDPG
,Jicarilla Apache Nation,Dulce,NM ,USA,https://acukwik.com/Airport-Info/24N
,Sherwin Field Nr 1,Dull Center/Sw Clareton,WY ,USA,https://acukwik.com/Airport-Info/WY09
KDLH,Duluth International,Duluth,MN ,USA,https://acukwik.com/Airport-Info/KDLH
,Emory Johns Creek Hospital,Duluth,GA ,USA,https://acukwik.com/Airport-Info/GE28
KDYT,Sky Harbor,Duluth,MN ,USA,https://acukwik.com/Airport-Info/KDYT
,St Luke Hospital,Duluth,MN ,USA,https://acukwik.com/Airport-Info/MN48
,St Mary's Hospital,Duluth,MN ,USA,https://acukwik.com/Airport-Info/MN33
,Wild Rice Lake,Duluth,MN ,USA,https://acukwik.com/Airport-Info/MN35
,Billy Free Municipal,Dumas,AR ,USA,https://acukwik.com/Airport-Info/0M0
KDUX,Moore County,Dumas,TX ,USA,https://acukwik.com/Airport-Info/KDUX
,Moore County Hospital District,Dumas,TX ,USA,https://acukwik.com/Airport-Info/05XA
,Iroquois Landing,Dummer,NH ,USA,https://acukwik.com/Airport-Info/02NH
,Chiefs Hut,Dunbarton,NH ,USA,https://acukwik.com/Airport-Info/NH83
,Duncan Regional Hospital,Duncan,OK ,USA,https://acukwik.com/Airport-Info/38OK
KDUC,Halliburton Field,Duncan,OK ,USA,https://acukwik.com/Airport-Info/KDUC
,Ketchum Ranch,Duncan,OK ,USA,https://acukwik.com/Airport-Info/OK97
,Ramsak,Duncan,OK ,USA,https://acukwik.com/Airport-Info/OK67
,Rocket Ranch,Duncan,OK ,USA,https://acukwik.com/Airport-Info/OK90
,Chestnut Hill,Duncannon,PA ,USA,https://acukwik.com/Airport-Info/5PS5
,W S Lee & Sons Inc,Duncansville,PA ,USA,https://acukwik.com/Airport-Info/9PS7
,Greenlawn Farm,Dundee,NY ,USA,https://acukwik.com/Airport-Info/38NY
,Kettle Moraine,Dundee,WI ,USA,https://acukwik.com/Airport-Info/1WN1
,Paul's Flying Svc,Dundee,MS ,USA,https://acukwik.com/Airport-Info/MS92
,Southerly,Dundee,FL ,USA,https://acukwik.com/Airport-Info/58FD
,Mease Hospital,Dunedin,FL ,USA,https://acukwik.com/Airport-Info/FA04
,Alstar North,Dunkirk,NY ,USA,https://acukwik.com/Airport-Info/22NK
KDKK,Chautauqua County/Dunkirk,Dunkirk,NY ,USA,https://acukwik.com/Airport-Info/KDKK
,Baker & Hall,Dunlap,CA ,USA,https://acukwik.com/Airport-Info/77CL
,Magic Valley,Dunlap,TN ,USA,https://acukwik.com/Airport-Info/TN45
,Sequatchie County,Dunlap,TN ,USA,https://acukwik.com/Airport-Info/18TN
,Betsy Johnson Memorial Hospital,Dunn,NC ,USA,https://acukwik.com/Airport-Info/NC96
,Charles Field,Dunn,NC ,USA,https://acukwik.com/Airport-Info/NC22
,Spivey's Corner Fd,Dunn,NC ,USA,https://acukwik.com/Airport-Info/NR28
,Sunset Strip,Dunn Center,ND ,USA,https://acukwik.com/Airport-Info/37ND
,Marion County,Dunnellon,FL ,USA,https://acukwik.com/Airport-Info/X35
,Seven Feathers,Dunnellon,FL ,USA,https://acukwik.com/Airport-Info/10FD
,International Peace Garden,Dunseith,ND ,USA,https://acukwik.com/Airport-Info/S28
,Dunsmuir Municipal-Mott,Dunsmuir,CA ,USA,https://acukwik.com/Airport-Info/1O6
,Advent Health Durand,Durand,WI ,USA,https://acukwik.com/Airport-Info/WI57
,Buck Knob,Durand,WI ,USA,https://acukwik.com/Airport-Info/WI74
,Durand Ambulance Service,Durand,IL ,USA,https://acukwik.com/Airport-Info/9IL1
,Durand Municipal,Durand,WI ,USA,https://acukwik.com/Airport-Info/WI25
,Flying Z Ranch,Durand,IL ,USA,https://acukwik.com/Airport-Info/47IS
,Hayes Road,Durand,WI ,USA,https://acukwik.com/Airport-Info/WN99
,Mc Cartney,Durand,IL ,USA,https://acukwik.com/Airport-Info/2IL1
,Waite Field,Durand,MI ,USA,https://acukwik.com/Airport-Info/9MI4
,Animas Air Park,Durango,CO ,USA,https://acukwik.com/Airport-Info/00C
,Animas Air Park,Durango,CO ,USA,https://acukwik.com/Airport-Info/56CO
KDRO,Durango/La Plata County,Durango,CO ,USA,https://acukwik.com/Airport-Info/KDRO
,Mercy Regional Medical Center,Durango,CO ,USA,https://acukwik.com/Airport-Info/CO46
,Mountain Bell/Durango,Durango,CO ,USA,https://acukwik.com/Airport-Info/CD11
,Alliancehealth Durant,Durant,OK ,USA,https://acukwik.com/Airport-Info/OL11
KDUA,Durant Regional /Eaker Field,Durant,OK ,USA,https://acukwik.com/Airport-Info/KDUA
,Mc Laughlin Farm,Durant,OK ,USA,https://acukwik.com/Airport-Info/66OK
,Duke University North,Durham,NC ,USA,https://acukwik.com/Airport-Info/NC92
,Holly Green,Durham,NC ,USA,https://acukwik.com/Airport-Info/83NC
,Lake Ridge Aero Park,Durham,NC ,USA,https://acukwik.com/Airport-Info/8NC8
,Maplewood Farm,Durham,CT ,USA,https://acukwik.com/Airport-Info/CT39
,Margerison,Durham,ME ,USA,https://acukwik.com/Airport-Info/ME75
,Hansen,Durhamville,NY ,USA,https://acukwik.com/Airport-Info/02NY
,Dwight's Delight,Dushore,PA ,USA,https://acukwik.com/Airport-Info/PA71
,Sievers Field,Duson,LA ,USA,https://acukwik.com/Airport-Info/LS21
PAAM,Driftwood Bay Air Force Station,Dutch Harbor,AK ,USA,https://acukwik.com/Airport-Info/PAAM
,Dutch John,Dutch John,UT ,USA,https://acukwik.com/Airport-Info/33U
,Dutton,Dutton,MT ,USA,https://acukwik.com/Airport-Info/5U1
KDTG,Dwight,Dwight,IL ,USA,https://acukwik.com/Airport-Info/KDTG
,Jim & Peg,Dwight,IL ,USA,https://acukwik.com/Airport-Info/61IS
,Sauer,Dwight,IL ,USA,https://acukwik.com/Airport-Info/08LL
,Watters,Dwight,IL ,USA,https://acukwik.com/Airport-Info/2IL2
,Circle L Ranch,Dyer,NV ,USA,https://acukwik.com/Airport-Info/NV27
,Dyer,Dyer,NV ,USA,https://acukwik.com/Airport-Info/2Q9
,Franciscan Health Dyer,Dyer,IN ,USA,https://acukwik.com/Airport-Info/72II
,North Valley,Dyer,NV ,USA,https://acukwik.com/Airport-Info/9CA6
,Ae75,Dyersburg,TN ,USA,https://acukwik.com/Airport-Info/TN06
KDYR,Dyersburg Regional,Dyersburg,TN ,USA,https://acukwik.com/Airport-Info/KDYR
,Methodist Healthcare,Dyersburg,TN ,USA,https://acukwik.com/Airport-Info/1TN4
,Dyersville Area,Dyersville,IA ,USA,https://acukwik.com/Airport-Info/IA8
,Mercyone Dyersville,Dyersville,IA ,USA,https://acukwik.com/Airport-Info/IA53
,Cotton Field,Eads,TN ,USA,https://acukwik.com/Airport-Info/4TN4
,Eads Municipal,Eads,CO ,USA,https://acukwik.com/Airport-Info/9V7
,Parker,Eads,TN ,USA,https://acukwik.com/Airport-Info/8TN1
,Richardson Strip,Eads,TN ,USA,https://acukwik.com/Airport-Info/TN18
PAEG,Eagle,Eagle,AK ,USA,https://acukwik.com/Airport-Info/PAEG
KEGE,Eagle County Regional,Eagle,CO ,USA,https://acukwik.com/Airport-Info/KEGE
,Cheyenne Eagle Butte,Eagle Butte,SD ,USA,https://acukwik.com/Airport-Info/84D
,Cheyenne River Health Center,Eagle Butte,SD ,USA,https://acukwik.com/Airport-Info/04SD
,Hunt Field,Eagle Butte,SD ,USA,https://acukwik.com/Airport-Info/SD47
KEAG,Eagle Grove Municipal,Eagle Grove,IA ,USA,https://acukwik.com/Airport-Info/KEAG
,Chalk Point Generating Sta,Eagle Harbor,MD ,USA,https://acukwik.com/Airport-Info/MD27
KELA,Eagle Lake,Eagle Lake,TX ,USA,https://acukwik.com/Airport-Info/KELA
,Eagles Nest Aerodrome,Eagle Lake,MN ,USA,https://acukwik.com/Airport-Info/MN08
,Renz Ranch,Eagle Lake,TX ,USA,https://acukwik.com/Airport-Info/5TE7
,Rice Medical Center,Eagle Lake,TX ,USA,https://acukwik.com/Airport-Info/TA39
,Cedar Valley,Eagle Mountain,UT ,USA,https://acukwik.com/Airport-Info/UT10
,Air Evac Ems 57 Base,Eagle Pass,TX ,USA,https://acukwik.com/Airport-Info/56TE
,Comanche Ranch,Eagle Pass,TX ,USA,https://acukwik.com/Airport-Info/5TE0
,Fort Duncan Medical Center,Eagle Pass,TX ,USA,https://acukwik.com/Airport-Info/0XA2
,Maverick County Memorial International,Eagle Pass,TX ,USA,https://acukwik.com/Airport-Info/5T9
,Us Border Patrol Eagle Pass,Eagle Pass,TX ,USA,https://acukwik.com/Airport-Info/70TX
,Mucky Flat,Eagle Point,OR ,USA,https://acukwik.com/Airport-Info/89OR
,Oakridge Ranch,Eagle Point,OR ,USA,https://acukwik.com/Airport-Info/26OG
,Cranberry International,Eagle River,WI ,USA,https://acukwik.com/Airport-Info/WN66
,D&c Fire Lake Flying Club,Eagle River,AK ,USA,https://acukwik.com/Airport-Info/D72
KEGV,Eagle River Union,Eagle River,WI ,USA,https://acukwik.com/Airport-Info/KEGV
,Highland,Eagle River,AK ,USA,https://acukwik.com/Airport-Info/47AK
,Big Hill,Eagle Rock,VA ,USA,https://acukwik.com/Airport-Info/44VA
,Eagles Nest,Eagle Rock,MO ,USA,https://acukwik.com/Airport-Info/MU98
,Green Berry,Eagle Rock,MO ,USA,https://acukwik.com/Airport-Info/95MO
,Perkey,Eagle Rock,VA ,USA,https://acukwik.com/Airport-Info/79VG
,Eagles Mere Field,Eagles Mere,PA ,USA,https://acukwik.com/Airport-Info/40PN
,Merritt Field,Eagles Mere,PA ,USA,https://acukwik.com/Airport-Info/4PN7
,Hawk Haven Airfield,Eagleville,TN ,USA,https://acukwik.com/Airport-Info/TN07
,T-Top Airfield,Eagleville,TN ,USA,https://acukwik.com/Airport-Info/TN14
,Versailles Aerodrome,Eagleville,TN ,USA,https://acukwik.com/Airport-Info/9TN1
,White Pine,Eagleville,CA ,USA,https://acukwik.com/Airport-Info/6CL2
,Rheude,Earl Park,IN ,USA,https://acukwik.com/Airport-Info/II08
,Stokes,Earle,AR ,USA,https://acukwik.com/Airport-Info/63AR
,B & C,Earlville,IL ,USA,https://acukwik.com/Airport-Info/IL99
,Humm,Earlville,IL ,USA,https://acukwik.com/Airport-Info/06IL
,Younglove/Otterbach,Earlville,IL ,USA,https://acukwik.com/Airport-Info/IL55
,Pilots Landing,Early,TX ,USA,https://acukwik.com/Airport-Info/81TE
,Emergency Helipad,Easley,SC ,USA,https://acukwik.com/Airport-Info/04SC
,Venesky Air,Easley,SC ,USA,https://acukwik.com/Airport-Info/SC93
,Williamsport Airpark,Easley,SC ,USA,https://acukwik.com/Airport-Info/SC86
,Valley Industrial Properties Llc,East Bangor,PA ,USA,https://acukwik.com/Airport-Info/0PS5
,Circle W Airfield,East Berlin,PA ,USA,https://acukwik.com/Airport-Info/PA72
,Foltz,East Canton,OH ,USA,https://acukwik.com/Airport-Info/0OI0
,Chinaberry Ranch,East Dublin,GA ,USA,https://acukwik.com/Airport-Info/9GA8
,Piedmont Mountainside FSED,East Ellijay,GA ,USA,https://acukwik.com/Airport-Info/43GE
,Fuller House,East Falmouth,MA ,USA,https://acukwik.com/Airport-Info/5MA2
,Craig Cove,East Freetown,MA ,USA,https://acukwik.com/Airport-Info/7MA2
,Marks,East Granby,CT ,USA,https://acukwik.com/Airport-Info/CT50
,J J And T,East Grand Forks,MN ,USA,https://acukwik.com/Airport-Info/MN81
,Pribbs Field,East Grand Forks,MN ,USA,https://acukwik.com/Airport-Info/2MN0
,East Gull Lake,East Gull Lake,MN ,USA,https://acukwik.com/Airport-Info/9Y2
,Steam Boat Bay,East Gull Lake,MN ,USA,https://acukwik.com/Airport-Info/M16
,Devils Hopyard Field,East Haddam,CT ,USA,https://acukwik.com/Airport-Info/CT11
,Goodspeed,East Haddam,CT ,USA,https://acukwik.com/Airport-Info/42B
,Sanford,East Haddam,CT ,USA,https://acukwik.com/Airport-Info/CT86
,Bistrians,East Hampton,NY ,USA,https://acukwik.com/Airport-Info/4NY5
