ICAO,Airport Name,City,State,Country,Airport Link
,Johns Hopkins Hospital Critical Care Tower,Baltimore,MD ,USA,https://acukwik.com/Airport-Info/17MD
,Marriott Parking Garage Rooftop,Baltimore,MD ,USA,https://acukwik.com/Airport-Info/24MD
KMTN,Martin State,Baltimore,MD ,USA,https://acukwik.com/Airport-Info/KMTN
,Medstar Franklin,Baltimore,MD ,USA,https://acukwik.com/Airport-Info/90MD
,Miller Farm Landing Strip,Baltimore,OH ,USA,https://acukwik.com/Airport-Info/7B4
,Montebello Filtration Plant,Baltimore,MD ,USA,https://acukwik.com/Airport-Info/8MD2
,Pier 7,Baltimore,MD ,USA,https://acukwik.com/Airport-Info/4MD
,Sinai Ii,Baltimore,MD ,USA,https://acukwik.com/Airport-Info/8MD3
,St Agnes Health Care,Baltimore,MD ,USA,https://acukwik.com/Airport-Info/12MD
,Union Memorial Hospital,Baltimore,MD ,USA,https://acukwik.com/Airport-Info/44MD
,University Of Maryland Shock Trauma Center,Baltimore,MD ,USA,https://acukwik.com/Airport-Info/MD71
,Bamberg County,Bamberg,SC ,USA,https://acukwik.com/Airport-Info/99N
,Bamberg County Memorial Hospital,Bamberg,SC ,USA,https://acukwik.com/Airport-Info/SC49
,Bancroft Municipal,Bancroft,ID ,USA,https://acukwik.com/Airport-Info/U51
,Bains Private,Bandera,TX ,USA,https://acukwik.com/Airport-Info/20TS
,Baltzell's Las Brisas,Bandera,TX ,USA,https://acukwik.com/Airport-Info/3TA3
,Bandera State,Bandera,WA ,USA,https://acukwik.com/Airport-Info/4W0
,Flying L,Bandera,TX ,USA,https://acukwik.com/Airport-Info/TE90
,Lobo Mountain Ranch,Bandera,TX ,USA,https://acukwik.com/Airport-Info/TE21
,Bandon State,Bandon,OR ,USA,https://acukwik.com/Airport-Info/S05
KBGR,Bangor International,Bangor,ME ,USA,https://acukwik.com/Airport-Info/KBGR
,Eastern Maine Medical Center,Bangor,ME ,USA,https://acukwik.com/Airport-Info/ME02
,Hallett's,Bangor,PA ,USA,https://acukwik.com/Airport-Info/8PN2
,Lucky Landing Marina,Bangor,ME ,USA,https://acukwik.com/Airport-Info/06B
,Chadwick,Banks,OR ,USA,https://acukwik.com/Airport-Info/OR27
,Fishback,Banks,OR ,USA,https://acukwik.com/Airport-Info/9OR7
,Rieben,Banks,OR ,USA,https://acukwik.com/Airport-Info/OG02
,Charles A Cannon Jr Memorial Hospital,Banner Elk,NC ,USA,https://acukwik.com/Airport-Info/NC07
,Diamond Creek #1,Banner Elk,NC ,USA,https://acukwik.com/Airport-Info/1NC7
,Diamond Creek #2,Banner Elk,NC ,USA,https://acukwik.com/Airport-Info/7NC8
,Elk River,Banner Elk,NC ,USA,https://acukwik.com/Airport-Info/NC06
KBNG,Banning Municipal,Banning,CA ,USA,https://acukwik.com/Airport-Info/KBNG
,San Gorgonio Memorial Hospital,Banning,CA ,USA,https://acukwik.com/Airport-Info/60CN
,Shady Lawn Field,Bannister,MI ,USA,https://acukwik.com/Airport-Info/4M4
,Bannock,Bannock,OH ,USA,https://acukwik.com/Airport-Info/2D6
,Acadian,Bar Harbor,ME ,USA,https://acukwik.com/Airport-Info/ME07
,Bar Harbor,Bar Harbor,ME ,USA,https://acukwik.com/Airport-Info/22ME
KBHB,Hancock County/Bar Harbor,Bar Harbor,ME ,USA,https://acukwik.com/Airport-Info/KBHB
KDLL,Baraboo/Wisconsin Dells Regional,Baraboo,WI ,USA,https://acukwik.com/Airport-Info/KDLL
,St Clare Hospital,Baraboo,WI ,USA,https://acukwik.com/Airport-Info/WI30
,Thiessen Field,Baraboo,WI ,USA,https://acukwik.com/Airport-Info/34WI
,Baranof Warm Springs Float And Seaplane Float,Baranof,AK ,USA,https://acukwik.com/Airport-Info/BNF
,Barbourville Arh,Barbourville,KY ,USA,https://acukwik.com/Airport-Info/7KY5
,Flaget Memorial Hospital,Bardstown,KY ,USA,https://acukwik.com/Airport-Info/5KY1
KBRY,Samuels Field,Bardstown,KY ,USA,https://acukwik.com/Airport-Info/KBRY
,Flying O,Bardwell,TX ,USA,https://acukwik.com/Airport-Info/TX29
,Bronson,Bargersville,IN ,USA,https://acukwik.com/Airport-Info/II93
,Kephart Field,Bargersville,IN ,USA,https://acukwik.com/Airport-Info/IN01
,Flying Bull Ranch,Barksdale,TX ,USA,https://acukwik.com/Airport-Info/TA52
,Dixon,Barlow,MS ,USA,https://acukwik.com/Airport-Info/20MS
,Rod's Sod,Barlow,OH ,USA,https://acukwik.com/Airport-Info/OH55
,Monsalvat Farm Holdings Llc,Barnard,VT ,USA,https://acukwik.com/Airport-Info/19VT
,Barnes Air Field,Barnes,TX ,USA,https://acukwik.com/Airport-Info/65XA
,Ag Spray Inc,Barnesville,MN ,USA,https://acukwik.com/Airport-Info/94MN
,Antique Acres,Barnesville,GA ,USA,https://acukwik.com/Airport-Info/GA59
,Barnesville Municipal,Barnesville,MN ,USA,https://acukwik.com/Airport-Info/9MN3
,Barnesville/Bradfield,Barnesville,OH ,USA,https://acukwik.com/Airport-Info/6G5
,Janssen,Barnesville,MN ,USA,https://acukwik.com/Airport-Info/9MN5
,Little Tobesofkee Creek Ranch,Barnesville,GA ,USA,https://acukwik.com/Airport-Info/GA86
,Goerger,Barney,ND ,USA,https://acukwik.com/Airport-Info/0NA1
,Hager Strip,Barney,ND ,USA,https://acukwik.com/Airport-Info/NA55
,Moffet Airstrip,Barney,ND ,USA,https://acukwik.com/Airport-Info/NA56
,Seapuit,Barnstable,MA ,USA,https://acukwik.com/Airport-Info/3MA3
KBNL,Barnwell Regional,Barnwell,SC ,USA,https://acukwik.com/Airport-Info/KBNL
,Baroda,Baroda,MI ,USA,https://acukwik.com/Airport-Info/MI68
,Barre-Bassett,Barre,MA ,USA,https://acukwik.com/Airport-Info/24MA
,Central Vermont Medical Center,Barre,VT ,USA,https://acukwik.com/Airport-Info/VT65
KMPV,Edward F Knapp State,Barre-Montpelier,VT ,USA,https://acukwik.com/Airport-Info/KMPV
,Advocate Good Shepherd Hospital,Barrington,IL ,USA,https://acukwik.com/Airport-Info/IL08
,Barron Municipal,Barron,WI ,USA,https://acukwik.com/Airport-Info/9Y7
,Mayo Clinic Health System-Northland,Barron,WI ,USA,https://acukwik.com/Airport-Info/WI34
PABR,Wiley Post/Will Rogers Memorial,Barrow,AK ,USA,https://acukwik.com/Airport-Info/PABR
,Air Methods Barstow,Barstow,CA ,USA,https://acukwik.com/Airport-Info/30CN
,Barstow Community Hospital,Barstow,CA ,USA,https://acukwik.com/Airport-Info/CL17
,Barstow Service Center,Barstow,CA ,USA,https://acukwik.com/Airport-Info/9CA1
,Goldstone /GTS,Barstow,CA ,USA,https://acukwik.com/Airport-Info/00CA
,Ludlow,Barstow,CA ,USA,https://acukwik.com/Airport-Info/5CA4
,Ord Mountain,Barstow,CA ,USA,https://acukwik.com/Airport-Info/5CA2
KBVO,Bartlesville Municipal,Bartlesville,OK ,USA,https://acukwik.com/Airport-Info/KBVO
,Flying Eagle Estates,Bartlesville,OK ,USA,https://acukwik.com/Airport-Info/9OK3
,Jane Phillips,Bartlesville,OK ,USA,https://acukwik.com/Airport-Info/58OK
,Viskup Family Field,Bartlesville,OK ,USA,https://acukwik.com/Airport-Info/0OK2
,7up Ranch,Bartlett,KS ,USA,https://acukwik.com/Airport-Info/75KS
,Landgren Ranch,Bartlett,NE ,USA,https://acukwik.com/Airport-Info/40NE
,Ranger,Bartlett,TN ,USA,https://acukwik.com/Airport-Info/TN61
,Urso,Bartlett,IL ,USA,https://acukwik.com/Airport-Info/IS12
,Bartlett Cove,Bartlett Cove,AK ,USA,https://acukwik.com/Airport-Info/BQV
,Lee Field,Bartley,NE ,USA,https://acukwik.com/Airport-Info/6NE7
,Raymond Field,Barton City,MI ,USA,https://acukwik.com/Airport-Info/MI58
,Carrington,Bartonville,TX ,USA,https://acukwik.com/Airport-Info/TX06
,Barton Regional Medical Center,Bartow,FL ,USA,https://acukwik.com/Airport-Info/1FL7
KBOW,Bartow Executive,Bartow,FL ,USA,https://acukwik.com/Airport-Info/KBOW
,Bartow High School,Bartow,FL ,USA,https://acukwik.com/Airport-Info/FD65
,Hoelting,Basehor,KS ,USA,https://acukwik.com/Airport-Info/SN22
,Neu Field,Basehor,KS ,USA,https://acukwik.com/Airport-Info/8KS1
,Lejeune Aerial Applications,Basile,LA ,USA,https://acukwik.com/Airport-Info/10LS
,Millers Flying Service,Basile,LA ,USA,https://acukwik.com/Airport-Info/LA01
,Dorsey Creek Ranch,Basin,WY ,USA,https://acukwik.com/Airport-Info/0WY1
,Klies Air Strip,Basin,MT ,USA,https://acukwik.com/Airport-Info/MT43
,Green Acres,Basin City,WA ,USA,https://acukwik.com/Airport-Info/6WA3
,Engstrom Field,Basin Creek,AK ,USA,https://acukwik.com/Airport-Info/Z47
,Greg's Flying Service,Baskin,LA ,USA,https://acukwik.com/Airport-Info/05LA
,At&t Helistop,Basking Ridge,NJ ,USA,https://acukwik.com/Airport-Info/9NJ3
KRBE,Rock County,Bassett,NE ,USA,https://acukwik.com/Airport-Info/KRBE
,Ascension Seton Neighborhood Hospital,Bastrop,TX ,USA,https://acukwik.com/Airport-Info/TT13
KBQP,Morehouse Memorial,Bastrop,LA ,USA,https://acukwik.com/Airport-Info/KBQP
,Travis,Bastrop,LA ,USA,https://acukwik.com/Airport-Info/LA63
,Utley,Bastrop,TX ,USA,https://acukwik.com/Airport-Info/68XA
,Sky Bryce,Basye,VA ,USA,https://acukwik.com/Airport-Info/VG18
,Clermont County,Batavia,OH ,USA,https://acukwik.com/Airport-Info/I69
KGVQ,Genesee County,Batavia,NY ,USA,https://acukwik.com/Airport-Info/KGVQ
,Mercy Clermont Hospital,Batavia,OH ,USA,https://acukwik.com/Airport-Info/5OH0
,Troop A Headquarters,Batavia,NY ,USA,https://acukwik.com/Airport-Info/22NY
,Batchtown,Batchtown,IL ,USA,https://acukwik.com/Airport-Info/36IL
,Harry S Truman Regional,Bates City,MO ,USA,https://acukwik.com/Airport-Info/2M1
,House Movers Field,Batesburg,SC ,USA,https://acukwik.com/Airport-Info/SC46
KHLB,Batesville,Batesville,IN ,USA,https://acukwik.com/Airport-Info/KHLB
KBVX,Batesville Regional,Batesville,AR ,USA,https://acukwik.com/Airport-Info/KBVX
,Dm Ranch,Batesville,TX ,USA,https://acukwik.com/Airport-Info/XA88
KPMU,Panola County,Batesville,MS ,USA,https://acukwik.com/Airport-Info/KPMU
,Panola Medical Center,Batesville,MS ,USA,https://acukwik.com/Airport-Info/MS31
,White River Medical Center,Batesville,AR ,USA,https://acukwik.com/Airport-Info/AR24
,Jolamtra Landing Area,Bath,NY ,USA,https://acukwik.com/Airport-Info/23NY
,University Airpark,Bath,MI ,USA,https://acukwik.com/Airport-Info/41G
,Craig Private,Bathgate,ND ,USA,https://acukwik.com/Airport-Info/5ND3
,Andre Smith Aviation,Baton Rouge,LA ,USA,https://acukwik.com/Airport-Info/LS32
,Baton Rouge,Baton Rouge,LA ,USA,https://acukwik.com/Airport-Info/LA05
,Baton Rouge General Hospital,Baton Rouge,LA ,USA,https://acukwik.com/Airport-Info/27LA
,Baton Rouge General Medical Center,Baton Rouge,LA ,USA,https://acukwik.com/Airport-Info/LA00
KBTR,Baton Rouge Metro Ryan Field,Baton Rouge,LA ,USA,https://acukwik.com/Airport-Info/KBTR
,Baton Rouge Police,Baton Rouge,LA ,USA,https://acukwik.com/Airport-Info/49LA
,Celtic,Baton Rouge,LA ,USA,https://acukwik.com/Airport-Info/63LA
,Cosmar Styrene Plant,Baton Rouge,LA ,USA,https://acukwik.com/Airport-Info/1LS1
,Jenkins,Baton Rouge,LA ,USA,https://acukwik.com/Airport-Info/LA69
,La Dotd Hq,Baton Rouge,LA ,USA,https://acukwik.com/Airport-Info/27LS
,La Ntl Guard,Baton Rouge,LA ,USA,https://acukwik.com/Airport-Info/04LS
,La State Police Troop A,Baton Rouge,LA ,USA,https://acukwik.com/Airport-Info/96LA
,Louisiana State Police Headquarters,Baton Rouge,LA ,USA,https://acukwik.com/Airport-Info/LA28
,Medical Center Of Baton Rouge,Baton Rouge,LA ,USA,https://acukwik.com/Airport-Info/LA99
,Olol Children's,Baton Rouge,LA ,USA,https://acukwik.com/Airport-Info/23LS
,Our Lady Of The Lake Regional Medical Center,Baton Rouge,LA ,USA,https://acukwik.com/Airport-Info/29LA
,Southern Helicopters,Baton Rouge,LA ,USA,https://acukwik.com/Airport-Info/21LA
,Spencer Calahan Office Building,Baton Rouge,LA ,USA,https://acukwik.com/Airport-Info/85LA
,Woman's Hospital,Baton Rouge,LA ,USA,https://acukwik.com/Airport-Info/1LA0
KBTL,Battle Creek Executive,Battle Creek,MI ,USA,https://acukwik.com/Airport-Info/KBTL
,Becker Field,Battle Ground,WA ,USA,https://acukwik.com/Airport-Info/59AS
,Cedars North,Battle Ground,WA ,USA,https://acukwik.com/Airport-Info/W58
,Goheen,Battle Ground,WA ,USA,https://acukwik.com/Airport-Info/W52
,Parkside Airpark,Battle Ground,WA ,USA,https://acukwik.com/Airport-Info/WA87
,Battle Lake Municipal,Battle Lake,MN ,USA,https://acukwik.com/Airport-Info/00MN
KBAM,Battle Mountain,Battle Mountain,NV ,USA,https://acukwik.com/Airport-Info/KBAM
,Battle Mountain Ems,Battle Mountain,NV ,USA,https://acukwik.com/Airport-Info/53NV
,Swanson Ranch 3,Battle Mountain,NV ,USA,https://acukwik.com/Airport-Info/NV64
KBDE,Baudette International,Baudette,MN ,USA,https://acukwik.com/Airport-Info/KBDE
,Lakewood Health Center,Baudette,MN ,USA,https://acukwik.com/Airport-Info/34MN
,Appling General Hospital,Baxley,GA ,USA,https://acukwik.com/Airport-Info/GA78
KBHC,Baxley Municipal,Baxley,GA ,USA,https://acukwik.com/Airport-Info/KBHC
,Miller Farm,Bay,MO ,USA,https://acukwik.com/Airport-Info/MU21
KBYY,Bay City Regional,Bay City,TX ,USA,https://acukwik.com/Airport-Info/KBYY
,Cig 809,Bay City,TX ,USA,https://acukwik.com/Airport-Info/TS12
,Claytime,Bay City,TX ,USA,https://acukwik.com/Airport-Info/XS74
,Harold Miller,Bay City,MI ,USA,https://acukwik.com/Airport-Info/03MI
,James Clements Municipal,Bay City,MI ,USA,https://acukwik.com/Airport-Info/3CM
,Matagorda Regional Medical Center,Bay City,TX ,USA,https://acukwik.com/Airport-Info/3XA2
,Midmichigan Health Park,Bay City,MI ,USA,https://acukwik.com/Airport-Info/8MI0
,Bay Minette Municipal,Bay Minette,AL ,USA,https://acukwik.com/Airport-Info/1R8
,Bent Oak,Bay Minette,AL ,USA,https://acukwik.com/Airport-Info/96AL
,Mega Site Helipad,Bay Minette,AL ,USA,https://acukwik.com/Airport-Info/6AL9
,Thigpen Field,Bay Springs,MS ,USA,https://acukwik.com/Airport-Info/00M
KHSA,Stennis International,Bay St Louis,MS ,USA,https://acukwik.com/Airport-Info/KHSA
,Rancho Buena Vista,Bay View,TX ,USA,https://acukwik.com/Airport-Info/TS94
,Petit Cache,Bayfield,WI ,USA,https://acukwik.com/Airport-Info/WS19
,Bayonne Golf Club,Bayonne,NJ ,USA,https://acukwik.com/Airport-Info/2NJ9
,Roy E Ray,Bayou La Batre,AL ,USA,https://acukwik.com/Airport-Info/5R7
,Bayport Aerodrome,Bayport,NY ,USA,https://acukwik.com/Airport-Info/23N
,Chevron Chemical Company,Baytown,TX ,USA,https://acukwik.com/Airport-Info/TA98
,Ferris,Baytown,TX ,USA,https://acukwik.com/Airport-Info/25TA
,Houston Methodist Baytown,Baytown,TX ,USA,https://acukwik.com/Airport-Info/44TT
,Patients Emergency Room,Baytown,TX ,USA,https://acukwik.com/Airport-Info/TX73
,R W J Airpark,Baytown,TX ,USA,https://acukwik.com/Airport-Info/54T
,San Jacinto Methodist Hospital - Alexander,Baytown,TX ,USA,https://acukwik.com/Airport-Info/21TS
,Reynolds Ranch,Bayview,TX ,USA,https://acukwik.com/Airport-Info/73TA
,Berkeley Township Police,Bayville,NJ ,USA,https://acukwik.com/Airport-Info/0NJ1
,Beach,Beach,ND ,USA,https://acukwik.com/Airport-Info/20U
,Beach City,Beach City,OH ,USA,https://acukwik.com/Airport-Info/2D7
,Ahuja Medical Center,Beachwood,OH ,USA,https://acukwik.com/Airport-Info/9OH9
,Cloud 9 Aerodrome,Bean Station,TN ,USA,https://acukwik.com/Airport-Info/40TN
,Bear Creek 1,Bear Creek,AK ,USA,https://acukwik.com/Airport-Info/AK02
,Bear Creek 3,Bear Creek,AK ,USA,https://acukwik.com/Airport-Info/Z48
,Johnsons Landing,Bear Lake,AK ,USA,https://acukwik.com/Airport-Info/Z52
,Bear Valley,Bear Valley,CA ,USA,https://acukwik.com/Airport-Info/73CA
,Greater Beardstown,Beardstown,IL ,USA,https://acukwik.com/Airport-Info/K06
,Krohe,Beardstown,IL ,USA,https://acukwik.com/Airport-Info/IL86
,Stiffs Airpark,Beasley,TX ,USA,https://acukwik.com/Airport-Info/72XA
KBIE,Beatrice Municipal,Beatrice,NE ,USA,https://acukwik.com/Airport-Info/KBIE
KBTY,Beatty,Beatty,NV ,USA,https://acukwik.com/Airport-Info/KBTY
,Beatty Medical Clinic,Beatty,NV ,USA,https://acukwik.com/Airport-Info/NV81
,Moondance Ranch,Beatty,OR ,USA,https://acukwik.com/Airport-Info/87OR
,Planet 13 Ems,Beatty,NV ,USA,https://acukwik.com/Airport-Info/NV45
,Wild Billy,Beatty,OR ,USA,https://acukwik.com/Airport-Info/OR29
,Beaufort County Memorial Hospital,Beaufort,SC ,USA,https://acukwik.com/Airport-Info/SC02
KARW,Beaufort Exec,Beaufort,SC ,USA,https://acukwik.com/Airport-Info/KARW
KNBC,Beaufort MCAS (Merritt Field),Beaufort,SC ,USA,https://acukwik.com/Airport-Info/KNBC
,Dead Cow Field,Beaufort,NC ,USA,https://acukwik.com/Airport-Info/05NC
,Findley Field,Beaufort,MO ,USA,https://acukwik.com/Airport-Info/16MO
,Marsh Point,Beaufort,SC ,USA,https://acukwik.com/Airport-Info/SC74
KMRH,Michael J. Smith Field,Beaufort,NC ,USA,https://acukwik.com/Airport-Info/KMRH
,Riviere Ranch,Beaufort,NC ,USA,https://acukwik.com/Airport-Info/NR92
,Baptist Hospital Of Se Texas,Beaumont,TX ,USA,https://acukwik.com/Airport-Info/TS09
,Beaumont Hotel,Beaumont,KS ,USA,https://acukwik.com/Airport-Info/07S
KBMT,Beaumont Municipal,Beaumont,TX ,USA,https://acukwik.com/Airport-Info/KBMT
,Sheraton Spindletop Hotel,Beaumont,TX ,USA,https://acukwik.com/Airport-Info/TS10
,Stonecipher,Beaumont,TX ,USA,https://acukwik.com/Airport-Info/55TX
KBPT,Jack Brooks Regional,Beaumont/Port Arthur,TX ,USA,https://acukwik.com/Airport-Info/KBPT
PAWB,Beaver,Beaver,AK ,USA,https://acukwik.com/Airport-Info/PAWB
,Beaver,Beaver,PA ,USA,https://acukwik.com/Airport-Info/75PN
,Beaver Municipal,Beaver,OK ,USA,https://acukwik.com/Airport-Info/K44
,Beaver Municipal,Beaver,UT ,USA,https://acukwik.com/Airport-Info/U52
,Don Brown Field,Beaver,OK ,USA,https://acukwik.com/Airport-Info/3OK6
,Heritage Valley Beaver,Beaver,PA ,USA,https://acukwik.com/Airport-Info/76PN
,Beaver Creek,Beaver Creek,CO ,USA,https://acukwik.com/Airport-Info/4CO9
,Marshfield Medical Center/Beaver Dam,Beaver Dam,WI ,USA,https://acukwik.com/Airport-Info/WS70
KBVI,Beaver County,Beaver Falls,PA ,USA,https://acukwik.com/Airport-Info/KBVI
KSJX,Beaver Island,Beaver Island,MI ,USA,https://acukwik.com/Airport-Info/KSJX
,Welke,Beaver Island,MI ,USA,https://acukwik.com/Airport-Info/6Y8
,Beaver Marsh,Beaver Marsh,OR ,USA,https://acukwik.com/Airport-Info/2S2
,Snook,Beaver Springs,PA ,USA,https://acukwik.com/Airport-Info/PS06
,Soin Medical Center,Beavercreek,OH ,USA,https://acukwik.com/Airport-Info/OA35
,Amber Glen Business Center Hp,Beaverton,OR ,USA,https://acukwik.com/Airport-Info/86OR
,Flying K Ranch,Beaverton,OR ,USA,https://acukwik.com/Airport-Info/OR00
,Harvey's Acres,Beaverton,OR ,USA,https://acukwik.com/Airport-Info/OR28
,Providence St Vincent Medical Center,Beaverton,OR ,USA,https://acukwik.com/Airport-Info/53OR
,Beckley Arh Hospital,Beckley,WV ,USA,https://acukwik.com/Airport-Info/WV04
,Glade Springs,Beckley,WV ,USA,https://acukwik.com/Airport-Info/WV26
,Lee Norse Nr 2,Beckley,WV ,USA,https://acukwik.com/Airport-Info/WV03
KBKW,Raleigh County Memorial,Beckley,WV ,USA,https://acukwik.com/Airport-Info/KBKW
,Nervino,Beckwourth,CA ,USA,https://acukwik.com/Airport-Info/O02
KHMZ,Bedford County,Bedford,PA ,USA,https://acukwik.com/Airport-Info/KHMZ
,Bedford Municipal,Bedford,IA ,USA,https://acukwik.com/Airport-Info/Y46
,Dean Kamen,Bedford,NH ,USA,https://acukwik.com/Airport-Info/NH44
,Dean Kamen Ii,Bedford,NH ,USA,https://acukwik.com/Airport-Info/NH65
,Dragonwings,Bedford,NH ,USA,https://acukwik.com/Airport-Info/NH26
,H E B Hospital,Bedford,TX ,USA,https://acukwik.com/Airport-Info/TX30
,Hawk Ridge,Bedford,VA ,USA,https://acukwik.com/Airport-Info/20VG
,Hospital,Bedford,VA ,USA,https://acukwik.com/Airport-Info/VA03
,Iu Health Bedford Hospital,Bedford,IN ,USA,https://acukwik.com/Airport-Info/57IN
,Johnson Fox Field,Bedford,VA ,USA,https://acukwik.com/Airport-Info/0VA1
KBED,Laurence G Hanscom Field,Bedford,MA ,USA,https://acukwik.com/Airport-Info/KBED
,Lynn Field,Bedford,PA ,USA,https://acukwik.com/Airport-Info/3PS2
,Miller,Bedford,VA ,USA,https://acukwik.com/Airport-Info/91VA
,Milton Fire Rescue,Bedford,KY ,USA,https://acukwik.com/Airport-Info/9KY7
,Northeast Community Hospital,Bedford,TX ,USA,https://acukwik.com/Airport-Info/TS28
,Robinson,Bedford,VA ,USA,https://acukwik.com/Airport-Info/VG25
KBFR,Virgil I Grissom Municipal,Bedford,IN ,USA,https://acukwik.com/Airport-Info/KBFR
,Hamilton Farm Golf Club,Bedminster,NJ ,USA,https://acukwik.com/Airport-Info/3NJ0
,Lamington House,Bedminster,NJ ,USA,https://acukwik.com/Airport-Info/8NJ6
,Stefanik,Bedminster,PA ,USA,https://acukwik.com/Airport-Info/PA36
,The Farm,Bedminster,NJ ,USA,https://acukwik.com/Airport-Info/JY06
,Red Roof,Beecher,WI ,USA,https://acukwik.com/Airport-Info/WN11
,Shangrila,Beecher,WI ,USA,https://acukwik.com/Airport-Info/WS25
,Disney Farm,Beechgrove,TN ,USA,https://acukwik.com/Airport-Info/52TN
,Cliche Cove,Beekmantown,NY ,USA,https://acukwik.com/Airport-Info/00NK
,Mountain View Airpark,Beekmantown,NY ,USA,https://acukwik.com/Airport-Info/4NY0
,Vasile Field,Beekmantown,NY ,USA,https://acukwik.com/Airport-Info/NY60
KBEA,Beeville Municipal,Beeville,TX ,USA,https://acukwik.com/Airport-Info/KBEA
,Chase Field Industrial,Beeville,TX ,USA,https://acukwik.com/Airport-Info/TX2
,Christus Spohn Hosptial Beeville,Beeville,TX ,USA,https://acukwik.com/Airport-Info/TA36
,Trml D Ranch,Beeville,TX ,USA,https://acukwik.com/Airport-Info/TE58
,Eagle Creek,Beggs,OK ,USA,https://acukwik.com/Airport-Info/51OK
,Flying H Ranch,Beggs,OK ,USA,https://acukwik.com/Airport-Info/OK50
,Upper Chesapeake Medical Center,Bel Air,MD ,USA,https://acukwik.com/Airport-Info/03MD
,Belcher Airpatch,Belcher,LA ,USA,https://acukwik.com/Airport-Info/0LA3
,Belcher Regional,Belcher,KY ,USA,https://acukwik.com/Airport-Info/57KY
,B-Town,Belchertown,MA ,USA,https://acukwik.com/Airport-Info/MA54
,Norm's Field,Belchertown,MA ,USA,https://acukwik.com/Airport-Info/31MA
,Rodgers Flat,Belden,CA ,USA,https://acukwik.com/Airport-Info/CN26
,Boulder Canyon,Belding,MI ,USA,https://acukwik.com/Airport-Info/56C
KBRG,Belen Regional,Belen,NM ,USA,https://acukwik.com/Airport-Info/KBRG
,Burris Ranch Nr 1,Belen,NM ,USA,https://acukwik.com/Airport-Info/55NM
KBST,Belfast Municipal,Belfast,ME ,USA,https://acukwik.com/Airport-Info/KBST
,Victor,Belfast,ME ,USA,https://acukwik.com/Airport-Info/1ME1
,Waldo County General Hospital,Belfast,ME ,USA,https://acukwik.com/Airport-Info/98ME
,Werner,Belford,NJ ,USA,https://acukwik.com/Airport-Info/15NJ
,Jones Landing,Belgrade,MT ,USA,https://acukwik.com/Airport-Info/05MT
,Kreikemeier,Belgrade,MT ,USA,https://acukwik.com/Airport-Info/4MT1
,Krinitt Helicopters,Belgrade,MT ,USA,https://acukwik.com/Airport-Info/1MT1
,Pierces,Belgrade,MT ,USA,https://acukwik.com/Airport-Info/9MT9
,Sunny Hill,Belgrade,ME ,USA,https://acukwik.com/Airport-Info/ME60
,Pungo District Hospital,Belhaven,NC ,USA,https://acukwik.com/Airport-Info/NC89
,Vidant Multispecialty Clinic,Belhaven,NC ,USA,https://acukwik.com/Airport-Info/NR25
,Country Landings,Bell,FL ,USA,https://acukwik.com/Airport-Info/86FD
,Flying Harness Farms,Bell,FL ,USA,https://acukwik.com/Airport-Info/37FL
,Saw Whet Farms,Bell,FL ,USA,https://acukwik.com/Airport-Info/6FL9
,Shady Bend,Bell,FL ,USA,https://acukwik.com/Airport-Info/9FL5
,Bruce Beard,Bell City,LA ,USA,https://acukwik.com/Airport-Info/52LA
,Chalkley,Bell City,LA ,USA,https://acukwik.com/Airport-Info/LA39
,Chute N Gators,Bell City,LA ,USA,https://acukwik.com/Airport-Info/7LA9
,Bell Island Hot Springs,Bell Island,AK ,USA,https://acukwik.com/Airport-Info/KBE
,Bell Ranch Headquarters,Bell Ranch,NM ,USA,https://acukwik.com/Airport-Info/NM33
,Bell Ranch Waggoner,Bell Ranch,NM ,USA,https://acukwik.com/Airport-Info/NM32
KACB,Antrim County,Bellaire,MI ,USA,https://acukwik.com/Airport-Info/KACB
,Pepper Field,Belle,MO ,USA,https://acukwik.com/Airport-Info/MU14
,Stickle Cattle Farms,Belle,MO ,USA,https://acukwik.com/Airport-Info/MO78
,Panther Helicopters Inc,Belle Chasse,LA ,USA,https://acukwik.com/Airport-Info/06LA
,Southern Seaplane,Belle Chasse,LA ,USA,https://acukwik.com/Airport-Info/65LA
KEFC,Belle Fourche Municipal,Belle Fourche,SD ,USA,https://acukwik.com/Airport-Info/KEFC
,Belle Glade State Municipal,Belle Glade,FL ,USA,https://acukwik.com/Airport-Info/X10
,Duda Airstrip,Belle Glade,FL ,USA,https://acukwik.com/Airport-Info/FA69
,Lakeside Medical Center,Belle Glade,FL ,USA,https://acukwik.com/Airport-Info/9FA2
,"Vft, Llc",Belle Glade,FL ,USA,https://acukwik.com/Airport-Info/18FL
,Lake Conway South,Belle Isle,FL ,USA,https://acukwik.com/Airport-Info/0FL5
,Belle Plaine Farms,Belle Plaine,KS ,USA,https://acukwik.com/Airport-Info/SN10
KTZT,Belle Plaine Municipal,Belle Plaine,IA ,USA,https://acukwik.com/Airport-Info/KTZT
,Rands,Belle Plaine,KS ,USA,https://acukwik.com/Airport-Info/SN32
KEDJ,Bellefontaine Regional,Bellefontaine,OH ,USA,https://acukwik.com/Airport-Info/KEDJ
,Mary Rutan,Bellefontaine,OH ,USA,https://acukwik.com/Airport-Info/5OH3
,Bellefonte,Bellefonte,PA ,USA,https://acukwik.com/Airport-Info/N96
,Sci Benner Township,Bellefonte,PA ,USA,https://acukwik.com/Airport-Info/2PS6
,Back Achers,Belleview,FL ,USA,https://acukwik.com/Airport-Info/8FL3
,Johary,Belleview,FL ,USA,https://acukwik.com/Airport-Info/FL58
,Jordan,Belleview,FL ,USA,https://acukwik.com/Airport-Info/FD79
,Jordan,Belleview,FL ,USA,https://acukwik.com/Airport-Info/7FL0
,Kiever,Belleview,FL ,USA,https://acukwik.com/Airport-Info/8FL2
,Monroe Airpark,Belleview,FL ,USA,https://acukwik.com/Airport-Info/2FA2
,The Villages,Belleview,FL ,USA,https://acukwik.com/Airport-Info/19FL
,Aero Estates,Belleville,IL ,USA,https://acukwik.com/Airport-Info/7IS2
,Belleville,Belleville,MI ,USA,https://acukwik.com/Airport-Info/43G
KRPB,Belleville Municipal,Belleville,KS ,USA,https://acukwik.com/Airport-Info/KRPB
,Ben Emge,Belleville,IL ,USA,https://acukwik.com/Airport-Info/2IL7
,Cedar Creek Ranch,Belleville,AR ,USA,https://acukwik.com/Airport-Info/25AR
,Cooper,Belleville,IN ,USA,https://acukwik.com/Airport-Info/05IN
,Johnston,Belleville,MI ,USA,https://acukwik.com/Airport-Info/71MI
,Memorial Hospital,Belleville,IL ,USA,https://acukwik.com/Airport-Info/60LL
KBLV,MidAmerica St Louis Scott AFB,Belleville,IL ,USA,https://acukwik.com/Airport-Info/KBLV
,Republic County Hospital,Belleville,KS ,USA,https://acukwik.com/Airport-Info/6KS0
,Ayers Field,Bellevue,TX ,USA,https://acukwik.com/Airport-Info/8XS2
,Bellevue Hospital,Bellevue,OH ,USA,https://acukwik.com/Airport-Info/4OH9
,Colvin,Bellevue,OH ,USA,https://acukwik.com/Airport-Info/OH86
,Dougherty,Bellevue,OH ,USA,https://acukwik.com/Airport-Info/1OH2
,Evans,Bellevue,WA ,USA,https://acukwik.com/Airport-Info/WN71
,Everett I,Bellevue,WA ,USA,https://acukwik.com/Airport-Info/64WA
,Kemper Development Company,Bellevue,WA ,USA,https://acukwik.com/Airport-Info/1WA7
,Menard,Bellevue,TX ,USA,https://acukwik.com/Airport-Info/XA09
,Missler-Bellevue,Bellevue,OH ,USA,https://acukwik.com/Airport-Info/6OH1
,Overlake Hospital Ems,Bellevue,WA ,USA,https://acukwik.com/Airport-Info/1WT6
,Sluder Airstrip,Bellevue,ID ,USA,https://acukwik.com/Airport-Info/ID16
,Windys Central,Bellevue,KY ,USA,https://acukwik.com/Airport-Info/86KY
,Sanctuary,Bellflower,MO ,USA,https://acukwik.com/Airport-Info/MO86
KBLI,Bellingham International,Bellingham,WA ,USA,https://acukwik.com/Airport-Info/KBLI
,Cutty Field,Bellingham,WA ,USA,https://acukwik.com/Airport-Info/WT15
,Eliza Island,Bellingham,WA ,USA,https://acukwik.com/Airport-Info/WA93
,Floathaven,Bellingham,WA ,USA,https://acukwik.com/Airport-Info/0W7
,Floathaven Airstrip,Bellingham,WA ,USA,https://acukwik.com/Airport-Info/WA90
,Goshen,Bellingham,WA ,USA,https://acukwik.com/Airport-Info/58WT
,Lakesamish,Bellingham,WA ,USA,https://acukwik.com/Airport-Info/93WA
,St Joseph Hospital Main Campus,Bellingham,WA ,USA,https://acukwik.com/Airport-Info/WN73
,Kelly Air Field,Bells,TX ,USA,https://acukwik.com/Airport-Info/TT98
,Mag Drop,Bells,TX ,USA,https://acukwik.com/Airport-Info/20TA
,Pritchard,Bells,TX ,USA,https://acukwik.com/Airport-Info/99TE
,Windwood Farm,Bells,TX ,USA,https://acukwik.com/Airport-Info/65TE
,Bender,Bellville,OH ,USA,https://acukwik.com/Airport-Info/9OA9
,Lionwood,Bellville,TX ,USA,https://acukwik.com/Airport-Info/TT18
,P-K Ranch,Bellville,TX ,USA,https://acukwik.com/Airport-Info/60TX
,Stella,Bellvue,IA ,USA,https://acukwik.com/Airport-Info/15IA
,Operations Center,Bellwood,PA ,USA,https://acukwik.com/Airport-Info/PS44
KBLM,Monmouth Executive,Belmar,NJ ,USA,https://acukwik.com/Airport-Info/KBLM
,Belmond Municipal,Belmond,IA ,USA,https://acukwik.com/Airport-Info/Y48
,Tishomingo County,Belmont,MS ,USA,https://acukwik.com/Airport-Info/01M
,Beloit,Beloit,WI ,USA,https://acukwik.com/Airport-Info/44C
,Beloit Memorial Hospital,Beloit,WI ,USA,https://acukwik.com/Airport-Info/WI38
,Moritz Memorial,Beloit,KS ,USA,https://acukwik.com/Airport-Info/K61
,Blue Bird,Belpre,OH ,USA,https://acukwik.com/Airport-Info/OH38
,Arrowhead Airpark,Belton,MO ,USA,https://acukwik.com/Airport-Info/MU46
,Belton Regional Medical Center,Belton,MO ,USA,https://acukwik.com/Airport-Info/MU61
,Robinson,Belton,MO ,USA,https://acukwik.com/Airport-Info/MU26
PABG,Beluga,Beluga,AK ,USA,https://acukwik.com/Airport-Info/PABG
,Bob Walberg Field,Belvidere,IL ,USA,https://acukwik.com/Airport-Info/IL36
,Henderson Field,Belvidere,IL ,USA,https://acukwik.com/Airport-Info/IL34
,Kaufield,Belvidere,IL ,USA,https://acukwik.com/Airport-Info/0LL0
,Matthews,Belvidere,NJ ,USA,https://acukwik.com/Airport-Info/NJ09
,Untied Acres,Belvidere,IL ,USA,https://acukwik.com/Airport-Info/IS83
,Wagner Field,Belvidere,TN ,USA,https://acukwik.com/Airport-Info/1TN3
,Donner,Belview,MN ,USA,https://acukwik.com/Airport-Info/MN98
,Belzoni Municipal,Belzoni,MS ,USA,https://acukwik.com/Airport-Info/1M2
,Triple Creek,Bement,IL ,USA,https://acukwik.com/Airport-Info/1IS2
KBJI,Bemidji Regional,Bemidji,MN ,USA,https://acukwik.com/Airport-Info/KBJI
,Cloverleaf-East Bemidji,Bemidji,MN ,USA,https://acukwik.com/Airport-Info/MY54
,Jordan,Bemidji,MN ,USA,https://acukwik.com/Airport-Info/MN05
,Moberg Air Base,Bemidji,MN ,USA,https://acukwik.com/Airport-Info/MN13
,Moberg Air Base,Bemidji,MN ,USA,https://acukwik.com/Airport-Info/MY63
,Sanford Bemidji Medical Center,Bemidji,MN ,USA,https://acukwik.com/Airport-Info/54MN
,Up Yonder,Bemidji,MN ,USA,https://acukwik.com/Airport-Info/98MN
,Vaca Moo,Ben Wheeler,TX ,USA,https://acukwik.com/Airport-Info/TA37
,Sweden Ranch,Benavides,TX ,USA,https://acukwik.com/Airport-Info/00XS
,Benchmark,Benchmark,MT ,USA,https://acukwik.com/Airport-Info/3U7
KBDN,Bend Municipal,Bend,OR ,USA,https://acukwik.com/Airport-Info/KBDN
,D M Stevenson Ranch,Bend,OR ,USA,https://acukwik.com/Airport-Info/OR30
,Goering Ranches / Chocheta Estates,Bend,OR ,USA,https://acukwik.com/Airport-Info/50OR
,Horseman,Bend,OR ,USA,https://acukwik.com/Airport-Info/OR15
,Inspiration,Bend,OR ,USA,https://acukwik.com/Airport-Info/43OR
,Juniper Air Park,Bend,OR ,USA,https://acukwik.com/Airport-Info/5OR5
,Kennel Airstrip,Bend,OR ,USA,https://acukwik.com/Airport-Info/OR04
,Pilot Butte,Bend,OR ,USA,https://acukwik.com/Airport-Info/8OR5
,St Charles Medical Center,Bend,OR ,USA,https://acukwik.com/Airport-Info/54OR
,Robinson,Benedict,MD ,USA,https://acukwik.com/Airport-Info/MD14
,Gilfert,Benfer,PA ,USA,https://acukwik.com/Airport-Info/77PN
,Honn Farm,Benge,WA ,USA,https://acukwik.com/Airport-Info/52WA
,Hoppy's,Benkelman,NE ,USA,https://acukwik.com/Airport-Info/6NE8
,Jones,Benkelman,NE ,USA,https://acukwik.com/Airport-Info/42V
,Harrington Ranch,Bennet,CO ,USA,https://acukwik.com/Airport-Info/CO02
,Logan,Bennet,CO ,USA,https://acukwik.com/Airport-Info/96CO
,Campbells,Bennett,CA ,USA,https://acukwik.com/Airport-Info/CO41
,Hoy Airstrip,Bennett,CO ,USA,https://acukwik.com/Airport-Info/76CO
,J & S,Bennett,CO ,USA,https://acukwik.com/Airport-Info/CD14
,Yoder Airstrip,Bennett,CO ,USA,https://acukwik.com/Airport-Info/CD09
KBBP,Marlboro County Jetport - H.E. Avent Field,Bennettsville,SC ,USA,https://acukwik.com/Airport-Info/KBBP
,Alderson,Bennington,KS ,USA,https://acukwik.com/Airport-Info/08KS
,Arland,Bennington,KS ,USA,https://acukwik.com/Airport-Info/00AR
KDDH,Bennington/William H. Morse State,Bennington,VT ,USA,https://acukwik.com/Airport-Info/KDDH
,Southwestern Vermont,Bennington,VT ,USA,https://acukwik.com/Airport-Info/VT04
,Stol Performance,Bennington,NY ,USA,https://acukwik.com/Airport-Info/NY75
,Summer Hill Farm,Bennington,NE ,USA,https://acukwik.com/Airport-Info/09NE
,Catfish Point,Benoit,MS ,USA,https://acukwik.com/Airport-Info/0MS8
,West Bolivar Flying Service,Benoit,MS ,USA,https://acukwik.com/Airport-Info/MS37
,Total Rf,Bensalem,PA ,USA,https://acukwik.com/Airport-Info/00A
,Benson,Benson,MN ,USA,https://acukwik.com/Airport-Info/MN84
,Benson,Benson,AZ ,USA,https://acukwik.com/Airport-Info/31AZ
KBBB,Benson Municipal,Benson,MN ,USA,https://acukwik.com/Airport-Info/KBBB
,Benson Municipal/Paul Kerchum Field,Benson,AZ ,USA,https://acukwik.com/Airport-Info/E95
,Koehler,Benson,IL ,USA,https://acukwik.com/Airport-Info/3IL7
,Lorenz,Benson,MN ,USA,https://acukwik.com/Airport-Info/MN11
,Quiram,Benson,IL ,USA,https://acukwik.com/Airport-Info/9IL3
,Unzicker,Benson,IL ,USA,https://acukwik.com/Airport-Info/4IL9
,Eagle Field,Bentley,KS ,USA,https://acukwik.com/Airport-Info/7KS9
,Roberts Field,Bentley,KS ,USA,https://acukwik.com/Airport-Info/SN62
,Benton,Benton,PA ,USA,https://acukwik.com/Airport-Info/PA40
,Benton Municipal,Benton,IL ,USA,https://acukwik.com/Airport-Info/H96
,Franklin Hospital,Benton,IL ,USA,https://acukwik.com/Airport-Info/53IS
,Lloyd Stearman Field,Benton,KS ,USA,https://acukwik.com/Airport-Info/1K1
,Marshall County Hospital,Benton,KY ,USA,https://acukwik.com/Airport-Info/18KY
,Pirates Cove,Benton,KY ,USA,https://acukwik.com/Airport-Info/42KY
KSUZ,Saline County Regional,Benton,AR ,USA,https://acukwik.com/Airport-Info/KSUZ
,Saline Memorial Hospital,Benton,AR ,USA,https://acukwik.com/Airport-Info/04AR
,Sonlef Air Strip,Benton,LA ,USA,https://acukwik.com/Airport-Info/LA81
,Taylor,Benton,KS ,USA,https://acukwik.com/Airport-Info/SN46
KBEH,Southwest Michigan Regional,Benton Harbor,MI ,USA,https://acukwik.com/Airport-Info/KBEH
KVBT,Bentonville Municipal/Louise M Thaden Field,Bentonville,AR ,USA,https://acukwik.com/Airport-Info/KVBT
,Nw Medical Of Benton,Bentonville,AR ,USA,https://acukwik.com/Airport-Info/27AR
,Sugar Creek,Bentonville,AR ,USA,https://acukwik.com/Airport-Info/58AR
,Joyfield,Benzonia,MI ,USA,https://acukwik.com/Airport-Info/Y68
KNGT,Goliad NOLF,Berclair,TX ,USA,https://acukwik.com/Airport-Info/KNGT
,Cartersville,Berea,KY ,USA,https://acukwik.com/Airport-Info/05KY
,St Joseph Berea,Berea,KY ,USA,https://acukwik.com/Airport-Info/5KY3
,Glenwood Field,Beresford,SD ,USA,https://acukwik.com/Airport-Info/SD29
,Howard Field,Beresford,SD ,USA,https://acukwik.com/Airport-Info/SD53
,Potomac Airpark,Berkeley Springs,WV ,USA,https://acukwik.com/Airport-Info/W35
,War Memorial Hospital,Berkeley Springs,WV ,USA,https://acukwik.com/Airport-Info/15WV
,Knight Field,Berkley,IA ,USA,https://acukwik.com/Airport-Info/IA21
,Myricks,Berkley,MA ,USA,https://acukwik.com/Airport-Info/1M8
,Wamsetto,Berkley,MA ,USA,https://acukwik.com/Airport-Info/27MA
,Agh,Berlin,MD ,USA,https://acukwik.com/Airport-Info/31MD
,Androscoggin Valley Hospital,Berlin,NH ,USA,https://acukwik.com/Airport-Info/42NH
,Berlin Fairgrounds,Berlin,CT ,USA,https://acukwik.com/Airport-Info/01CT
,Berlin Field Llc,Berlin,WI ,USA,https://acukwik.com/Airport-Info/31WN
KBML,Berlin Regional,Berlin,NH ,USA,https://acukwik.com/Airport-Info/KBML
,Broken Prop,Berlin,WI ,USA,https://acukwik.com/Airport-Info/WI55
,Bunting's Field,Berlin,MD ,USA,https://acukwik.com/Airport-Info/4MD1
,Dream Field,Berlin,PA ,USA,https://acukwik.com/Airport-Info/PN98
,Pine Valley,Berlin,NJ ,USA,https://acukwik.com/Airport-Info/19N
,Circle C,Berlin Center,OH ,USA,https://acukwik.com/Airport-Info/89OI
,Bernard Usfs,Bernard,ID ,USA,https://acukwik.com/Airport-Info/U54
,Verizon - Basking Ridge,Bernards Township,NJ ,USA,https://acukwik.com/Airport-Info/JY34
,Andrews University Airpark,Berrien Springs,MI ,USA,https://acukwik.com/Airport-Info/C20
,Carroll County,Berryville,AR ,USA,https://acukwik.com/Airport-Info/4M1
,High View Farm,Berryville,VA ,USA,https://acukwik.com/Airport-Info/61VA
,Mercy Hospital Berryville,Berryville,AR ,USA,https://acukwik.com/Airport-Info/AR41
,Paradise Point,Berryville,TX ,USA,https://acukwik.com/Airport-Info/3TX1
,Pickles,Berryville,VA ,USA,https://acukwik.com/Airport-Info/01VA
,Smith,Berryville,AR ,USA,https://acukwik.com/Airport-Info/AR51
,Trigger Gap,Berryville,AR ,USA,https://acukwik.com/Airport-Info/17A
,Berg Strip,Berthold,ND ,USA,https://acukwik.com/Airport-Info/4NA5
,Skinningsrud,Berthold,ND ,USA,https://acukwik.com/Airport-Info/6ND9
,Lazy W,Berthoud,CO ,USA,https://acukwik.com/Airport-Info/86CO
,Pond's Field,Berthoud,CO ,USA,https://acukwik.com/Airport-Info/CD39
,Skylane Ranch,Berthoud,CO ,USA,https://acukwik.com/Airport-Info/17CO
,Skywagon Ranch,Berthoud,CO ,USA,https://acukwik.com/Airport-Info/6CO6
,Henderson Mine,Berthoud Falls,CO ,USA,https://acukwik.com/Airport-Info/CD25
,Griffin,Bertram,TX ,USA,https://acukwik.com/Airport-Info/12TX
,Mcfarlin Ranch,Bertram,TX ,USA,https://acukwik.com/Airport-Info/XA12
,M P Metals,Berwick,PA ,USA,https://acukwik.com/Airport-Info/03PN
,Perrotti Skyranch Airfield,Berwick,ME ,USA,https://acukwik.com/Airport-Info/09ME
,Salmon Falls,Berwick,ME ,USA,https://acukwik.com/Airport-Info/ME61
,Peco Berwyn,Berwyn,PA ,USA,https://acukwik.com/Airport-Info/02PN
,Beryl Junction,Beryl,UT ,USA,https://acukwik.com/Airport-Info/UT82
KEKY,Bessemer Municipal,Bessemer,AL ,USA,https://acukwik.com/Airport-Info/KEKY
,Medical West,Bessemer,AL ,USA,https://acukwik.com/Airport-Info/AL19
,UAB Medical West,Bessemer,AL ,USA,https://acukwik.com/Airport-Info/AL80
,Bethany Memorial,Bethany,MO ,USA,https://acukwik.com/Airport-Info/75K
,Harrison Co Community Hospital,Bethany,MO ,USA,https://acukwik.com/Airport-Info/2MO5
,Bethany Airpark,Bethany Center,NY ,USA,https://acukwik.com/Airport-Info/8NK4
,Als,Bethel,NC ,USA,https://acukwik.com/Airport-Info/NR40
,Barker,Bethel,ME ,USA,https://acukwik.com/Airport-Info/06ME
,Bethel,Bethel,AK ,USA,https://acukwik.com/Airport-Info/Z59
PABE,Bethel,Bethel,AK ,USA,https://acukwik.com/Airport-Info/PABE
,Bethel Regional,Bethel,ME ,USA,https://acukwik.com/Airport-Info/0B1
,Grimes,Bethel,PA ,USA,https://acukwik.com/Airport-Info/8N1
,Hangar Lake,Bethel,AK ,USA,https://acukwik.com/Airport-Info/Z58
,Kelch,Bethel,OH ,USA,https://acukwik.com/Airport-Info/59OH
,Reed Field,Bethel,OH ,USA,https://acukwik.com/Airport-Info/86OH
,Suburban,Bethesda,MD ,USA,https://acukwik.com/Airport-Info/5MD9
,Walter Reed Ntl Medical Center,Bethesda,MD ,USA,https://acukwik.com/Airport-Info/60MD
,Bethlehem Steel Plant,Bethlehem,PA ,USA,https://acukwik.com/Airport-Info/8PS1
,Irish Hills Farms,Bethlehem,CT ,USA,https://acukwik.com/Airport-Info/33CT
,Lehigh Valley Hospital/Muhlenberg,Bethlehem,PA ,USA,https://acukwik.com/Airport-Info/63PA
,Posh,Bethlehem,PA ,USA,https://acukwik.com/Airport-Info/6PN8
,Ronca,Bethlehem,PA ,USA,https://acukwik.com/Airport-Info/8PA2
,Thomson Field,Bethlehem,CT ,USA,https://acukwik.com/Airport-Info/5CT5
,Whelan Farms,Bethlehem,CT ,USA,https://acukwik.com/Airport-Info/CT01
,Cablevision Bethpage,Bethpage,NY ,USA,https://acukwik.com/Airport-Info/6JY8
,Nassau County Police,Bethpage,NY ,USA,https://acukwik.com/Airport-Info/8NY9
,Hildebrandt,Bethune,CO ,USA,https://acukwik.com/Airport-Info/CO22
,Beulah,Beulah,ND ,USA,https://acukwik.com/Airport-Info/95D
,Plover River Airfield,Bevent,WI ,USA,https://acukwik.com/Airport-Info/3WI3
,Beverly Hospital,Beverly,MA ,USA,https://acukwik.com/Airport-Info/MA20
KBVY,Beverly Regional,Beverly,MA ,USA,https://acukwik.com/Airport-Info/KBVY
,Hillbillies,Beverly,KS ,USA,https://acukwik.com/Airport-Info/72KS
,Idlewile,Beverly,MA ,USA,https://acukwik.com/Airport-Info/35MA
,Lazy J Aerodrome,Beverly,WV ,USA,https://acukwik.com/Airport-Info/00WV
,Biddeford Municipal,Biddeford,ME ,USA,https://acukwik.com/Airport-Info/B19
,Southern Maine Health Lz,Biddeford,ME ,USA,https://acukwik.com/Airport-Info/60ME
,Southard Field,Bieber,CA ,USA,https://acukwik.com/Airport-Info/O55
,Candylands,Big Arm,MT ,USA,https://acukwik.com/Airport-Info/MT84
,Big Bear City,Big Bear City,CA ,USA,https://acukwik.com/Airport-Info/L35
,Bear Valley Hospital,Big Bear Lake,CA ,USA,https://acukwik.com/Airport-Info/CN45
,Big Creek,Big Creek,ID ,USA,https://acukwik.com/Airport-Info/U60
,Big Creek,Big Creek,ID ,USA,https://acukwik.com/Airport-Info/54U
,Big Creek Helistop,Big Creek,CA ,USA,https://acukwik.com/Airport-Info/CN28
,Cabin Creek Usfs,Big Creek Ranger Station,ID ,USA,https://acukwik.com/Airport-Info/I08
,Big Falls Municipal,Big Falls,MN ,USA,https://acukwik.com/Airport-Info/7Y9
,Barefoot,Big Lake,AK ,USA,https://acukwik.com/Airport-Info/02AA
,Beaver Lake,Big Lake,AK ,USA,https://acukwik.com/Airport-Info/D71
PAGQ,Big Lake,Big Lake,AK ,USA,https://acukwik.com/Airport-Info/PAGQ
,Brocker Lake,Big Lake,AK ,USA,https://acukwik.com/Airport-Info/6A7
,Brown's Homestead,Big Lake,AK ,USA,https://acukwik.com/Airport-Info/95AK
,Cowell's,Big Lake,AK ,USA,https://acukwik.com/Airport-Info/68AK
,Cubdivision,Big Lake,AK ,USA,https://acukwik.com/Airport-Info/9AK7
,Eagles Roost,Big Lake,AK ,USA,https://acukwik.com/Airport-Info/AA10
,Fisher,Big Lake,AK ,USA,https://acukwik.com/Airport-Info/08AK
,Fly8ma Pilot Lodge,Big Lake,AK ,USA,https://acukwik.com/Airport-Info/57AK
,Haggards Landing,Big Lake,AK ,USA,https://acukwik.com/Airport-Info/AK48
,Helio,Big Lake,AK ,USA,https://acukwik.com/Airport-Info/2AK7
,Hoppes,Big Lake,AK ,USA,https://acukwik.com/Airport-Info/86AK
,Horseshoe Lake,Big Lake,AK ,USA,https://acukwik.com/Airport-Info/AA02
,Jones Landing,Big Lake,AK ,USA,https://acukwik.com/Airport-Info/L95
,Kramer,Big Lake,AK ,USA,https://acukwik.com/Airport-Info/AK86
,Kucera,Big Lake,AK ,USA,https://acukwik.com/Airport-Info/91AK
,Kucera Residence,Big Lake,AK ,USA,https://acukwik.com/Airport-Info/63AK
,Marion,Big Lake,AK ,USA,https://acukwik.com/Airport-Info/85AK
,Owen Field,Big Lake,AK ,USA,https://acukwik.com/Airport-Info/20AK
,Reagan County,Big Lake,TX ,USA,https://acukwik.com/Airport-Info/E41
,Saddleback Island,Big Lake,AK ,USA,https://acukwik.com/Airport-Info/AA07
,Team Levine,Big Lake,AK ,USA,https://acukwik.com/Airport-Info/AK87
,Triple H,Big Lake,MN ,USA,https://acukwik.com/Airport-Info/0MN9
,Twin Lake,Big Lake,AK ,USA,https://acukwik.com/Airport-Info/AK95
,West Beaver,Big Lake,AK ,USA,https://acukwik.com/Airport-Info/09AK
,West Beaver,Big Lake,AK ,USA,https://acukwik.com/Airport-Info/AA01
PABM,Big Mountain AFS,Big Mountain,AK ,USA,https://acukwik.com/Airport-Info/PABM
,Fish Creek Ranch,Big Piney,WY ,USA,https://acukwik.com/Airport-Info/WY19
,Marbleton Big Piney Clinic,Big Piney,WY ,USA,https://acukwik.com/Airport-Info/WY03
KBPI,Miley Memorial Field (Big Piney),Big Piney,WY ,USA,https://acukwik.com/Airport-Info/KBPI
,Corewell Health Big Rapids Hospital,Big Rapids,MI ,USA,https://acukwik.com/Airport-Info/19MI
KRQB,Roben-Hood,Big Rapids,MI ,USA,https://acukwik.com/Airport-Info/KRQB
,J Maddock,Big Rock,IL ,USA,https://acukwik.com/Airport-Info/IL38
,Alert Field,Big Sandy,TX ,USA,https://acukwik.com/Airport-Info/18TE
,Big Sandy,Big Sandy,MT ,USA,https://acukwik.com/Airport-Info/3U8
,Big Sandy Airpark,Big Sandy,TN ,USA,https://acukwik.com/Airport-Info/39TN
,Big Sandy Medical Center,Big Sandy,MT ,USA,https://acukwik.com/Airport-Info/0MT2
,Crosscut Field,Big Sandy,TX ,USA,https://acukwik.com/Airport-Info/91XA
,Big Sky Medical Center,Big Sky,MT ,USA,https://acukwik.com/Airport-Info/4MT7
,High Alpine,Big Sky,MT ,USA,https://acukwik.com/Airport-Info/MT16
,Ousel Falls,Big Sky,MT ,USA,https://acukwik.com/Airport-Info/MT94
KBPG,Big Spring Mc Mahon-Wrinkle,Big Spring,TX ,USA,https://acukwik.com/Airport-Info/KBPG
,Edwards Lucian Wells Ranch,Big Spring,TX ,USA,https://acukwik.com/Airport-Info/TX31
,Emergency Air Lift Pad,Big Spring,TX ,USA,https://acukwik.com/Airport-Info/TE61
,Dmme,Big Stone Gap,VA ,USA,https://acukwik.com/Airport-Info/VA51
,Lonesome Pine Hospital,Big Stone Gap,VA ,USA,https://acukwik.com/Airport-Info/VG50
,Big Timber At Howard Field,Big Timber,MT ,USA,https://acukwik.com/Airport-Info/6S0
,Amangiri,Big Water,UT ,USA,https://acukwik.com/Airport-Info/UT18
,Larkspur Airstrip,Big Water,UT ,USA,https://acukwik.com/Airport-Info/22UT
,Pearson Field,Bigelow,AR ,USA,https://acukwik.com/Airport-Info/AR13
,Ranch-Aero,Bigfoot,TX ,USA,https://acukwik.com/Airport-Info/78TA
KFOZ,Bigfork Municipal,Bigfork,MN ,USA,https://acukwik.com/Airport-Info/KFOZ
,Ferndale Airfield,Bigfork,MT ,USA,https://acukwik.com/Airport-Info/53U
,Masonry Field,Bigfork,MT ,USA,https://acukwik.com/Airport-Info/93MT
,Northern Itasca Health Care Center,Bigfork,MN ,USA,https://acukwik.com/Airport-Info/1MN3
,Jones/Ag-Viation,Biggs,CA ,USA,https://acukwik.com/Airport-Info/CL23
,Williams Ag,Biggs,CA ,USA,https://acukwik.com/Airport-Info/00CL
,Beulah Land Farm,Biggsville,IL ,USA,https://acukwik.com/Airport-Info/60IL
,Bowtie,Biglerville,PA ,USA,https://acukwik.com/Airport-Info/PA51
,Schulteis,Biglerville,PA ,USA,https://acukwik.com/Airport-Info/3PN0
,Dilts Ranch,Bill,WY ,USA,https://acukwik.com/Airport-Info/WY01
,Billings Clinic,Billings,MT ,USA,https://acukwik.com/Airport-Info/MT55
,Billings Flying Service,Billings,MT ,USA,https://acukwik.com/Airport-Info/03MT
,Billings Flying Service,Billings,MT ,USA,https://acukwik.com/Airport-Info/63MT
KBIL,Billings Logan International,Billings,MT ,USA,https://acukwik.com/Airport-Info/KBIL
,Flying Dog Airpark,Billings,MT ,USA,https://acukwik.com/Airport-Info/MT56
,Haynes Ranch,Billings,MT ,USA,https://acukwik.com/Airport-Info/35MT
,Husky Ranch,Billings,MT ,USA,https://acukwik.com/Airport-Info/MT40
,Landing Pointe,Billings,MT ,USA,https://acukwik.com/Airport-Info/MT57
,Ostlunds,Billings,MT ,USA,https://acukwik.com/Airport-Info/MT13
,St Vincent Healthcare,Billings,MT ,USA,https://acukwik.com/Airport-Info/MT25
,Wilcox,Billings,MT ,USA,https://acukwik.com/Airport-Info/1MT9
,Gulf Coast Community Hosp-Emerg,Biloxi,MS ,USA,https://acukwik.com/Airport-Info/MS67
KBIX,Keesler AFB,Biloxi,MS ,USA,https://acukwik.com/Airport-Info/KBIX
,Gadabout Gaddis,Bingham,ME ,USA,https://acukwik.com/Airport-Info/ME08
,Turner Field,Bingham Lake,MN ,USA,https://acukwik.com/Airport-Info/40MN
,Chenango Bridge,Binghamton,NY ,USA,https://acukwik.com/Airport-Info/1NK8
KBGM,Greater Binghamton Edwin A Link Field,Binghamton,NY ,USA,https://acukwik.com/Airport-Info/KBGM
KCZG,Tri-Cities,Binghamton,NY ,USA,https://acukwik.com/Airport-Info/KCZG
,Birch Creek,Birch Creek,AK ,USA,https://acukwik.com/Airport-Info/Z91
,Turner,Birch Run,MI ,USA,https://acukwik.com/Airport-Info/42MI
PABV,Birchwood,Birchwood,AK ,USA,https://acukwik.com/Airport-Info/PABV
,Drew 9,Birchwood,WI ,USA,https://acukwik.com/Airport-Info/6WI6
,Florida North,Birchwood,WI ,USA,https://acukwik.com/Airport-Info/WN98
,Happy Landings,Birchwood,TN ,USA,https://acukwik.com/Airport-Info/4TN1
,Bressler Field,Bird City,KS ,USA,https://acukwik.com/Airport-Info/5K0
,Bursch Private,Bird City,KS ,USA,https://acukwik.com/Airport-Info/4KS8
,Ged,Birdsboro,PA ,USA,https://acukwik.com/Airport-Info/84PA
,Alabama Power Headquarters,Birmingham,AL ,USA,https://acukwik.com/Airport-Info/AL66
,Baptist Medical Center-Princeton,Birmingham,AL ,USA,https://acukwik.com/Airport-Info/AL50
KBHM,Birmingham-Shuttlesworth International,Birmingham,AL ,USA,https://acukwik.com/Airport-Info/KBHM
,Brookwood Medical Center,Birmingham,AL ,USA,https://acukwik.com/Airport-Info/0AL8
,Carraway Medical Center,Birmingham,AL ,USA,https://acukwik.com/Airport-Info/AL49
,Grandview Medical Center,Birmingham,AL ,USA,https://acukwik.com/Airport-Info/AL45
,St Vincents East,Birmingham,AL ,USA,https://acukwik.com/Airport-Info/AL65
,The Children's Hospital,Birmingham,AL ,USA,https://acukwik.com/Airport-Info/AL91
,University Of Alabama Hospital,Birmingham,AL ,USA,https://acukwik.com/Airport-Info/AL38
,Bisbee Municipal,Bisbee,AZ ,USA,https://acukwik.com/Airport-Info/P04
,Copper Queen Hospital,Bisbee,AZ ,USA,https://acukwik.com/Airport-Info/6AZ6
KBIH,Bishop Regional,Bishop,CA ,USA,https://acukwik.com/Airport-Info/KBIH
,Bishop-Windham,Bishop,TX ,USA,https://acukwik.com/Airport-Info/07R
,Inyo County Sheriff Search & Rescue,Bishop,CA ,USA,https://acukwik.com/Airport-Info/4CL7
,Carey Field,Bishopville,MD ,USA,https://acukwik.com/Airport-Info/4MD3
,Lee County/Butters Field,Bishopville,SC ,USA,https://acukwik.com/Airport-Info/52J
,Bismarck Memorial,Bismarck,MO ,USA,https://acukwik.com/Airport-Info/H57
KBIS,Bismarck Municipal,Bismarck,ND ,USA,https://acukwik.com/Airport-Info/KBIS
,Dove Airstrip,Bismarck,MO ,USA,https://acukwik.com/Airport-Info/MO81
,Kalberer,Bismarck,ND ,USA,https://acukwik.com/Airport-Info/16ND
,R J Bohn Armory,Bismarck,ND ,USA,https://acukwik.com/Airport-Info/ND11
,Sanford Health-Bismark,Bismarck,ND ,USA,https://acukwik.com/Airport-Info/ND30
,St Alexius Med-I,Bismarck,ND ,USA,https://acukwik.com/Airport-Info/ND46
,Sauter,Bismark,ND ,USA,https://acukwik.com/Airport-Info/ND96
,Bison Municipal,Bison,SD ,USA,https://acukwik.com/Airport-Info/6V5
,Taylor Field,Bivins,TX ,USA,https://acukwik.com/Airport-Info/TE72
,Black Diamond,Black Diamond,WA ,USA,https://acukwik.com/Airport-Info/95WA
,Evergreen Sky Ranch,Black Diamond,WA ,USA,https://acukwik.com/Airport-Info/51WA
,Lake Sawyer Double Ee,Black Diamond,WA ,USA,https://acukwik.com/Airport-Info/WA41
,Washington Air Museum,Black Diamond,WA ,USA,https://acukwik.com/Airport-Info/WA94
,Hallick Farm,Black Earth,WI ,USA,https://acukwik.com/Airport-Info/WI66
,Hickman,Black Oak,AR ,USA,https://acukwik.com/Airport-Info/2AR8
,Black Rapids,Black Rapids,AK ,USA,https://acukwik.com/Airport-Info/5BK
KBCK,Black River Falls Area,Black River Falls,WI ,USA,https://acukwik.com/Airport-Info/KBCK
,Black River Memorial Hospital,Black River Falls,WI ,USA,https://acukwik.com/Airport-Info/23WI
,Lewis,Black River Falls,WI ,USA,https://acukwik.com/Airport-Info/7WI4
,Mccarley Field,Blackfoot,ID ,USA,https://acukwik.com/Airport-Info/U02
,Athanasiou Valley,Blackhawk,CO ,USA,https://acukwik.com/Airport-Info/CO07
,Catawba Valley,Blacksburg,VA ,USA,https://acukwik.com/Airport-Info/VA10
,Montgomery Regional Hospital,Blacksburg,VA ,USA,https://acukwik.com/Airport-Info/VG08
KBCB,Virginia Tech Montgomery Executive,Blacksburg,VA ,USA,https://acukwik.com/Airport-Info/KBCB
KBKT,Allan C Perkinson/Blackstone Aaf,Blackstone,VA ,USA,https://acukwik.com/Airport-Info/KBKT
KBKN,Blackwell-Tonkawa Municipal,Blackwell,OK ,USA,https://acukwik.com/Airport-Info/KBKN
,Bladenboro,Bladenboro,NC ,USA,https://acukwik.com/Airport-Info/3W6
,Blaine Sectors Hqs,Blaine,WA ,USA,https://acukwik.com/Airport-Info/WT34
,Landing At River's Edge,Blaine,TN ,USA,https://acukwik.com/Airport-Info/98TN
,Melton Field,Blaine,TN ,USA,https://acukwik.com/Airport-Info/4TN0
,Blair,Blair,WI ,USA,https://acukwik.com/Airport-Info/WI49
,Orum Aerodrome,Blair,NE ,USA,https://acukwik.com/Airport-Info/86NE
,Blairstown,Blairstown,NJ ,USA,https://acukwik.com/Airport-Info/1N7
,Darst,Blairstown,NJ ,USA,https://acukwik.com/Airport-Info/NJ33
,High Bar,Blairstown,NJ ,USA,https://acukwik.com/Airport-Info/1NJ5
KDZJ,Blairsville,Blairsville,GA ,USA,https://acukwik.com/Airport-Info/KDZJ
,Union General Hospital,Blairsville,GA ,USA,https://acukwik.com/Airport-Info/1GA3
KBIJ,Early County,Blakely,GA ,USA,https://acukwik.com/Airport-Info/KBIJ
,Sawyer Farm,Blakely,GA ,USA,https://acukwik.com/Airport-Info/66GA
,Blakely Island,Blakely Island,WA ,USA,https://acukwik.com/Airport-Info/38WA
,Antique Airfield,Blakesburg,IA ,USA,https://acukwik.com/Airport-Info/IA27
,Marvin Thiel Field,Blakeslee,OH ,USA,https://acukwik.com/Airport-Info/OI72
,Blanca,Blanca,CO ,USA,https://acukwik.com/Airport-Info/05V
,Rock Ridge,Blanchard,OK ,USA,https://acukwik.com/Airport-Info/2OK3
,Warbonnet,Blanchard,OK ,USA,https://acukwik.com/Airport-Info/8OK1
,Blanco Landing,Blanco,TX ,USA,https://acukwik.com/Airport-Info/3TA5
,Pippen-York Ranch,Blanco,TX ,USA,https://acukwik.com/Airport-Info/TX41
,Tatum Ranch,Blanco,TX ,USA,https://acukwik.com/Airport-Info/26XS
,Blanding Ambulance,Blanding,UT ,USA,https://acukwik.com/Airport-Info/UT81
KBDG,Blanding Municipal,Blanding,UT ,USA,https://acukwik.com/Airport-Info/KBDG
,Helistop Ridc Industrial Park,Blawnox,PA ,USA,https://acukwik.com/Airport-Info/51PN
,3 Barrel Ranch,Bleiblerville,TX ,USA,https://acukwik.com/Airport-Info/TT65
,Keysa,Bliss,NY ,USA,https://acukwik.com/Airport-Info/NY79
,Betz,Blissfield,MI ,USA,https://acukwik.com/Airport-Info/44G
KBID,Block Island State,Block Island,RI ,USA,https://acukwik.com/Airport-Info/KBID
,Bloomer Memorial Medical Center,Bloomer,WI ,USA,https://acukwik.com/Airport-Info/WI15
,Gateway,Bloomer,WI ,USA,https://acukwik.com/Airport-Info/WI18
,Bloomfield Municipal,Bloomfield,IA ,USA,https://acukwik.com/Airport-Info/4K6
,Bloomfield Municipal,Bloomfield,NE ,USA,https://acukwik.com/Airport-Info/84Y
,Davis County Hospital,Bloomfield,IA ,USA,https://acukwik.com/Airport-Info/63IA
,Kaman Aerospace Corp,Bloomfield,CT ,USA,https://acukwik.com/Airport-Info/CT05
,Shawnee Field,Bloomfield,IN ,USA,https://acukwik.com/Airport-Info/1I3
,State Police Bloomfield,Bloomfield,NJ ,USA,https://acukwik.com/Airport-Info/NJ12
,Turnbull,Bloomfield,NY ,USA,https://acukwik.com/Airport-Info/48NY
,Polyanna Ranch,Blooming Grove,TX ,USA,https://acukwik.com/Airport-Info/4TE1
,Tetz Landing,Bloomingburg,NY ,USA,https://acukwik.com/Airport-Info/NK23
,C Jeidy Farms,Bloomington,WI ,USA,https://acukwik.com/Airport-Info/WI56
KBMI,Central Illinois Regional at Bloomington Normal,Bloomington,IL ,USA,https://acukwik.com/Airport-Info/KBMI
,Cottonwood,Bloomington,IL ,USA,https://acukwik.com/Airport-Info/IL57
,Green Lake Ranch,Bloomington,TX ,USA,https://acukwik.com/Airport-Info/69TX
,Indiana University Health Bloomington,Bloomington,IN ,USA,https://acukwik.com/Airport-Info/2IG6
,Iu Health Bloomington,Bloomington,IN ,USA,https://acukwik.com/Airport-Info/06IN
,Lake Monroe,Bloomington,IN ,USA,https://acukwik.com/Airport-Info/07I
KBMG,Monroe County,Bloomington,IN ,USA,https://acukwik.com/Airport-Info/KBMG
,Osf St Joseph Medical Center,Bloomington,IL ,USA,https://acukwik.com/Airport-Info/IL40
,Stark,Bloomington,IL ,USA,https://acukwik.com/Airport-Info/IL14
,Bloomsburg Hospital,Bloomsburg,PA ,USA,https://acukwik.com/Airport-Info/PA50
,Bloomsburg Municipal,Bloomsburg,PA ,USA,https://acukwik.com/Airport-Info/N13
,River Hill,Bloomsburg,PA ,USA,https://acukwik.com/Airport-Info/PS85
,Seesholtz,Bloomsburg,PA ,USA,https://acukwik.com/Airport-Info/86PN
,Calhoun County,Blountstown,FL ,USA,https://acukwik.com/Airport-Info/F95
,Yoder Field,Blountstown,FL ,USA,https://acukwik.com/Airport-Info/0FD4
,New Horizon,Blountsville,AL ,USA,https://acukwik.com/Airport-Info/AL29
,Midway,Bloxom,VA ,USA,https://acukwik.com/Airport-Info/VG56
,Belcan,Blue Ash,OH ,USA,https://acukwik.com/Airport-Info/86OI
,Galenstein Park,Blue Ash,OH ,USA,https://acukwik.com/Airport-Info/22OH
KSBU,Blue Earth Municipal,Blue Earth,MN ,USA,https://acukwik.com/Airport-Info/KSBU
,Cornfield Canyon,Blue Earth,MN ,USA,https://acukwik.com/Airport-Info/2MN4
,United Hospital District,Blue Earth,MN ,USA,https://acukwik.com/Airport-Info/MN14
,Dogwood Canyon,Blue Eye,AR ,USA,https://acukwik.com/Airport-Info/MU01
,Village Oaks,Blue Grass,IA ,USA,https://acukwik.com/Airport-Info/60IA
,Blue Hill Memorial Hospital,Blue Hill,ME ,USA,https://acukwik.com/Airport-Info/ME15
,Cribbet,Blue Mound,IL ,USA,https://acukwik.com/Airport-Info/1IS3
,Mc Coy,Blue Mound,IL ,USA,https://acukwik.com/Airport-Info/3IS1
,Noland Farms,Blue Mound,IL ,USA,https://acukwik.com/Airport-Info/3IS3
,Eagle Nest,Blue Mountain Lake,NY ,USA,https://acukwik.com/Airport-Info/NY61
,Blue Ridge,Blue Ridge,TX ,USA,https://acukwik.com/Airport-Info/99XS
,Blue Ridge Skyport,Blue Ridge,GA ,USA,https://acukwik.com/Airport-Info/57GA
,Blue Ridge Tours,Blue Ridge,GA ,USA,https://acukwik.com/Airport-Info/70GA
,Claassen,Blue Ridge,TX ,USA,https://acukwik.com/Airport-Info/70TE
,Georgia Mountain,Blue Ridge,GA ,USA,https://acukwik.com/Airport-Info/1GE1
,Blue Springs,Blue Springs,MO ,USA,https://acukwik.com/Airport-Info/MO28
,Ccr Field,Bluebell,UT ,USA,https://acukwik.com/Airport-Info/UT27
,Bluefield Regional Medical Center,Bluefield,WV ,USA,https://acukwik.com/Airport-Info/WV69
,Bluefield Regional Medical Center,Bluefield,WV ,USA,https://acukwik.com/Airport-Info/WV34
KBLF,Mercer County,Bluefield,WV ,USA,https://acukwik.com/Airport-Info/KBLF
,Bluegrass,Bluemont,VA ,USA,https://acukwik.com/Airport-Info/9VA5
,Bluff,Bluff,UT ,USA,https://acukwik.com/Airport-Info/66V
,Bluffton,Bluffton,OH ,USA,https://acukwik.com/Airport-Info/5G7
,Miller,Bluffton,IN ,USA,https://acukwik.com/Airport-Info/C40
,Wells County Sheriff's Dept,Bluffton,IN ,USA,https://acukwik.com/Airport-Info/65IN
,Circle A Ranch,Blum,TX ,USA,https://acukwik.com/Airport-Info/05TX
,Fainting Goat,Blum,TX ,USA,https://acukwik.com/Airport-Info/87TX
,Allens Airstrip,Bly,OR ,USA,https://acukwik.com/Airport-Info/85OR
,Wilderness,Bly,OR ,USA,https://acukwik.com/Airport-Info/80OR
KBLH,Blythe,Blythe,CA ,USA,https://acukwik.com/Airport-Info/KBLH
,Blythe Service Center,Blythe,CA ,USA,https://acukwik.com/Airport-Info/80CL
,Clayton,Blythe,CA ,USA,https://acukwik.com/Airport-Info/20CA
,Morris Ag Air Sw,Blythe,CA ,USA,https://acukwik.com/Airport-Info/56CL
,Pea Patch Aerodrome,Blythe,GA ,USA,https://acukwik.com/Airport-Info/61GA
KBYH,Arkansas International,Blytheville,AR ,USA,https://acukwik.com/Airport-Info/KBYH
KHKA,Blytheville Municipal,Blytheville,AR ,USA,https://acukwik.com/Airport-Info/KHKA
,Great River Medical Center,Blytheville,AR ,USA,https://acukwik.com/Airport-Info/AR30
,Boardman,Boardman,OR ,USA,https://acukwik.com/Airport-Info/M50
,Pge Boardman,Boardman,OR ,USA,https://acukwik.com/Airport-Info/38OR
,Fricks Field,Boaz,AL ,USA,https://acukwik.com/Airport-Info/8AL3
,Marshall Medical Center South,Boaz,AL ,USA,https://acukwik.com/Airport-Info/1AL0
,Boca Grande Helistop,Boca Grande,FL ,USA,https://acukwik.com/Airport-Info/5FD6
,A I M,Boca Raton,FL ,USA,https://acukwik.com/Airport-Info/58FL
KBCT,Boca Raton,Boca Raton,FL ,USA,https://acukwik.com/Airport-Info/KBCT
,West Boca Medical Center,Boca Raton,FL ,USA,https://acukwik.com/Airport-Info/3FD8
,Logue Field,Bodines,PA ,USA,https://acukwik.com/Airport-Info/PA45
,Grier,Boerne,TX ,USA,https://acukwik.com/Airport-Info/71TX
KBXA,George R Carr Memorial Airfield,Bogalusa,LA ,USA,https://acukwik.com/Airport-Info/KBXA
,Washington Parish Fire Dist 7/Oep,Bogalusa,LA ,USA,https://acukwik.com/Airport-Info/28LA
,Circle Wc Ranch,Bogata,TX ,USA,https://acukwik.com/Airport-Info/6TE4
,Eagles Nest,Boggstown,IN ,USA,https://acukwik.com/Airport-Info/58II
,Gray,Boggstown,IN ,USA,https://acukwik.com/Airport-Info/07IN
KBOI,Boise Air Terminal Gowen Field,Boise,ID ,USA,https://acukwik.com/Airport-Info/KBOI
,Nampa Valley,Boise,ID ,USA,https://acukwik.com/Airport-Info/ID58
,Peaceful Cove,Boise,ID ,USA,https://acukwik.com/Airport-Info/14ID
,Red Baron Airpark,Boise,ID ,USA,https://acukwik.com/Airport-Info/1ID4
,St Alphonsus,Boise,ID ,USA,https://acukwik.com/Airport-Info/ID91
,St Luke's Boise Medical Center,Boise,ID ,USA,https://acukwik.com/Airport-Info/ID49
,Boise City,Boise City,OK ,USA,https://acukwik.com/Airport-Info/17K
,6b Airfield,Bokchito,OK ,USA,https://acukwik.com/Airport-Info/OK68
,Hannah,Bolckow,MO ,USA,https://acukwik.com/Airport-Info/31MO
,Adventist Bolingbrook Hospital,Bolingbrook,IL ,USA,https://acukwik.com/Airport-Info/45IS
,Bolingbrook's Clow International,Bolingbrook,IL ,USA,https://acukwik.com/Airport-Info/1C5
,Bar V K,Bolivar,TX ,USA,https://acukwik.com/Airport-Info/T38
,Bolivar Municipal,Bolivar,MO ,USA,https://acukwik.com/Airport-Info/M17
,Citizens Memorial Hospital,Bolivar,MO ,USA,https://acukwik.com/Airport-Info/76MO
,Powell Kaiser,Bolivar,PA ,USA,https://acukwik.com/Airport-Info/01PA
,Whitehurst Field,Bolivar,TN ,USA,https://acukwik.com/Airport-Info/60TN
,William L. Whitehurst Field/Hardeman Co,Bolivar,TN ,USA,https://acukwik.com/Airport-Info/M08
,Freebird,Bolton,MS ,USA,https://acukwik.com/Airport-Info/7MS7
,Mister Dog,Bolton Landing,NY ,USA,https://acukwik.com/Airport-Info/8NK8
,Bonanza Power Plant,Bonanza,UT ,USA,https://acukwik.com/Airport-Info/UT58
,Nail Spring Ranch,Bonanza,OR ,USA,https://acukwik.com/Airport-Info/11OR
,Selle,Bonesteel,SD ,USA,https://acukwik.com/Airport-Info/SD30
,Classic Landings,Bonfield,IL ,USA,https://acukwik.com/Airport-Info/05IL
,Jones Field,Bonham,TX ,USA,https://acukwik.com/Airport-Info/F00
,Doctors Hospital,Bonifay,FL ,USA,https://acukwik.com/Airport-Info/7FD5
,Garner Field,Bonifay,FL ,USA,https://acukwik.com/Airport-Info/FA55
KBCR,Tri-County,Bonifay,FL ,USA,https://acukwik.com/Airport-Info/KBCR
,Bonne Terre Municipal,Bonne Terre,MO ,USA,https://acukwik.com/Airport-Info/1BT
,Parkland Health Center,Bonne Terre,MO ,USA,https://acukwik.com/Airport-Info/99MO
,Flying Tails,Bonneau,SC ,USA,https://acukwik.com/Airport-Info/SC05
,Belleair,Bonner Springs,KS ,USA,https://acukwik.com/Airport-Info/1KS9
,Sun View Field,Bonner Springs,KS ,USA,https://acukwik.com/Airport-Info/03PR
,Boundary County,Bonners Ferry,ID ,USA,https://acukwik.com/Airport-Info/65S
,Fourth Creek Ranch,Booker,TX ,USA,https://acukwik.com/Airport-Info/TS79
,Boone County Hospital,Boone,IA ,USA,https://acukwik.com/Airport-Info/02IA
,Boone Inc,Boone,NC ,USA,https://acukwik.com/Airport-Info/NC14
KBNW,Boone Municipal,Boone,IA ,USA,https://acukwik.com/Airport-Info/KBNW
,Watauga Medical Center,Boone,NC ,USA,https://acukwik.com/Airport-Info/NC04
,Caledonia Tactical Landing Zones,Boones Crossroads,NC ,USA,https://acukwik.com/Airport-Info/90NR
,Booneville Municipal,Booneville,AR ,USA,https://acukwik.com/Airport-Info/4M2
,Booneville/Baldwyn,Booneville/Baldwyn,MS ,USA,https://acukwik.com/Airport-Info/8M1
,Boonville,Boonville,IN ,USA,https://acukwik.com/Airport-Info/I91
,Boonville,Boonville,CA ,USA,https://acukwik.com/Airport-Info/D83
,Boonville,Boonville,NC ,USA,https://acukwik.com/Airport-Info/26NC
,Boonville Airpark,Boonville,NY ,USA,https://acukwik.com/Airport-Info/1NK7
KVER,Jesse Viertel Memorial,Boonville,MO ,USA,https://acukwik.com/Airport-Info/KVER
,Welborn Farm,Boonville,NC ,USA,https://acukwik.com/Airport-Info/3NC1
,Rigby Field,Boothbay,ME ,USA,https://acukwik.com/Airport-Info/ME44
,St Andrews Lz,Boothbay Harbor,ME ,USA,https://acukwik.com/Airport-Info/61ME
KLNQ,Boothville,Boothville,LA ,USA,https://acukwik.com/Airport-Info/KLNQ
,Elk Creek,Borden,NY ,USA,https://acukwik.com/Airport-Info/47NY
KBGD,Hutchinson County,Borger,TX ,USA,https://acukwik.com/Airport-Info/KBGD
,Fly Jla,Boring,OR ,USA,https://acukwik.com/Airport-Info/OR72
,Flying K Bar J Ranch,Boring,OR ,USA,https://acukwik.com/Airport-Info/OR35
,Schmidt,Boring,OR ,USA,https://acukwik.com/Airport-Info/6OR7
,Boron Airstrip,Boron,CA ,USA,https://acukwik.com/Airport-Info/57CL
,Borrego Air Ranch,Borrego Springs,CA ,USA,https://acukwik.com/Airport-Info/58CL
,Borrego Medical Center,Borrego Springs,CA ,USA,https://acukwik.com/Airport-Info/43CA
,Borrego Valley,Borrego Springs,CA ,USA,https://acukwik.com/Airport-Info/L08
KOVS,Boscobel,Boscobel,WI ,USA,https://acukwik.com/Airport-Info/KOVS
,Memorial Hospital,Boscobel,WI ,USA,https://acukwik.com/Airport-Info/WS48
,Sky Hollow,Boscobel,WI ,USA,https://acukwik.com/Airport-Info/WS91
,Flying H,Bosque,NM ,USA,https://acukwik.com/Airport-Info/NM40
,Skywagon Farm,Bosque,NM ,USA,https://acukwik.com/Airport-Info/NM88
KBAD,Barksdale AFB,Bossier City,LA ,USA,https://acukwik.com/Airport-Info/KBAD
,Horseshoe,Bossier City,LA ,USA,https://acukwik.com/Airport-Info/LS29
,La State Police Troop G,Bossier City,LA ,USA,https://acukwik.com/Airport-Info/02LA
,Pilkinton Airstrip,Bossier City,LA ,USA,https://acukwik.com/Airport-Info/68LA
,Beth Israel Deaconess Medical Center,Boston,MA ,USA,https://acukwik.com/Airport-Info/36MA
KBOS,Boston Logan International,Boston,MA ,USA,https://acukwik.com/Airport-Info/KBOS
,Boston Medical Center Hospital,Boston,MA ,USA,https://acukwik.com/Airport-Info/0MA4
,Brigham & Women's Hospital,Boston,MA ,USA,https://acukwik.com/Airport-Info/MA39
,Cape Air Seaplanes On Boston Harbor,Boston,MA ,USA,https://acukwik.com/Airport-Info/MA87
,Massachusetts General Hospital,Boston,MA ,USA,https://acukwik.com/Airport-Info/0MA1
,Tailwind Boston,Boston,MA ,USA,https://acukwik.com/Airport-Info/MA17
,The Beat,Boston,MA ,USA,https://acukwik.com/Airport-Info/MA22
,Tufts Medical Center,Boston,MA ,USA,https://acukwik.com/Airport-Info/MA66
,Wbz,Boston,MA ,USA,https://acukwik.com/Airport-Info/0MA6
,Southern Oaks,Bostwick,GA ,USA,https://acukwik.com/Airport-Info/GE35
,Taylor Field,Bostwick,GA ,USA,https://acukwik.com/Airport-Info/GA16
,Goaround,Boswell,OK ,USA,https://acukwik.com/Airport-Info/OL26
,Boswell Bay,Boswell Bay,AK ,USA,https://acukwik.com/Airport-Info/AK97
,Bottineau Municipal,Bottineau,ND ,USA,https://acukwik.com/Airport-Info/D09
,Boulder,Boulder,MT ,USA,https://acukwik.com/Airport-Info/3U9
KBDU,Boulder Municipal,Boulder,CO ,USA,https://acukwik.com/Airport-Info/KBDU
,Emancipation Hill,Boulder,CO ,USA,https://acukwik.com/Airport-Info/CD00
,Lemons Private Strip,Boulder,CO ,USA,https://acukwik.com/Airport-Info/CO10
,Boulder City Hospital,Boulder City,NV ,USA,https://acukwik.com/Airport-Info/NV16
KBVU,Boulder City Municipal,Boulder City,NV ,USA,https://acukwik.com/Airport-Info/KBVU
KBDJ,Boulder Junction Payzer,Boulder Junction,WI ,USA,https://acukwik.com/Airport-Info/KBDJ
,Bound Brook Nr 1,Bound Brook,NJ ,USA,https://acukwik.com/Airport-Info/9NJ1
,Bound Brook Nr 2,Bound Brook,NJ ,USA,https://acukwik.com/Airport-Info/9NJ2
,Boundary,Boundary,AK ,USA,https://acukwik.com/Airport-Info/BYA
KBTF,Skypark,Bountiful,UT ,USA,https://acukwik.com/Airport-Info/KBTF
,Ball Field,Bourbon,IN ,USA,https://acukwik.com/Airport-Info/4IN5
,Rust's Landing,Bourbon,IN ,USA,https://acukwik.com/Airport-Info/II95
,Camp Edwards,Bourne,MA ,USA,https://acukwik.com/Airport-Info/MA29
,Jalapeno Ranch,Bouse,AZ ,USA,https://acukwik.com/Airport-Info/62AZ
,Hefner Farms,Bovina,TX ,USA,https://acukwik.com/Airport-Info/7TS9
,Scott,Bow,NH ,USA,https://acukwik.com/Airport-Info/2NH3
,Bowbells Municipal,Bowbells,ND ,USA,https://acukwik.com/Airport-Info/5B4
,Bowdle Municipal,Bowdle,SD ,USA,https://acukwik.com/Airport-Info/5SD3
,Cathance Landing,Bowdoinham,ME ,USA,https://acukwik.com/Airport-Info/86ME
,Merrymeeting Field,Bowdoinham,ME ,USA,https://acukwik.com/Airport-Info/08B
,Buchmiller,Bowdon,ND ,USA,https://acukwik.com/Airport-Info/7ND5
,Bowie Municipal,Bowie,TX ,USA,https://acukwik.com/Airport-Info/0F2
,J-L Ranch,Bowie,TX ,USA,https://acukwik.com/Airport-Info/67XA
,Sky Acres,Bowie,TX ,USA,https://acukwik.com/Airport-Info/1XA1
,AE-62,Bowling Green,KY ,USA,https://acukwik.com/Airport-Info/24KY
,Aring Field,Bowling Green,OH ,USA,https://acukwik.com/Airport-Info/6OH4
,Bordner,Bowling Green,OH ,USA,https://acukwik.com/Airport-Info/3D8
,Bowling Green Municipal,Bowling Green,MO ,USA,https://acukwik.com/Airport-Info/H19
KBWG,Bowling Green Warren County Regional,Bowling Green,KY ,USA,https://acukwik.com/Airport-Info/KBWG
,Boyce Wafer Farm,Bowling Green,KY ,USA,https://acukwik.com/Airport-Info/0KY5
,Greenview Hospital,Bowling Green,KY ,USA,https://acukwik.com/Airport-Info/8KY1
KAPH,Mary Walker Lz,Bowling Green,VA ,USA,https://acukwik.com/Airport-Info/KAPH
,Nietz,Bowling Green,OH ,USA,https://acukwik.com/Airport-Info/6OH7
,Plane-O,Bowling Green,KY ,USA,https://acukwik.com/Airport-Info/2KY3
,The Medical Center At Bowling Green,Bowling Green,KY ,USA,https://acukwik.com/Airport-Info/2KY6
,Wood County Hospital,Bowling Green,OH ,USA,https://acukwik.com/Airport-Info/85OH
,Wood County Regional,Bowling Green,OH ,USA,https://acukwik.com/Airport-Info/1G0
,Woodford Airpark,Bowling Green,VA ,USA,https://acukwik.com/Airport-Info/20VA
KBWW,Bowman Regional,Bowman,ND ,USA,https://acukwik.com/Airport-Info/KBWW
,Bowstring,Bowstring,MN ,USA,https://acukwik.com/Airport-Info/9Y0
,Kauer Private,Box Elder,SD ,USA,https://acukwik.com/Airport-Info/3SD2
,Digital (Box 2),Boxborough,MA ,USA,https://acukwik.com/Airport-Info/7MA1
,Digital (Boxboro),Boxborough,MA ,USA,https://acukwik.com/Airport-Info/7MA0
,Molair,Boxelder/Lydia,TX ,USA,https://acukwik.com/Airport-Info/TX35
,Tracemont Field,Boyce,LA ,USA,https://acukwik.com/Airport-Info/LA10
,Boyceville Muni,Boyceville,WI ,USA,https://acukwik.com/Airport-Info/3T3
,Carter-Norman,Boyd,TX ,USA,https://acukwik.com/Airport-Info/TA87
,Dauenhauer Field,Boyd,TX ,USA,https://acukwik.com/Airport-Info/6TS2
,Fly Away Farm,Boyds,MD ,USA,https://acukwik.com/Airport-Info/2MD3
,El Porvenir Airpark,Boykin,SC ,USA,https://acukwik.com/Airport-Info/SC44
,Boyne City Municipal,Boyne City,MI ,USA,https://acukwik.com/Airport-Info/N98
KBFA,Boyne Mountain,Boyne Falls,MI ,USA,https://acukwik.com/Airport-Info/KBFA
,Bethesda Memorial Hospital,Boynton Beach,FL ,USA,https://acukwik.com/Airport-Info/88FD
,Bethesda West Hospital,Boynton Beach,FL ,USA,https://acukwik.com/Airport-Info/FL47
,Bozeman Deaconess Hospital,Bozeman,MT ,USA,https://acukwik.com/Airport-Info/0MY1
KBZN,Bozeman Yellowstone International,Bozeman,MT ,USA,https://acukwik.com/Airport-Info/KBZN
,Briar Creek,Bozeman,MT ,USA,https://acukwik.com/Airport-Info/2MT5
,Edsall Field,Bozeman,MT ,USA,https://acukwik.com/Airport-Info/MT71
,Haggerty,Bozeman,MT ,USA,https://acukwik.com/Airport-Info/24MT
,Harris Runway,Bozeman,MT ,USA,https://acukwik.com/Airport-Info/21MT
,Nistler,Bozeman,MT ,USA,https://acukwik.com/Airport-Info/3MT6
,Waterfall,Bozeman,MT ,USA,https://acukwik.com/Airport-Info/23MT
,Gager Field,Bozrah,CT ,USA,https://acukwik.com/Airport-Info/CT36
,Highline Farm Airstrip,Bracewell,CO ,USA,https://acukwik.com/Airport-Info/67CO
,Back Porch Ranch,Brackettville,TX ,USA,https://acukwik.com/Airport-Info/TE25
,Fort Clark Springs,Brackettville,TX ,USA,https://acukwik.com/Airport-Info/74TX
,L Davis Ranch,Brackettville,TX ,USA,https://acukwik.com/Airport-Info/5XS8
,La Fonda Ranch,Brackettville,TX ,USA,https://acukwik.com/Airport-Info/2TX3
,Leona Ranch,Brackettville,TX ,USA,https://acukwik.com/Airport-Info/75TX
,Pinon Ranch,Brackettville,TX ,USA,https://acukwik.com/Airport-Info/1XS8
,Spring Ranch,Brackettville,TX ,USA,https://acukwik.com/Airport-Info/3TA6
,Tularosa,Brackettville,TX ,USA,https://acukwik.com/Airport-Info/TA31
,Rio Pinto Ranch,Bracketville,TX ,USA,https://acukwik.com/Airport-Info/1TA8
,Preszler Airstrip,Braddock,ND ,USA,https://acukwik.com/Airport-Info/1NA8
,Hca Florida Blake Hospital,Bradenton,FL ,USA,https://acukwik.com/Airport-Info/5FL2
,Lakewood Ranch Medical Center Helistop,Bradenton,FL ,USA,https://acukwik.com/Airport-Info/7FL9
,Manatee Memorial Hospital,Bradenton,FL ,USA,https://acukwik.com/Airport-Info/FL45
,Bradford Armory,Bradford,VT ,USA,https://acukwik.com/Airport-Info/VT08
KBFD,Bradford Regional,Bradford,PA ,USA,https://acukwik.com/Airport-Info/KBFD
,Pecora Field,Bradford,PA ,USA,https://acukwik.com/Airport-Info/PS18
,Rinkenberger,Bradford,IL ,USA,https://acukwik.com/Airport-Info/3IS8
,Tucker Farm,Bradford,NH ,USA,https://acukwik.com/Airport-Info/65NH
,University Of Pitt Medical Landing Area,Bradford,PA ,USA,https://acukwik.com/Airport-Info/PN22
KBBD,Curtis Field,Brady,TX ,USA,https://acukwik.com/Airport-Info/KBBD
,River Bend Ranch,Brady,TX ,USA,https://acukwik.com/Airport-Info/94TX
,Santiago Cattle Company,Brady,TX ,USA,https://acukwik.com/Airport-Info/XS78
,Camp Gruber,Braggs,OK ,USA,https://acukwik.com/Airport-Info/59OK
,Stava,Brainard,NE ,USA,https://acukwik.com/Airport-Info/78NE
,Barrett,Brainerd,MN ,USA,https://acukwik.com/Airport-Info/MN18
KBRD,Brainerd Lakes Regional,Brainerd,MN ,USA,https://acukwik.com/Airport-Info/KBRD
,Jackson Field,Brainerd,MN ,USA,https://acukwik.com/Airport-Info/MN17
,Amax Metals Recovery Inc,Braithwaite,LA ,USA,https://acukwik.com/Airport-Info/LS73
,Bells Branch,Branchville,SC ,USA,https://acukwik.com/Airport-Info/SC91
,Tamarack Flyers,Branchville,NJ ,USA,https://acukwik.com/Airport-Info/6NJ2
,Air Eye Med Helistop,Brandon,FL ,USA,https://acukwik.com/Airport-Info/43FA
,Blsg Brandon,Brandon,VT ,USA,https://acukwik.com/Airport-Info/VT33
,Dee's,Brandon,MS ,USA,https://acukwik.com/Airport-Info/5MS6
,Hca Florida Brandon Hospital,Brandon,FL ,USA,https://acukwik.com/Airport-Info/5FL3
,Kaehr,Brandon,MS ,USA,https://acukwik.com/Airport-Info/6MS6
,Lewis,Brandon,FL ,USA,https://acukwik.com/Airport-Info/FL78
,Mach 1 Jet Port,Brandon,MS ,USA,https://acukwik.com/Airport-Info/MS20
,Mango Lake,Brandon,FL ,USA,https://acukwik.com/Airport-Info/59FA
,Mohr Farm,Brandon,MS ,USA,https://acukwik.com/Airport-Info/MS11
,Scherler Private Airstrip,Brandon,CO ,USA,https://acukwik.com/Airport-Info/9CO5
,Tampa General Hospital Brandon Healthplex,Brandon,FL ,USA,https://acukwik.com/Airport-Info/04FD
,Woodbridge,Brandon,MS ,USA,https://acukwik.com/Airport-Info/6MS1
,Mc Donald's,Brandonville,PA ,USA,https://acukwik.com/Airport-Info/6PN9
,Garner Field,Brandywine,MD ,USA,https://acukwik.com/Airport-Info/02MD
,Flying C Farm,Branford,FL ,USA,https://acukwik.com/Airport-Info/FD16
,Fox Field,Branford,FL ,USA,https://acukwik.com/Airport-Info/FL02
,Lazyboy,Branford,FL ,USA,https://acukwik.com/Airport-Info/2FD0
,O'brien Airpark East/West,Branford,FL ,USA,https://acukwik.com/Airport-Info/FD71
,White Field,Branford,FL ,USA,https://acukwik.com/Airport-Info/FD95
,Branson,Branson,CO ,USA,https://acukwik.com/Airport-Info/CD16
KBBG,Branson,Branson,MO ,USA,https://acukwik.com/Airport-Info/KBBG
,Branson Helicopters,Branson,MO ,USA,https://acukwik.com/Airport-Info/MO38
,Jecan,Branson,CO ,USA,https://acukwik.com/Airport-Info/06CO
,Skaggs Community Hospital,Branson,MO ,USA,https://acukwik.com/Airport-Info/5MO0
KFWB,Branson West Municipal - Emerson Field,Branson West,MO ,USA,https://acukwik.com/Airport-Info/KFWB
,Life Line Base 1,Branson West,MO ,USA,https://acukwik.com/Airport-Info/20MO
,Brattleboro Memorial Hospital,Brattleboro,VT ,USA,https://acukwik.com/Airport-Info/26VT
KBWC,Brawley Municipal,Brawley,CA ,USA,https://acukwik.com/Airport-Info/KBWC
,Pioneers Memorial Hospital,Brawley,CA ,USA,https://acukwik.com/Airport-Info/9CA2
,Wolfe Field,Bray,OK ,USA,https://acukwik.com/Airport-Info/1OK3
,Brazil Clay County,Brazil,IN ,USA,https://acukwik.com/Airport-Info/0I2
,St Vincent Clay Hospital,Brazil,IN ,USA,https://acukwik.com/Airport-Info/IN48
,Turner Farms,Brazil,IN ,USA,https://acukwik.com/Airport-Info/3IN3
,Eagle Air Park,Brazoria,TX ,USA,https://acukwik.com/Airport-Info/2TE0
,Bordelon Airpark,Breaux Bridge,LA ,USA,https://acukwik.com/Airport-Info/LS34
,Castille Field,Breaux Bridge,LA ,USA,https://acukwik.com/Airport-Info/LA16
,Dupuis,Breaux Bridge,LA ,USA,https://acukwik.com/Airport-Info/LA41
,Spillers Club,Breaux Bridge,LA ,USA,https://acukwik.com/Airport-Info/LA76
,Overlook Athletic Club,Breckenridge,CO ,USA,https://acukwik.com/Airport-Info/CO75
KBKD,Stephens County,Breckenridge,TX ,USA,https://acukwik.com/Airport-Info/KBKD
,Yaggie Pvt,Breckenridge,MN ,USA,https://acukwik.com/Airport-Info/69MN
,Alaimo's,Brecksville,OH ,USA,https://acukwik.com/Airport-Info/OI93
,St Joseph's Hospital - Breese,Breese,IL ,USA,https://acukwik.com/Airport-Info/8IS0
,Greater Breezewood Regional,Breezewood,PA ,USA,https://acukwik.com/Airport-Info/P17
,Breezy Point,Breezy Point,MN ,USA,https://acukwik.com/Airport-Info/8MN3
,Tek Park Breinigsville,Breinigsville,PA ,USA,https://acukwik.com/Airport-Info/PA87
,Birkey Private,Bremen,IN ,USA,https://acukwik.com/Airport-Info/3II8
,Community Hospital Of Bremen,Bremen,IN ,USA,https://acukwik.com/Airport-Info/8IN8
,Hide-A,Bremen,OH ,USA,https://acukwik.com/Airport-Info/11OA
,Lill Strip,Bremen,ND ,USA,https://acukwik.com/Airport-Info/NA75
,Rocky Springs Airpark,Bremen,AL ,USA,https://acukwik.com/Airport-Info/AL30
,Willard Field,Bremen,OH ,USA,https://acukwik.com/Airport-Info/62OH
KPWT,Bremerton National,Bremerton,WA ,USA,https://acukwik.com/Airport-Info/KPWT
,Leisureland Airpark,Bremerton,WA ,USA,https://acukwik.com/Airport-Info/WA96
,Washington Ntl Guard - Sinclair Hgts,Bremerton,WA ,USA,https://acukwik.com/Airport-Info/WA65
,Brenham Municipal,Brenham,TX ,USA,https://acukwik.com/Airport-Info/11R
,K Star Ranch,Brenham,TX ,USA,https://acukwik.com/Airport-Info/49TE
,Live Oak Ranch,Brenham,TX ,USA,https://acukwik.com/Airport-Info/TA17
,Lucky Star Ranch,Brenham,TX ,USA,https://acukwik.com/Airport-Info/TX04
,Rancho Verde,Brenham,TX ,USA,https://acukwik.com/Airport-Info/9XS9
,Sky Lane Ranch,Brenham,TX ,USA,https://acukwik.com/Airport-Info/XS68
,Wash Co Air 1 Base,Brenham,TX ,USA,https://acukwik.com/Airport-Info/1TT1
,Funny Farm,Brentwood,CA ,USA,https://acukwik.com/Airport-Info/4CA2
,Winterwood,Brentwood,NH ,USA,https://acukwik.com/Airport-Info/NH67
,Transylvania Community Hospital,Brevard,NC ,USA,https://acukwik.com/Airport-Info/97NC
,Transylvania County,Brevard,NC ,USA,https://acukwik.com/Airport-Info/3NR3
PFKT,Brevig Mission,Brevig Mission,AK ,USA,https://acukwik.com/Airport-Info/PFKT
,Brewer,Brewer,ME ,USA,https://acukwik.com/Airport-Info/0B2
,Anderson Field,Brewster,WA ,USA,https://acukwik.com/Airport-Info/S97
,Long Pond,Brewster,MA ,USA,https://acukwik.com/Airport-Info/MA25
,Brewton Municipal,Brewton,AL ,USA,https://acukwik.com/Airport-Info/12J
,D W McMillian Memorial Hospital,Brewton,AL ,USA,https://acukwik.com/Airport-Info/0AL6
,Allen's,Brick,NJ ,USA,https://acukwik.com/Airport-Info/JY35
,Ocean University Medical Center,Brick,NJ ,USA,https://acukwik.com/Airport-Info/29JY
,Cherokee,Brick Church Village,PA ,USA,https://acukwik.com/Airport-Info/PA93
,Taylor,Brickeys,AR ,USA,https://acukwik.com/Airport-Info/15AR
,Bridgeport Hospital,Bridgeport,CT ,USA,https://acukwik.com/Airport-Info/0CT7
KXBP,Bridgeport Municipal,Bridgeport,TX ,USA,https://acukwik.com/Airport-Info/KXBP
,Bridgeport-Cahill Field,Bridgeport,NJ ,USA,https://acukwik.com/Airport-Info/6NJ9
KBDR,Bridgeport/Sikorsky,Bridgeport,CT ,USA,https://acukwik.com/Airport-Info/KBDR
,Bryant Field,Bridgeport,CA ,USA,https://acukwik.com/Airport-Info/O57
,Jim Sears,Bridgeport,TX ,USA,https://acukwik.com/Airport-Info/3TA7
,Mckimmy Field,Bridgeport,MI ,USA,https://acukwik.com/Airport-Info/MI23
,Medical Center,Bridgeport,CT ,USA,https://acukwik.com/Airport-Info/CT12
,Pickel Meadows Eaf,Bridgeport,CA ,USA,https://acukwik.com/Airport-Info/7CL4
,Sikorsky Bridgeport,Bridgeport,CT ,USA,https://acukwik.com/Airport-Info/CT37
,United Medical Center,Bridgeport,WV ,USA,https://acukwik.com/Airport-Info/3WV7
,Bridger Municipal,Bridger,MT ,USA,https://acukwik.com/Airport-Info/6S1
,Blews,Bridgeton,NJ ,USA,https://acukwik.com/Airport-Info/34NJ
,Bridgeton,Bridgeton,NJ ,USA,https://acukwik.com/Airport-Info/JY26
,Bucks,Bridgeton,NJ ,USA,https://acukwik.com/Airport-Info/00N
,Hidden Acres Farm,Bridgeton,NJ ,USA,https://acukwik.com/Airport-Info/NJ84
,Inspira Health Center-Bridgeton,Bridgeton,NJ ,USA,https://acukwik.com/Airport-Info/8NJ4
,Ssm Health Depaul Hospital-St Louis,Bridgeton,MO ,USA,https://acukwik.com/Airport-Info/MO92
,Wide Sky Airpark,Bridgeton,NJ ,USA,https://acukwik.com/Airport-Info/JY31
,Huey,Bridgeville,DE ,USA,https://acukwik.com/Airport-Info/DE14
,Aventis Pharmaceuticals,Bridgewater,NJ ,USA,https://acukwik.com/Airport-Info/3NJ8
KVBW,Bridgewater Air Park,Bridgewater,VA ,USA,https://acukwik.com/Airport-Info/KVBW
,Bridgewater Crossing,Bridgewater,NJ ,USA,https://acukwik.com/Airport-Info/90NJ
,Weavers Landing,Bridgewater,VA ,USA,https://acukwik.com/Airport-Info/VA63
,Myers,Bridgman,MI ,USA,https://acukwik.com/Airport-Info/MI25
,Bridgton Hospital,Bridgton,ME ,USA,https://acukwik.com/Airport-Info/ME37
,Manning Personal Airstrip,Bridport,VT ,USA,https://acukwik.com/Airport-Info/VT10
,Melrose Springs Airfield,Bridport,VT ,USA,https://acukwik.com/Airport-Info/VT73
,J R Ranch,Briggs,TX ,USA,https://acukwik.com/Airport-Info/15TA
,Skotz Airfield,Briggs,TX ,USA,https://acukwik.com/Airport-Info/99XA
,Stiletto Airpark,Briggs,TX ,USA,https://acukwik.com/Airport-Info/XS79
,William Leon Schawo,Briggsdale,CO ,USA,https://acukwik.com/Airport-Info/8CO2
,Catlett Farms,Briggsville,AR ,USA,https://acukwik.com/Airport-Info/9AR1
,Brigham City Community Hospital,Brigham City,UT ,USA,https://acukwik.com/Airport-Info/UT14
KBMC,Brigham City Regional,Brigham City,UT ,USA,https://acukwik.com/Airport-Info/KBMC
,Fort Ranch,Brigham City,UT ,USA,https://acukwik.com/Airport-Info/2UT3
,Brighton,Brighton,MI ,USA,https://acukwik.com/Airport-Info/45G
,Brighton Helipad,Brighton,FL ,USA,https://acukwik.com/Airport-Info/0FA3
,Flying E,Brighton,CO ,USA,https://acukwik.com/Airport-Info/22CO
,Hawk Hollow,Brighton,MI ,USA,https://acukwik.com/Airport-Info/97MI
,Parsons Field,Brighton,TN ,USA,https://acukwik.com/Airport-Info/TN58
,Platte Valley Medical Center,Brighton,CO ,USA,https://acukwik.com/Airport-Info/22CD
,Van Aire,Brighton,CO ,USA,https://acukwik.com/Airport-Info/CO12
,Frank Federer Memorial,Brinkley,AR ,USA,https://acukwik.com/Airport-Info/M36
,Cormorant,Brinnon,WA ,USA,https://acukwik.com/Airport-Info/WA05
,Binzel,Bristol,WI ,USA,https://acukwik.com/Airport-Info/WI95
,Bristol,Bristol,WI ,USA,https://acukwik.com/Airport-Info/WN63
,Bristol Hospital,Bristol,CT ,USA,https://acukwik.com/Airport-Info/CT03
,Bristol Regional Medical Center,Bristol,TN ,USA,https://acukwik.com/Airport-Info/TN04
,Bristol Regional Medical Center,Bristol,VA ,USA,https://acukwik.com/Airport-Info/7VA1
,Bristol Usar Center,Bristol,PA ,USA,https://acukwik.com/Airport-Info/47PN
,Crumley Field,Bristol,TN ,USA,https://acukwik.com/Airport-Info/1TN9
,Dutch Gap Airstrip,Bristol,WI ,USA,https://acukwik.com/Airport-Info/04WI
,Green Acres,Bristol,CT ,USA,https://acukwik.com/Airport-Info/CT96
,Kibs Air Park,Bristol,LA ,USA,https://acukwik.com/Airport-Info/7LA4
,Newfound Valley,Bristol,NH ,USA,https://acukwik.com/Airport-Info/2N2
,Ruby,Bristol,ME ,USA,https://acukwik.com/Airport-Info/18ME
,Southfork,Bristol,TN ,USA,https://acukwik.com/Airport-Info/81TN
,Sullins,Bristol,VA ,USA,https://acukwik.com/Airport-Info/5VA2
,Tri-Cities,Bristol,VA ,USA,https://acukwik.com/Airport-Info/7VA8
,Ultimate,Bristol,CT ,USA,https://acukwik.com/Airport-Info/CT60
,Winfield,Bristol,WI ,USA,https://acukwik.com/Airport-Info/WI58
KTRI,"Tri-Cities Regional, TN/VA",Bristol/Johnson/Kingsport,TN ,USA,https://acukwik.com/Airport-Info/KTRI
,Bristol Airstrip,Bristolville,OH ,USA,https://acukwik.com/Airport-Info/2OA1
,Mosquito Strip,Bristolville,OH ,USA,https://acukwik.com/Airport-Info/20OH
,Bristow Hospital,Bristow,OK ,USA,https://acukwik.com/Airport-Info/OL06
,Jones Memorial,Bristow,OK ,USA,https://acukwik.com/Airport-Info/3F7
,Malinchak Pvt,Bristow,OK ,USA,https://acukwik.com/Airport-Info/OK69
,Neversweat,Bristow,OK ,USA,https://acukwik.com/Airport-Info/1OK0
KBTN,Britton Municipal,Britton,SD ,USA,https://acukwik.com/Airport-Info/KBTN
,Lewis Field,Broadalbin,NY ,USA,https://acukwik.com/Airport-Info/NY66
,The Pines,Broadalbin,NY ,USA,https://acukwik.com/Airport-Info/NY64
,Broadus,Broadus,MT ,USA,https://acukwik.com/Airport-Info/00F
,T & A Land Development,Broadview Heights,OH ,USA,https://acukwik.com/Airport-Info/OI80
,William Irving Lewis,Broadway,NC ,USA,https://acukwik.com/Airport-Info/09NC
,Uh-Broadview Heights Health Center,Broadway Heights,OH ,USA,https://acukwik.com/Airport-Info/48OH
,Eagle,Brock,TX ,USA,https://acukwik.com/Airport-Info/TA51
,Tailspin Estates,Brock,TX ,USA,https://acukwik.com/Airport-Info/58TX
,Ledgedale Airpark,Brockport,NY ,USA,https://acukwik.com/Airport-Info/7G0
,Brockton Usar Center,Brockton,MA ,USA,https://acukwik.com/Airport-Info/0MA5
,Goddard Hosp,Brockton,MA ,USA,https://acukwik.com/Airport-Info/MA27
,Lakeview Shock Incarceration Correctional Facility,Brocton,NY ,USA,https://acukwik.com/Airport-Info/NY99
,Brodhead,Brodhead,WI ,USA,https://acukwik.com/Airport-Info/C37
,Baublitz Commercial,Brogue,PA ,USA,https://acukwik.com/Airport-Info/9W8
,Broken Bow,Broken Bow,OK ,USA,https://acukwik.com/Airport-Info/90F
KBBW,Broken Bow Municipal/Keith Glaze Field,Broken Bow,NE ,USA,https://acukwik.com/Airport-Info/KBBW
,Capitol,Brookfield,WI ,USA,https://acukwik.com/Airport-Info/02C
,General John J Pershing Memorial Hospital,Brookfield,MO ,USA,https://acukwik.com/Airport-Info/MU54
,North Central Missouri Regional,Brookfield,MO ,USA,https://acukwik.com/Airport-Info/MO8
,Stockwell Field,Brookfield,MO ,USA,https://acukwik.com/Airport-Info/MU03
,Brookhaven-Lincoln County,Brookhaven,MS ,USA,https://acukwik.com/Airport-Info/1R7
KBOK,Brookings,Brookings,OR ,USA,https://acukwik.com/Airport-Info/KBOK
,Brookings Health System,Brookings,SD ,USA,https://acukwik.com/Airport-Info/0SD4
KBKX,Brookings Regional,Brookings,SD ,USA,https://acukwik.com/Airport-Info/KBKX
,Garvins,Brookings,OR ,USA,https://acukwik.com/Airport-Info/OR36
,Bobby,Brookline,VT ,USA,https://acukwik.com/Airport-Info/VT32
,Brookline,Brookline,NH ,USA,https://acukwik.com/Airport-Info/NH16
,Banas Field,Brooklyn,WA ,USA,https://acukwik.com/Airport-Info/WA16
,Brooklyn,Brooklyn,MI ,USA,https://acukwik.com/Airport-Info/6G8
,Jamaica Bay,Brooklyn,NY ,USA,https://acukwik.com/Airport-Info/NK30
,Michigan International Speedway,Brooklyn,MI ,USA,https://acukwik.com/Airport-Info/MI66
,Skydive Iowa,Brooklyn,IA ,USA,https://acukwik.com/Airport-Info/09IA
,Syvrud,Brooklyn,WI ,USA,https://acukwik.com/Airport-Info/7WI5
,Taylor Field at Fort Hamilton,Brooklyn,NY ,USA,https://acukwik.com/Airport-Info/93NY
,Brookneal/Campbell County,Brookneal,VA ,USA,https://acukwik.com/Airport-Info/0V4
,Brooks Field,Brooks,KY ,USA,https://acukwik.com/Airport-Info/73KY
,Kenley Field,Brooks,GA ,USA,https://acukwik.com/Airport-Info/GA61
,Western Helicopter Services,Brooks,OR ,USA,https://acukwik.com/Airport-Info/OR38
,Mikeska Field,Brookshire,TX ,USA,https://acukwik.com/Airport-Info/1XA4
,Sport Flyers,Brookshire,TX ,USA,https://acukwik.com/Airport-Info/27XS
,Bayfront Health Brooksville,Brooksville,FL ,USA,https://acukwik.com/Airport-Info/1FA7
KBKV,Brooksville-Tampa Bay Regional,Brooksville,FL ,USA,https://acukwik.com/Airport-Info/KBKV
,Chinsegut,Brooksville,FL ,USA,https://acukwik.com/Airport-Info/5FD7
,Hca Florida Oak Hill Hospital,Brooksville,FL ,USA,https://acukwik.com/Airport-Info/23FD
,Lz Shadow,Brooksville,FL ,USA,https://acukwik.com/Airport-Info/69FA
,Pilot Country,Brooksville,FL ,USA,https://acukwik.com/Airport-Info/X05
,Ranchaero Grand Vista,Brooksville,FL ,USA,https://acukwik.com/Airport-Info/47FL
,Brookville Reservoir,Brookville,IN ,USA,https://acukwik.com/Airport-Info/12I
,Mcgregor Airfield,Brookville,OH ,USA,https://acukwik.com/Airport-Info/12OH
,Penn Highlands Brookville,Brookville,PA ,USA,https://acukwik.com/Airport-Info/PA04
,Schaney's Lair,Brookville,OH ,USA,https://acukwik.com/Airport-Info/OH46
,Brooten Municipal/John O. Bohmer Field,Brooten,MN ,USA,https://acukwik.com/Airport-Info/6D1
,Rotorcraft,Broussard,LA ,USA,https://acukwik.com/Airport-Info/30LS
,Variable Bor Ram,Broussard,LA ,USA,https://acukwik.com/Airport-Info/3LA7
,Windy Hill,Broussard,LA ,USA,https://acukwik.com/Airport-Info/02LS
,Burgess Field,Brown City,MI ,USA,https://acukwik.com/Airport-Info/55D
,Witi Tv Studio Building,Brown Deer,WI ,USA,https://acukwik.com/Airport-Info/74WI
,Brownfield Regional Medical Center,Brownfield,TX ,USA,https://acukwik.com/Airport-Info/TX63
KBFE,Terry County,Brownfield,TX ,USA,https://acukwik.com/Airport-Info/KBFE
,Starr-Browning Airstrip,Browning,MT ,USA,https://acukwik.com/Airport-Info/8S0
,Brownlee,Brownlee Village,OR ,USA,https://acukwik.com/Airport-Info/OR75
,Nelson Private,Browns,IL ,USA,https://acukwik.com/Airport-Info/60IS
,Deborah Heart & Lung Center,Browns Mills,NJ ,USA,https://acukwik.com/Airport-Info/NJ19
,Echo Lake,Brownsboro,TX ,USA,https://acukwik.com/Airport-Info/TX40
,Dotlich,Brownsburg,IN ,USA,https://acukwik.com/Airport-Info/IN77
,Fuller Field,Brownsburg,IN ,USA,https://acukwik.com/Airport-Info/38IN
,Newby Landing,Brownsburg,IN ,USA,https://acukwik.com/Airport-Info/36II
,Brownsville Airpark,Brownsville,CA ,USA,https://acukwik.com/Airport-Info/2CL1
KBRO,Brownsville/South Padre Island International,Brownsville,TX ,USA,https://acukwik.com/Airport-Info/KBRO
,Columbia Valley Regional,Brownsville,TX ,USA,https://acukwik.com/Airport-Info/2XS0
,Haywood County Ems,Brownsville,TN ,USA,https://acukwik.com/Airport-Info/99TN
,J & J,Brownsville,OR ,USA,https://acukwik.com/Airport-Info/OR94
,Lafferty Field,Brownsville,OR ,USA,https://acukwik.com/Airport-Info/9OR0
,Webber Jones,Brownville,ME ,USA,https://acukwik.com/Airport-Info/ME03
KBWD,Brownwood Regional,Brownwood,TX ,USA,https://acukwik.com/Airport-Info/KBWD
,Flying S Air Ranch,Brownwood,TX ,USA,https://acukwik.com/Airport-Info/10XS
,Tin Top Ranch,Brownwood,TX ,USA,https://acukwik.com/Airport-Info/3TA4
,Hasting Airpark,Bruce,MS ,USA,https://acukwik.com/Airport-Info/MS80
,Taylorport,Bruce,WI ,USA,https://acukwik.com/Airport-Info/WN90
,Cedar Island,Brule,WI ,USA,https://acukwik.com/Airport-Info/WI10
,El-Co,Brule,NE ,USA,https://acukwik.com/Airport-Info/9NE1
,Tortuga Ranch,Brundage,TX ,USA,https://acukwik.com/Airport-Info/XA93
,Poplar Point,Bruneau,ID ,USA,https://acukwik.com/Airport-Info/ID42
,Hamilton Ranch,Bruni,TX ,USA,https://acukwik.com/Airport-Info/8TS0
KBXM,Brunswick Executive,Brunswick,ME ,USA,https://acukwik.com/Airport-Info/KBXM
KBQK,Brunswick Golden Isles,Brunswick,GA ,USA,https://acukwik.com/Airport-Info/KBQK
,"Cleveland Clinic, Brunswick Family Health Center",Brunswick,OH ,USA,https://acukwik.com/Airport-Info/04OH
,Mid Coast Hospital,Brunswick,ME ,USA,https://acukwik.com/Airport-Info/ME42
,Se Georgia Health System-Brunswick,Brunswick,GA ,USA,https://acukwik.com/Airport-Info/GE24
,Shiloh Airpark,Brunswick,MO ,USA,https://acukwik.com/Airport-Info/23MO
KSSI,St Simons Island,Brunswick,GA ,USA,https://acukwik.com/Airport-Info/KSSI
,Brush Municipal,Brush,CO ,USA,https://acukwik.com/Airport-Info/7V5
,East Morgan County Hospital,Brush,CO ,USA,https://acukwik.com/Airport-Info/2CO8
,Brush Prairie Aerodrome,Brush Prairie,WA ,USA,https://acukwik.com/Airport-Info/5WA9
,Brussels,Brussels,IL ,USA,https://acukwik.com/Airport-Info/4IL7
,Crispy Cedars,Brussels,WI ,USA,https://acukwik.com/Airport-Info/7WI8
,Community Hospital Of Williams County,Bryan,OH ,USA,https://acukwik.com/Airport-Info/82OH
KCFD,Coulter Field,Bryan,TX ,USA,https://acukwik.com/Airport-Info/KCFD
,Pc,Bryan,TX ,USA,https://acukwik.com/Airport-Info/TT46
,St Joseph Hospital,Bryan,TX ,USA,https://acukwik.com/Airport-Info/82TX
,Texas A & M Flight Test Station,Bryan,TX ,USA,https://acukwik.com/Airport-Info/83TX
,Varisco,Bryan,TX ,USA,https://acukwik.com/Airport-Info/13TE
,Williams County,Bryan,OH ,USA,https://acukwik.com/Airport-Info/0G6
KBCE,Bryce Canyon,Bryce Canyon,UT ,USA,https://acukwik.com/Airport-Info/KBCE
,Pitcairn,Bryn Athyn,PA ,USA,https://acukwik.com/Airport-Info/3PS1
,Pingston Aeroworks,Bryon,MI ,USA,https://acukwik.com/Airport-Info/54MI
,Sossamon Field,Bryson City,NC ,USA,https://acukwik.com/Airport-Info/57NC
,Tsali Emergency,Bryson City,NC ,USA,https://acukwik.com/Airport-Info/99NR
,Chp Academy,Bryte,CA ,USA,https://acukwik.com/Airport-Info/60CL
,Landing Strip De Rey Rey,Buchanan,MI ,USA,https://acukwik.com/Airport-Info/6MI6
,Wolverton's Field,Buchanan,MI ,USA,https://acukwik.com/Airport-Info/30MI
,Camp Longhorn,Buchanan Dam,TX ,USA,https://acukwik.com/Airport-Info/84TX
,Buck Creek,Buck Creek,AK ,USA,https://acukwik.com/Airport-Info/AK98
,Farm Ag,Buckeye,AZ ,USA,https://acukwik.com/Airport-Info/10AZ
,Upshur County Regional,Buckhannon,WV ,USA,https://acukwik.com/Airport-Info/W22
,Rabbit Hole Ii,Buckhead,GA ,USA,https://acukwik.com/Airport-Info/GE92
,Glaser Field,Buckholts,TX ,USA,https://acukwik.com/Airport-Info/06TA
,Wolfe Field,Buckholts,TX ,USA,https://acukwik.com/Airport-Info/XA32
,Sacaton,Buckhorn,NM ,USA,https://acukwik.com/Airport-Info/NM16
,Hendrix,Buckingham,IL ,USA,https://acukwik.com/Airport-Info/IS86
,Lotus International,Buckingham,VA ,USA,https://acukwik.com/Airport-Info/8VA4
,Slate River Airpark,Buckingham,VA ,USA,https://acukwik.com/Airport-Info/8VA1
,Wheatland,Buckingham,VA ,USA,https://acukwik.com/Airport-Info/23VA
,Albritton,Buckley,WA ,USA,https://acukwik.com/Airport-Info/9WA7
,Flying H Ranch,Buckley,WA ,USA,https://acukwik.com/Airport-Info/WN42
,Bucklin,Bucklin,KS ,USA,https://acukwik.com/Airport-Info/8K0
,Britz,Buckman,MN ,USA,https://acukwik.com/Airport-Info/55MN
,Albright,Bucyrus,KS ,USA,https://acukwik.com/Airport-Info/SN78
,Bucyrus Community Hospital,Bucyrus,OH ,USA,https://acukwik.com/Airport-Info/OA17
,Port Bucyrus/Crawford County,Bucyrus,OH ,USA,https://acukwik.com/Airport-Info/17G
,Rutherford Ranch,Buda,TX ,USA,https://acukwik.com/Airport-Info/85TX
,J L Gentile,Buena,NJ ,USA,https://acukwik.com/Airport-Info/29NJ
KAEJ,Central Colorado Regional,Buena Vista,CO ,USA,https://acukwik.com/Airport-Info/KAEJ
,Marion County,Buena Vista,GA ,USA,https://acukwik.com/Airport-Info/82A
,Buffalo Airfield,Buffalo,NY ,USA,https://acukwik.com/Airport-Info/9G0
,Buffalo General Hospital,Buffalo,NY ,USA,https://acukwik.com/Airport-Info/56NK
,Buffalo Hospital,Buffalo,MN ,USA,https://acukwik.com/Airport-Info/MN03
,Buffalo Municipal,Buffalo,MO ,USA,https://acukwik.com/Airport-Info/H17
KBFK,Buffalo Municipal,Buffalo,OK ,USA,https://acukwik.com/Airport-Info/KBFK
KCFE,Buffalo Municipal,Buffalo,MN ,USA,https://acukwik.com/Airport-Info/KCFE
KBUF,Buffalo Niagara International,Buffalo,NY ,USA,https://acukwik.com/Airport-Info/KBUF
,Clarence Aerodrome,Buffalo,NY ,USA,https://acukwik.com/Airport-Info/D51
,Erie County Medical Center,Buffalo,NY ,USA,https://acukwik.com/Airport-Info/6NK5
,Greseth,Buffalo,MN ,USA,https://acukwik.com/Airport-Info/19MN
,Grieve,Buffalo,ND ,USA,https://acukwik.com/Airport-Info/ND59
,Harding County,Buffalo,SD ,USA,https://acukwik.com/Airport-Info/9D2
KBYG,Johnson County,Buffalo,WY ,USA,https://acukwik.com/Airport-Info/KBYG
,Mercy Hospital Of Buffalo,Buffalo,NY ,USA,https://acukwik.com/Airport-Info/8NY6
,Millers Place,Buffalo,OK ,USA,https://acukwik.com/Airport-Info/96OK
,Oishei Childrens Hospital,Buffalo,NY ,USA,https://acukwik.com/Airport-Info/1NY2
,Friesenborg & Larson,Buffalo Center,IA ,USA,https://acukwik.com/Airport-Info/IA70
,Scott Ranch,Buffalo Springs,TX ,USA,https://acukwik.com/Airport-Info/93XA
,Buford Precinct,Buford,GA ,USA,https://acukwik.com/Airport-Info/35GA
,Stiehl,Buford,ND ,USA,https://acukwik.com/Airport-Info/5ND0
,Buhl Municipal,Buhl,ID ,USA,https://acukwik.com/Airport-Info/U03
,Risker Field,Bulger,PA ,USA,https://acukwik.com/Airport-Info/3PS9
,Oak Landing,Bull Valley,IL ,USA,https://acukwik.com/Airport-Info/16LL
,French Field,Bullard,TX ,USA,https://acukwik.com/Airport-Info/0XS9
,Bullhead City/Sun Valley,Bullhead City,AZ ,USA,https://acukwik.com/Airport-Info/A20
,Eagle Airpark,Bullhead City,AZ ,USA,https://acukwik.com/Airport-Info/A09
KIFP,Laughlin/Bullhead International,Bullhead City,AZ ,USA,https://acukwik.com/Airport-Info/KIFP
,Western Arizona Regional Medical Center,Bullhead City,AZ ,USA,https://acukwik.com/Airport-Info/22AZ
,Willow Springs Ranch,Bullhead City,AZ ,USA,https://acukwik.com/Airport-Info/1AZ8
,Flying J,Bulverde,TX ,USA,https://acukwik.com/Airport-Info/86TX
,Holler,Bulverde,TX ,USA,https://acukwik.com/Airport-Info/TE59
,Lake Anna,Bumpass,VA ,USA,https://acukwik.com/Airport-Info/7W4
,Caldwell Field,Bunker Hill,IN ,USA,https://acukwik.com/Airport-Info/54II
,Weidner,Bunker Hill,IL ,USA,https://acukwik.com/Airport-Info/4IS9
,Bunkie Flying Service,Bunkie,LA ,USA,https://acukwik.com/Airport-Info/2LA4
,Bunkie General Hospital,Bunkie,LA ,USA,https://acukwik.com/Airport-Info/LA18
,Bunkie Municipal,Bunkie,LA ,USA,https://acukwik.com/Airport-Info/2R6
,Tebow,Bunkie,LA ,USA,https://acukwik.com/Airport-Info/LA77
,Crooked Creek,Bunn,NC ,USA,https://acukwik.com/Airport-Info/7NC5
,Riley Field,Bunn,NC ,USA,https://acukwik.com/Airport-Info/1NC5
,Flagler County Emergency Opns Center,Bunnell,FL ,USA,https://acukwik.com/Airport-Info/5FD4
,Bastian Bay,Buras,LA ,USA,https://acukwik.com/Airport-Info/LS12
,Empire Trml,Buras,LA ,USA,https://acukwik.com/Airport-Info/49LS
,Matidora,Buras,LA ,USA,https://acukwik.com/Airport-Info/LS84
,Triumph Air Strip,Buras,LA ,USA,https://acukwik.com/Airport-Info/LS87
KBUR,Hollywood Burbank,Burbank,CA ,USA,https://acukwik.com/Airport-Info/KBUR
,St Joseph Medical Center,Burbank,CA ,USA,https://acukwik.com/Airport-Info/CA95
,Eagle Ridge,Burdett,NY ,USA,https://acukwik.com/Airport-Info/NK09
,Rucker,Burdett,KS ,USA,https://acukwik.com/Airport-Info/SN29
,Stag Air Park,Burgaw,NC ,USA,https://acukwik.com/Airport-Info/7NC1
,Serenity Farm,Burgess,VA ,USA,https://acukwik.com/Airport-Info/3VG3
,Dave Eby Field,Burkburnett,TX ,USA,https://acukwik.com/Airport-Info/4XA5
,Burke Hospital,Burke,SD ,USA,https://acukwik.com/Airport-Info/SD58
,Cumberland County Hospital,Burkesville,KY ,USA,https://acukwik.com/Airport-Info/8KY4
,Rafter J,Burleson,TX ,USA,https://acukwik.com/Airport-Info/3TX9
,Retta,Burleson,TX ,USA,https://acukwik.com/Airport-Info/8TS1
,Texas Health Resources Burleson,Burleson,TX ,USA,https://acukwik.com/Airport-Info/8TA7
KBYI,Burley Municipal,Burley,ID ,USA,https://acukwik.com/Airport-Info/KBYI
,Mills Peninsula Medical Center,Burlingame,CA ,USA,https://acukwik.com/Airport-Info/CA36
,Alamance Regnl Medical Center,Burlington,NC ,USA,https://acukwik.com/Airport-Info/91NC
,Aurora Memorial Hospital Of Burlington,Burlington,WI ,USA,https://acukwik.com/Airport-Info/WN68
,Aviation Acres,Burlington,CO ,USA,https://acukwik.com/Airport-Info/23CD
,Bay Bank Ii,Burlington,MA ,USA,https://acukwik.com/Airport-Info/MA93
,Baybank,Burlington,MA ,USA,https://acukwik.com/Airport-Info/MA21
,Bayview Farms,Burlington,WA ,USA,https://acukwik.com/Airport-Info/WN51
,Black Diamond,Burlington,WY ,USA,https://acukwik.com/Airport-Info/12WY
,Blanchette,Burlington,CT ,USA,https://acukwik.com/Airport-Info/23CT
KBUU,Burlington Municipal,Burlington,WI ,USA,https://acukwik.com/Airport-Info/KBUU
KBUY,Burlington/Alamance Regional,Burlington,NC ,USA,https://acukwik.com/Airport-Info/KBUY
KUKL,Coffey County,Burlington,KS ,USA,https://acukwik.com/Airport-Info/KUKL
,Diewold,Burlington,IA ,USA,https://acukwik.com/Airport-Info/58IA
,Hardaway Field,Burlington,NC ,USA,https://acukwik.com/Airport-Info/NR21
KITR,Kit Carson County,Burlington,CO ,USA,https://acukwik.com/Airport-Info/KITR
,Lahey Hospital,Burlington,MA ,USA,https://acukwik.com/Airport-Info/85MA
,Leach Farms,Burlington,WI ,USA,https://acukwik.com/Airport-Info/WN69
,Mchv,Burlington,VT ,USA,https://acukwik.com/Airport-Info/VT36
KBTV,Patrick Leahy Burlington International,Burlington,VT ,USA,https://acukwik.com/Airport-Info/KBTV
,Pietschtree Airstrip,Burlington,ND ,USA,https://acukwik.com/Airport-Info/12ND
KBVS,Skagit Regional,Burlington,WA ,USA,https://acukwik.com/Airport-Info/KBVS
KBRL,Southeast Iowa Regional,Burlington,IA ,USA,https://acukwik.com/Airport-Info/KBRL
,University Of Vermont Medical Center,Burlington,VT ,USA,https://acukwik.com/Airport-Info/67VT
,Warren Grove Range,Burlington County,NJ ,USA,https://acukwik.com/Airport-Info/NJ24
,Hester,Burlington Junction,MO ,USA,https://acukwik.com/Airport-Info/MU09
,Barnes Farm,Burna,KY ,USA,https://acukwik.com/Airport-Info/23KY
,Ascension Seton Highland Lakes Hospital,Burnet,TX ,USA,https://acukwik.com/Airport-Info/38TA
KBMQ,Burnet Municipal/Kate Craddock Field,Burnet,TX ,USA,https://acukwik.com/Airport-Info/KBMQ
,Rick's Hilltop,Burnet,TX ,USA,https://acukwik.com/Airport-Info/XA94
,Shale Valley Ranch,Burnet,TX ,USA,https://acukwik.com/Airport-Info/2TA0
,Burney Service Center,Burney,CA ,USA,https://acukwik.com/Airport-Info/34CL
,Burney Sheriff's Station,Burney,CA ,USA,https://acukwik.com/Airport-Info/CA01
,Higgs,Burneyville,OK ,USA,https://acukwik.com/Airport-Info/OK48
,Mc Cardle Farm,Burnham,PA ,USA,https://acukwik.com/Airport-Info/PS11
,Bakers Field,Burnips,MI ,USA,https://acukwik.com/Airport-Info/MI88
KBNO,Burns Municipal,Burns,OR ,USA,https://acukwik.com/Airport-Info/KBNO
,Dripping Springs Farm,Burns,TN ,USA,https://acukwik.com/Airport-Info/6TN9
,Hooks Strip,Burns,OR ,USA,https://acukwik.com/Airport-Info/OR32
,Wagontire,Burns,OR ,USA,https://acukwik.com/Airport-Info/81OR
,Lynn Airfield,Burns Flat,OK ,USA,https://acukwik.com/Airport-Info/OK98
,Boss,Burnside,KY ,USA,https://acukwik.com/Airport-Info/08KY
,Crystal Lake,Burnsville,MN ,USA,https://acukwik.com/Airport-Info/MN09
,Fairview Ridges Hospital,Burnsville,MN ,USA,https://acukwik.com/Airport-Info/1MN1
,Mountain Air,Burnsville,NC ,USA,https://acukwik.com/Airport-Info/2NC0
,Yancey Ems Medical,Burnsville,NC ,USA,https://acukwik.com/Airport-Info/NR07
,Mills Brothers,Burnt Cabins,PA ,USA,https://acukwik.com/Airport-Info/05PS
,Watermeier,Burr,NE ,USA,https://acukwik.com/Airport-Info/37NE
,Fisher,Burrton,KS ,USA,https://acukwik.com/Airport-Info/SN08
,Twisted T Field,Burton,TX ,USA,https://acukwik.com/Airport-Info/TA42
KBUB,Cram Field,Burwell,NE ,USA,https://acukwik.com/Airport-Info/KBUB
,Banks Ranch,Busch,AR ,USA,https://acukwik.com/Airport-Info/62AR
,Fokker Field,Bush,LA ,USA,https://acukwik.com/Airport-Info/2LA8
,Keller,Bushkill Township,PA ,USA,https://acukwik.com/Airport-Info/3PS3
,Cheryl-Lane Landings,Bushnell,FL ,USA,https://acukwik.com/Airport-Info/09FD
,Connells Wahoo,Bushnell,FL ,USA,https://acukwik.com/Airport-Info/25FL
,Croom A Chobee,Bushnell,FL ,USA,https://acukwik.com/Airport-Info/4FA2
,Flying W Airranch,Bushnell,FL ,USA,https://acukwik.com/Airport-Info/9FL1
,Grass Patch,Bushnell,FL ,USA,https://acukwik.com/Airport-Info/00FA
,Runyan Aviation,Bushnell,IL ,USA,https://acukwik.com/Airport-Info/IL15
,Sumter County Sheriff's,Bushnell,FL ,USA,https://acukwik.com/Airport-Info/3FA6
,Bates County Hospital,Butler,MO ,USA,https://acukwik.com/Airport-Info/81MO
,Butler Farm Show,Butler,PA ,USA,https://acukwik.com/Airport-Info/3G9
KBUM,Butler Memorial,Butler,MO ,USA,https://acukwik.com/Airport-Info/KBUM
,Butler Memorial Hospital,Butler,PA ,USA,https://acukwik.com/Airport-Info/PA41
,Butler Municipal,Butler,GA ,USA,https://acukwik.com/Airport-Info/6A1
,Butler/Choctaw County,Butler,AL ,USA,https://acukwik.com/Airport-Info/09A
,Choctaw General Hospital,Butler,AL ,USA,https://acukwik.com/Airport-Info/42AL
,Freeman Swank Farms,Butler,OH ,USA,https://acukwik.com/Airport-Info/0OH5
,Hawk's Nest,Butler,OH ,USA,https://acukwik.com/Airport-Info/OH42
KBTP,Pittsburgh/Butler Regional Airport,Butler,PA ,USA,https://acukwik.com/Airport-Info/KBTP
,Brush Creek,Butlerville,IN ,USA,https://acukwik.com/Airport-Info/8IN7
,Mc Croskey Field,Butlerville,AR ,USA,https://acukwik.com/Airport-Info/12XS
KBTM,Bert Mooney,Butte,MT ,USA,https://acukwik.com/Airport-Info/KBTM
,St James,Butte,MT ,USA,https://acukwik.com/Airport-Info/1MT8
,Elk Hills-Buttonwillow,Buttonwillow,CA ,USA,https://acukwik.com/Airport-Info/L62
,Apple Valley,Buxton,OR ,USA,https://acukwik.com/Airport-Info/OR61
,Central Valley Aviation,Buxton,ND ,USA,https://acukwik.com/Airport-Info/NA81
,Happy Butt,Byers,CO ,USA,https://acukwik.com/Airport-Info/6CO7
,Sky Haven,Byers,CO ,USA,https://acukwik.com/Airport-Info/CO17
,Spickard Farm,Byers,CO ,USA,https://acukwik.com/Airport-Info/5CO4
,Maidment Field,Byhalia,MS ,USA,https://acukwik.com/Airport-Info/7MS3
,Flying G Ranch,Bynum,TX ,USA,https://acukwik.com/Airport-Info/08TS
,Left Wing Low,Bynum,TX ,USA,https://acukwik.com/Airport-Info/28TT
,Byrne Field,Byrneville,IN ,USA,https://acukwik.com/Airport-Info/0IN5
,Byron,Byron,CA ,USA,https://acukwik.com/Airport-Info/C83
,Peach Regional Medical Center,Byron,GA ,USA,https://acukwik.com/Airport-Info/28GA
,Smith Field,Byron,GA ,USA,https://acukwik.com/Airport-Info/GE27
,Cable Union,Cable,WI ,USA,https://acukwik.com/Airport-Info/3CU
KTVB,Cabool Memorial,Cabool,MO ,USA,https://acukwik.com/Airport-Info/KTVB
,Catamount Airfield,Cabot,VT ,USA,https://acukwik.com/Airport-Info/VT62
,Cypress Creek,Cabot,AR ,USA,https://acukwik.com/Airport-Info/3AR3
,Dogwood,Cabot,AR ,USA,https://acukwik.com/Airport-Info/73AR
,Lightning Bolt Field,Cabot,VT ,USA,https://acukwik.com/Airport-Info/04VT
,Red Oak,Cabot,AR ,USA,https://acukwik.com/Airport-Info/4AR2
,Shurley Field,Cabot,AR ,USA,https://acukwik.com/Airport-Info/4AR1
,Tomahawk,Caddo,OK ,USA,https://acukwik.com/Airport-Info/9OK4
,Caddo Mills Municipal,Caddo Mills,TX ,USA,https://acukwik.com/Airport-Info/7F3
,Flying 't' Ranch,Caddo Mills,TX ,USA,https://acukwik.com/Airport-Info/18TX
,Thorny Woods,Caddo Mills,TX ,USA,https://acukwik.com/Airport-Info/XA33
,Arrow Aviation Company,Cade,LA ,USA,https://acukwik.com/Airport-Info/16LA
,MUSC - Black River,Cades,SC ,USA,https://acukwik.com/Airport-Info/84SC
KCAD,Wexford County,Cadillac,MI ,USA,https://acukwik.com/Airport-Info/KCAD
,Cadiz Airstrip,Cadiz,CA ,USA,https://acukwik.com/Airport-Info/CA90
,Ferrell,Cadiz,IN ,USA,https://acukwik.com/Airport-Info/II06
,Harrison County,Cadiz,OH ,USA,https://acukwik.com/Airport-Info/8G6
,Lake Barkley State Park,Cadiz,KY ,USA,https://acukwik.com/Airport-Info/1M9
,Lowe,Cadiz,KY ,USA,https://acukwik.com/Airport-Info/5KY5
,Trigg County Hospital,Cadiz,KY ,USA,https://acukwik.com/Airport-Info/9KY8
,Crane Field,Cadott,WI ,USA,https://acukwik.com/Airport-Info/WI21
KCPS,St Louis Downtown,Cahokia/St Louis,IL ,USA,https://acukwik.com/Airport-Info/KCPS
KCIR,Cairo Regional,Cairo,IL ,USA,https://acukwik.com/Airport-Info/KCIR
,Cairo-Grady County,Cairo,GA ,USA,https://acukwik.com/Airport-Info/70J
,Nemo Coal Company,Cairo,MO ,USA,https://acukwik.com/Airport-Info/MU47
,Sunside,Cairo,NY ,USA,https://acukwik.com/Airport-Info/74NK
,Kidwell,Cal Nev Ari,NV ,USA,https://acukwik.com/Airport-Info/1L4
,Lost Hills Sheriff's Station,Calabasas,CA ,USA,https://acukwik.com/Airport-Info/05CA
,Station 125,Calabasas,CA ,USA,https://acukwik.com/Airport-Info/CL62
,Calais Regional,Calais,ME ,USA,https://acukwik.com/Airport-Info/46ME
,Calaveras Ehlf,Calaveras,TX ,USA,https://acukwik.com/Airport-Info/21XA
,Burleson County Hospital,Caldwell,TX ,USA,https://acukwik.com/Airport-Info/33TS
KEUL,Caldwell Exec,Caldwell,ID ,USA,https://acukwik.com/Airport-Info/KEUL
,Caldwell Municipal,Caldwell,KS ,USA,https://acukwik.com/Airport-Info/01K
KRWV,Caldwell Municipal,Caldwell,TX ,USA,https://acukwik.com/Airport-Info/KRWV
KCDW,Essex County,Caldwell,NJ ,USA,https://acukwik.com/Airport-Info/KCDW
,Hoskins Field,Caldwell,ID ,USA,https://acukwik.com/Airport-Info/63ID
,Hubler Field,Caldwell,ID ,USA,https://acukwik.com/Airport-Info/ID00
,Lauderdale,Caldwell,TX ,USA,https://acukwik.com/Airport-Info/49TA
,Noble County,Caldwell,OH ,USA,https://acukwik.com/Airport-Info/I10
,Weber Ranch,Caldwell,TX ,USA,https://acukwik.com/Airport-Info/7TA5
,West Valley Hospital,Caldwell,ID ,USA,https://acukwik.com/Airport-Info/ID80
,Galloway Landings,Caledonia,MI ,USA,https://acukwik.com/Airport-Info/MI93
KCHU,Houston County,Caledonia,MN ,USA,https://acukwik.com/Airport-Info/KCHU
,Lee Creek,Caledonia,IL ,USA,https://acukwik.com/Airport-Info/56IL
,Shockley Field,Caledonia,MS ,USA,https://acukwik.com/Airport-Info/2MS3
,Api Gateway,Calexico,CA ,USA,https://acukwik.com/Airport-Info/CN90
KCXL,Calexico International,Calexico,CA ,USA,https://acukwik.com/Airport-Info/KCXL
,Aero Bear Field,Calhan,CO ,USA,https://acukwik.com/Airport-Info/CD23
,Calhan,Calhan,CO ,USA,https://acukwik.com/Airport-Info/5V4
,Peyton,Calhan,CO ,USA,https://acukwik.com/Airport-Info/CD26
,Adventhealth Gordon,Calhoun,GA ,USA,https://acukwik.com/Airport-Info/GE02
,Curtis Parkway North,Calhoun,GA ,USA,https://acukwik.com/Airport-Info/99GA
,Moseley Field,Calhoun,KY ,USA,https://acukwik.com/Airport-Info/4KY4
KCZL,Tom B. David Field,Calhoun,GA ,USA,https://acukwik.com/Airport-Info/KCZL
,Woosley Field,Calhoun,KY ,USA,https://acukwik.com/Airport-Info/96KY
,Wade Field,Calhoun City,MS ,USA,https://acukwik.com/Airport-Info/MS76
,Calico Rock Municipal,Calico Rock,AR ,USA,https://acukwik.com/Airport-Info/37T
,Dils Medical Center,Caliente,NV ,USA,https://acukwik.com/Airport-Info/NV82
,Flying Pear Ranch,Caliente,CA ,USA,https://acukwik.com/Airport-Info/62CL
,Lions Emergency Evac,California,MO ,USA,https://acukwik.com/Airport-Info/48MO
,Moores Field,California,KY ,USA,https://acukwik.com/Airport-Info/89KY
,Phillips Field,California,MO ,USA,https://acukwik.com/Airport-Info/MO23
,Socks Flyers,California,KY ,USA,https://acukwik.com/Airport-Info/29KY
,California City Municipal,California City,CA ,USA,https://acukwik.com/Airport-Info/L71
,Calenergy Salton Sea,Calipatria,CA ,USA,https://acukwik.com/Airport-Info/CN70
KCLR,Cliff Hatfield Memorial,Calipatria,CA ,USA,https://acukwik.com/Airport-Info/KCLR
,Callaghan Ranch,Callaghan,TX ,USA,https://acukwik.com/Airport-Info/90TX
,Witthuhn,Callaway,NE ,USA,https://acukwik.com/Airport-Info/1NE2
,Foley,Callery,PA ,USA,https://acukwik.com/Airport-Info/PA43
,Paisano Ranch,Calliham,TX ,USA,https://acukwik.com/Airport-Info/91TX
,Harman,Calumet,OK ,USA,https://acukwik.com/Airport-Info/47OK
,Calverton Executive Airpark,Calverton,NY ,USA,https://acukwik.com/Airport-Info/3NY8
,Walnut Hill,Calverton,VA ,USA,https://acukwik.com/Airport-Info/58VA
,Lincoln Farms,Calvin,PA ,USA,https://acukwik.com/Airport-Info/5PN8
,Lobo Field,Calvin,OK ,USA,https://acukwik.com/Airport-Info/OL41
KCMA,Camarillo,Camarillo,CA ,USA,https://acukwik.com/Airport-Info/KCMA
,Grove Field,Camas,WA ,USA,https://acukwik.com/Airport-Info/1W1
,Sampson,Camas,WA ,USA,https://acukwik.com/Airport-Info/6WA1
,Arrow 's' Ranch,Cambellton,TX ,USA,https://acukwik.com/Airport-Info/TE26
,Rancho San Simeon,Cambria,CA ,USA,https://acukwik.com/Airport-Info/66CA
,Big Oak Farm,Cambridge,MD ,USA,https://acukwik.com/Airport-Info/1MD1
,Cambridge Medical Center,Cambridge,MN ,USA,https://acukwik.com/Airport-Info/2MY3
,Cambridge Memorial Hospital,Cambridge,NE ,USA,https://acukwik.com/Airport-Info/79NE
KCBG,Cambridge Municipal,Cambridge,MN ,USA,https://acukwik.com/Airport-Info/KCBG
KCDI,Cambridge Municipal,Cambridge,OH ,USA,https://acukwik.com/Airport-Info/KCDI
KCSB,Cambridge Municipal,Cambridge,NE ,USA,https://acukwik.com/Airport-Info/KCSB
KCGE,Cambridge-Dorchester Regional,Cambridge,MD ,USA,https://acukwik.com/Airport-Info/KCGE
,Chapin Field,Cambridge,NY ,USA,https://acukwik.com/Airport-Info/1B8
,Cuddy Meadows,Cambridge,ID ,USA,https://acukwik.com/Airport-Info/ID77
,Dorchester General Hospital,Cambridge,MD ,USA,https://acukwik.com/Airport-Info/MD33
,Greenfield Hill,Cambridge,ME ,USA,https://acukwik.com/Airport-Info/ME70
,Gregory,Cambridge,MN ,USA,https://acukwik.com/Airport-Info/02MN
,Hilltop,Cambridge,OH ,USA,https://acukwik.com/Airport-Info/2OA6
,Pokety,Cambridge,MD ,USA,https://acukwik.com/Airport-Info/3MD8
,Ragged Island,Cambridge,MD ,USA,https://acukwik.com/Airport-Info/MD82
,Rossneck,Cambridge,MD ,USA,https://acukwik.com/Airport-Info/MD04
,Taildragger,Cambridge,OH ,USA,https://acukwik.com/Airport-Info/OA00
,Tank,Cambridge,OH ,USA,https://acukwik.com/Airport-Info/OI98
,Troll Farm,Cambridge,MN ,USA,https://acukwik.com/Airport-Info/9MN1
,Umm Shore Medical Center At Cambridge,Cambridge,MD ,USA,https://acukwik.com/Airport-Info/29MD
,Gravel Run,Cambridge Springs,PA ,USA,https://acukwik.com/Airport-Info/3PN6
,Morton's,Cambridge Springs,PA ,USA,https://acukwik.com/Airport-Info/PS64
,76ers Camden,Camden,NJ ,USA,https://acukwik.com/Airport-Info/71NJ
,Bald Mountain,Camden,ME ,USA,https://acukwik.com/Airport-Info/ME14
,Benton County,Camden,TN ,USA,https://acukwik.com/Airport-Info/0M4
,Camden Municipal,Camden,AL ,USA,https://acukwik.com/Airport-Info/61A
,Camden Tower,Camden,NJ ,USA,https://acukwik.com/Airport-Info/NJ02
,Campbell Soup,Camden,NJ ,USA,https://acukwik.com/Airport-Info/NJ01
,Cooper Kelemen,Camden,NJ ,USA,https://acukwik.com/Airport-Info/NJ17
,Express Marine,Camden,NJ ,USA,https://acukwik.com/Airport-Info/50NJ
,Hargrove,Camden,NJ ,USA,https://acukwik.com/Airport-Info/2JY9
KCDH,Harrell Field,Camden,AR ,USA,https://acukwik.com/Airport-Info/KCDH
,Joe Cimprich,Camden,OH ,USA,https://acukwik.com/Airport-Info/90OI
,Kershaw Health Medical Center,Camden,SC ,USA,https://acukwik.com/Airport-Info/35SC
,Meadowlark,Camden,TN ,USA,https://acukwik.com/Airport-Info/9TN2
,Ouachita County Medical Center,Camden,AR ,USA,https://acukwik.com/Airport-Info/AR42
,Valley Regional,Camden,TN ,USA,https://acukwik.com/Airport-Info/6TN8
,Virtua Our Lady Of Lourdes Hospital,Camden,NJ ,USA,https://acukwik.com/Airport-Info/JY64
KCDN,Woodward Field,Camden,SC ,USA,https://acukwik.com/Airport-Info/KCDN
KOZS,Camdenton Memorial-Lake Regional,Camdenton,MO ,USA,https://acukwik.com/Airport-Info/KOZS
,Mistwood,Camdenton,MO ,USA,https://acukwik.com/Airport-Info/24MO
,Cagc Dock,Cameron,LA ,USA,https://acukwik.com/Airport-Info/LA78
KEZZ,Cameron Memorial,Cameron,MO ,USA,https://acukwik.com/Airport-Info/KEZZ
,Cameron Municipal Airpark,Cameron,TX ,USA,https://acukwik.com/Airport-Info/T35
,Cameron Regional Medical Center,Cameron,MO ,USA,https://acukwik.com/Airport-Info/82MO
,Cameron Shore Base,Cameron,LA ,USA,https://acukwik.com/Airport-Info/LS75
,Ccc,Cameron,MO ,USA,https://acukwik.com/Airport-Info/MO27
,Dean Field,Cameron,NC ,USA,https://acukwik.com/Airport-Info/8NC1
,Evergreen,Cameron,LA ,USA,https://acukwik.com/Airport-Info/13LA
,John W Stone Oil Distributor Llc,Cameron,LA ,USA,https://acukwik.com/Airport-Info/32LA
,Mc Neil,Cameron,SC ,USA,https://acukwik.com/Airport-Info/SC03
,Midstream Cameron West,Cameron,LA ,USA,https://acukwik.com/Airport-Info/24LS
,Montfort Ranch,Cameron,MT ,USA,https://acukwik.com/Airport-Info/MT68
,Randall's Roost,Cameron,NY ,USA,https://acukwik.com/Airport-Info/NY34
,Rooster Field,Cameron,NC ,USA,https://acukwik.com/Airport-Info/84NC
,Cameron Park ,Cameron Park,CA ,USA,https://acukwik.com/Airport-Info/O61
KCXU,Camilla-Mitchell County,Camilla,GA ,USA,https://acukwik.com/Airport-Info/KCXU
,Camillus,Camillus,NY ,USA,https://acukwik.com/Airport-Info/NY25
,Onondaga County Sheriff's Department,Camillus,NY ,USA,https://acukwik.com/Airport-Info/NK55
,Camp Blanding AAF (Camp Blanding Mil Reservation),Camp Blanding Mil Res (Starke),FL ,USA,https://acukwik.com/Airport-Info/2CB
,Camp Crook Municipal,Camp Crook,SD ,USA,https://acukwik.com/Airport-Info/8OA5
,Sky Ranch For Boys,Camp Crook,SD ,USA,https://acukwik.com/Airport-Info/SD33
,Tennant Ranch,Camp Crook,SD ,USA,https://acukwik.com/Airport-Info/SD76
,Dawson AAF,Camp Dawson (Kingwood),WV ,USA,https://acukwik.com/Airport-Info/3G5
KVOK,Volk Field,Camp Douglas,WI ,USA,https://acukwik.com/Airport-Info/KVOK
,Camp Lake,Camp Lake,WI ,USA,https://acukwik.com/Airport-Info/49C
KHFF,Mackall AAF,Camp Mackall,NC ,USA,https://acukwik.com/Airport-Info/KHFF
PHSF,Bradshaw AAF,Camp Pohakuloa,HI ,USA,https://acukwik.com/Airport-Info/PHSF
KRYM,Ray S Miller Aaf,Camp Ripley,MN ,USA,https://acukwik.com/Airport-Info/KRYM
,Mc Millan,Camp Roberts,CA ,USA,https://acukwik.com/Airport-Info/CA62
KSYL,Roberts AHP,Camp Roberts/San Miguel,CA ,USA,https://acukwik.com/Airport-Info/KSYL
KRBM,Robinson AAF (Camp Robinson),Camp Robinson/Little Rock,AR ,USA,https://acukwik.com/Airport-Info/KRBM
KCSL,O'sullivan Ahp,Camp San Luis Obispo,CA ,USA,https://acukwik.com/Airport-Info/KCSL
KSLJ,Hagler Army,Camp Shelby,MS ,USA,https://acukwik.com/Airport-Info/KSLJ
,Shelby Auxiliary Field One,Camp Shelby,MS ,USA,https://acukwik.com/Airport-Info/SH1
KADW,Joint Base Andrews,Camp Springs,MD ,USA,https://acukwik.com/Airport-Info/KADW
,Montezuma,Camp Verde,AZ ,USA,https://acukwik.com/Airport-Info/19AZ
,Yat,Camp Verde,AZ ,USA,https://acukwik.com/Airport-Info/01AZ
,Fossil Creek Ranch,Camp Wood,TX ,USA,https://acukwik.com/Airport-Info/TE78
,Yolo Ranch,Camp Wood,AZ ,USA,https://acukwik.com/Airport-Info/33AZ
,Campbell Municipal,Campbell,MO ,USA,https://acukwik.com/Airport-Info/34M
,Glenmar,Campbell,TX ,USA,https://acukwik.com/Airport-Info/TS11
,Nebraskaland Aviation,Campbell,NE ,USA,https://acukwik.com/Airport-Info/30NE
,Olympus,Campbell,TX ,USA,https://acukwik.com/Airport-Info/38TT
,Volo Ranch,Campbell,TX ,USA,https://acukwik.com/Airport-Info/XA00
,Airborne Acres,Campbellsville,TN ,USA,https://acukwik.com/Airport-Info/94TN
KAAS,Taylor County,Campbellsville,KY ,USA,https://acukwik.com/Airport-Info/KAAS
,Taylor Regional Hospital,Campbellsville,KY ,USA,https://acukwik.com/Airport-Info/2KY7
,74 Ranch,Campbellton,TX ,USA,https://acukwik.com/Airport-Info/0XA5
,Aero Acres,Campus,IL ,USA,https://acukwik.com/Airport-Info/IL51
,Moore Airfield,Canaan,NH ,USA,https://acukwik.com/Airport-Info/01NH
,Flying Dollar,Canadensis,PA ,USA,https://acukwik.com/Airport-Info/8N4
,Carlton Landing Field,Canadian,OK ,USA,https://acukwik.com/Airport-Info/91F
,En Gedi Ranch,Canadian,TX ,USA,https://acukwik.com/Airport-Info/XA96
,Flap-Air Helicopter Services,Canadian,TX ,USA,https://acukwik.com/Airport-Info/5XA2
KHHF,Hemphill County,Canadian,TX ,USA,https://acukwik.com/Airport-Info/KHHF
,Mathers Field,Canadian,TX ,USA,https://acukwik.com/Airport-Info/14TT
,Split B Ranch,Canadian,TX ,USA,https://acukwik.com/Airport-Info/TE04
,Coye Field,Canadice,NY ,USA,https://acukwik.com/Airport-Info/30NY
,Russell,Canajoharie,NY ,USA,https://acukwik.com/Airport-Info/NY51
,Canal Fulton,Canal Fulton,OH ,USA,https://acukwik.com/Airport-Info/7OH2
KIUA,Canandaigua,Canandaigua,NY ,USA,https://acukwik.com/Airport-Info/KIUA
,Hopewell Airpark,Canandaigua,NY ,USA,https://acukwik.com/Airport-Info/90NY
,Miller,Canastota,NY ,USA,https://acukwik.com/Airport-Info/3NY1
,Compton,Canby,OR ,USA,https://acukwik.com/Airport-Info/44OR
,Dietz Airpark,Canby,OR ,USA,https://acukwik.com/Airport-Info/OR40
KCNB,Myers Field,Canby,MN ,USA,https://acukwik.com/Airport-Info/KCNB
,Sanford Canby Medical Center,Canby,MN ,USA,https://acukwik.com/Airport-Info/91MN
,Workman Airpark,Canby,OR ,USA,https://acukwik.com/Airport-Info/OR41
,Candelaria,Candelaria,TX ,USA,https://acukwik.com/Airport-Info/XA95
,Brady-Candia,Candia,NH ,USA,https://acukwik.com/Airport-Info/NH98
,Candle 2,Candle,AK ,USA,https://acukwik.com/Airport-Info/AK75
,Meyers,Candler,NC ,USA,https://acukwik.com/Airport-Info/N39
,Cando Municipal,Cando,ND ,USA,https://acukwik.com/Airport-Info/9D7
,Towner County Medical Center,Cando,ND ,USA,https://acukwik.com/Airport-Info/ND28
,Caney Municipal Hospital Helicopter Pad,Caney,KS ,USA,https://acukwik.com/Airport-Info/SN11
,Flying E Ranch,Caney,OK ,USA,https://acukwik.com/Airport-Info/OK16
,Brocker Field,Canfield,OH ,USA,https://acukwik.com/Airport-Info/4OI8
,Mahoning County Joint Vocational School,Canfield,OH ,USA,https://acukwik.com/Airport-Info/7OH5
,Stafford,Cankton,LA ,USA,https://acukwik.com/Airport-Info/0LS5
,Cannon Falls Medical Center,Cannon Falls,MN ,USA,https://acukwik.com/Airport-Info/3MN8
,Hughes/Canoga Park,Canoga Park,CA ,USA,https://acukwik.com/Airport-Info/CN27
,Franklin-Hart,Canon,GA ,USA,https://acukwik.com/Airport-Info/18A
,Brown's Fort,Canon City,CO ,USA,https://acukwik.com/Airport-Info/CO63
,Fremont County,Canon City,CO ,USA,https://acukwik.com/Airport-Info/1V6
,Fremont Peak,Canon City,CO ,USA,https://acukwik.com/Airport-Info/8CO3
,Allegheny Hospitals Canonsburg,Canonsburg,PA ,USA,https://acukwik.com/Airport-Info/PA67
,Cast & Baker,Canonsburg,PA ,USA,https://acukwik.com/Airport-Info/PA59
,Aultman Hospital,Canton,OH ,USA,https://acukwik.com/Airport-Info/OI65
,Big Sandy Landing,Canton,NC ,USA,https://acukwik.com/Airport-Info/82NR
,Canton Municipal,Canton,SD ,USA,https://acukwik.com/Airport-Info/7G9
KCNI,Cherokee County Regional,Canton,GA ,USA,https://acukwik.com/Airport-Info/KCNI
,Cloud 9,Canton,MS ,USA,https://acukwik.com/Airport-Info/7MS4
,Eagle Crest Estates,Canton,MS ,USA,https://acukwik.com/Airport-Info/7MS1
,Goode Field,Canton,TX ,USA,https://acukwik.com/Airport-Info/TX43
,Graham Hospital,Canton,IL ,USA,https://acukwik.com/Airport-Info/97IL
,Hurlbut Field,Canton,NY ,USA,https://acukwik.com/Airport-Info/NY07
KCTK,Ingersoll,Canton,IL ,USA,https://acukwik.com/Airport-Info/KCTK
,Knight Trow Ranch,Canton,TX ,USA,https://acukwik.com/Airport-Info/80XA
,Lockeridge,Canton,OH ,USA,https://acukwik.com/Airport-Info/OI58
,Mercy Medical Center,Canton,OH ,USA,https://acukwik.com/Airport-Info/52OI
,Mother Frances-Canton,Canton,TX ,USA,https://acukwik.com/Airport-Info/XA97
,Northside Hospital-Cherokee,Canton,GA ,USA,https://acukwik.com/Airport-Info/8GE8
,Pace Airstrip,Canton,MS ,USA,https://acukwik.com/Airport-Info/MS29
,Providence Airpark,Canton,MS ,USA,https://acukwik.com/Airport-Info/4MS9
,Rhines Roost,Canton,TX ,USA,https://acukwik.com/Airport-Info/91TA
,Stark County Sheriff,Canton,OH ,USA,https://acukwik.com/Airport-Info/5D1
,Stoe Creek Farm,Canton,NJ ,USA,https://acukwik.com/Airport-Info/7NJ2
,Supplejack,Canton,MS ,USA,https://acukwik.com/Airport-Info/MS36
,Thompson Field,Canton,TX ,USA,https://acukwik.com/Airport-Info/1TA7
,Vogt's Vista,Canton,TX ,USA,https://acukwik.com/Airport-Info/TT73
PATW,Cantwell,Cantwell,AK ,USA,https://acukwik.com/Airport-Info/PATW
,Golden North Airfield,Cantwell,AK ,USA,https://acukwik.com/Airport-Info/15AK
,Canyon Lake,Canyon Lake,TX ,USA,https://acukwik.com/Airport-Info/34TS
,G3 Ranch,Capay,CA ,USA,https://acukwik.com/Airport-Info/63CL
,Star Hill Golf Club,Cape Carteret,NC ,USA,https://acukwik.com/Airport-Info/60NC
,Triple M,Cape Carteret,NC ,USA,https://acukwik.com/Airport-Info/4NC5
,Bull Farm,Cape Charles,VA ,USA,https://acukwik.com/Airport-Info/VG33
,Earth,Cape Charles,VA ,USA,https://acukwik.com/Airport-Info/VG39
,Point Farm,Cape Charles,VA ,USA,https://acukwik.com/Airport-Info/VA84
,Scott Farm Strip,Cape Charles,VA ,USA,https://acukwik.com/Airport-Info/VG30
,Starbase,Cape Charles,VA ,USA,https://acukwik.com/Airport-Info/VG09
,Bokeelia Helistop,Cape Coral,FL ,USA,https://acukwik.com/Airport-Info/5FD8
,Cape Coral Hospital,Cape Coral,FL ,USA,https://acukwik.com/Airport-Info/FD66
,St James Helistop,Cape Coral,FL ,USA,https://acukwik.com/Airport-Info/5FD9
,Cape Decision Lighthouse,Cape Decision,AK ,USA,https://acukwik.com/Airport-Info/CDE
KCGI,Cape Girardeau Regional,Cape Girardeau,MO ,USA,https://acukwik.com/Airport-Info/KCGI
,Southeast Health,Cape Girardeau,MO ,USA,https://acukwik.com/Airport-Info/MU10
,St Francis Medical Center,Cape Girardeau,MO ,USA,https://acukwik.com/Airport-Info/MO50
PALU,Cape Lisburne LRRS,Cape Lisburne,AK ,USA,https://acukwik.com/Airport-Info/PALU
,Cape Regional Medical Center,Cape May Court House,NJ ,USA,https://acukwik.com/Airport-Info/26NJ
,Stone Harbor Golf Club,Cape May Court House,NJ ,USA,https://acukwik.com/Airport-Info/NJ08
,Cape Pole,Cape Pole,AK ,USA,https://acukwik.com/Airport-Info/Z71
PACZ,Cape Romanzof LRRS,Cape Romanzof,AK ,USA,https://acukwik.com/Airport-Info/PACZ
PACS,Cape Sarichef,Cape Sarichef,AK ,USA,https://acukwik.com/Airport-Info/PACS
PACA,Cape Spencer C G,Cape Spencer,AK ,USA,https://acukwik.com/Airport-Info/PACA
,G Bar F Ranch,Capitan,NM ,USA,https://acukwik.com/Airport-Info/NM84
,River's Edge Farm,Capon Bridge,WV ,USA,https://acukwik.com/Airport-Info/38WV
,Pine Hill,Capron,IL ,USA,https://acukwik.com/Airport-Info/09LL
,Sd Aero,Capron,IL ,USA,https://acukwik.com/Airport-Info/LL28
,Cosklos Elkview,Carbondale,PA ,USA,https://acukwik.com/Airport-Info/PA53
,Glen-Aspen,Carbondale,CO ,USA,https://acukwik.com/Airport-Info/4CO0
,Kellachows,Carbondale,PA ,USA,https://acukwik.com/Airport-Info/PA54
,Malinchak Pvt,Carbondale,PA ,USA,https://acukwik.com/Airport-Info/9PN8
,Memorial Hosp Of Carbondale,Carbondale,IL ,USA,https://acukwik.com/Airport-Info/5IS1
,Turnberry Ranch,Carbondale,CO ,USA,https://acukwik.com/Airport-Info/2CD7
KMDH,Southern Illinois,Carbondale/Murphysboro,IL ,USA,https://acukwik.com/Airport-Info/KMDH
,My Place,Cardington,OH ,USA,https://acukwik.com/Airport-Info/3OH7
,South Boulder,Cardwell,MT ,USA,https://acukwik.com/Airport-Info/2MT8
,Bartlett Dam,Carefree,AZ ,USA,https://acukwik.com/Airport-Info/AZ51
,Horseshoe Dam,Carefree,AZ ,USA,https://acukwik.com/Airport-Info/AZ52
,Sky Ranch At Carefree,Carefree,AZ ,USA,https://acukwik.com/Airport-Info/18AZ
,The Boulders,Carefree,AZ ,USA,https://acukwik.com/Airport-Info/AZ91
,Omni,Carencro,LA ,USA,https://acukwik.com/Airport-Info/LS13
,Carey,Carey,ID ,USA,https://acukwik.com/Airport-Info/U65
,Hollow Top,Carey,ID ,USA,https://acukwik.com/Airport-Info/0U7
KCAR,Caribou Municipal,Caribou,ME ,USA,https://acukwik.com/Airport-Info/KCAR
,Cook,Carl Junction,MO ,USA,https://acukwik.com/Airport-Info/25MO
,Jta Asbell Field,Carl Junction,MO ,USA,https://acukwik.com/Airport-Info/MO22
,Buzzwick,Carleton,MI ,USA,https://acukwik.com/Airport-Info/W87
,Four Star,Carleton,MI ,USA,https://acukwik.com/Airport-Info/0MI7
,Carlinville Area Hospital,Carlinville,IL ,USA,https://acukwik.com/Airport-Info/44LL
,Carlisle,Carlisle,PA ,USA,https://acukwik.com/Airport-Info/N94
,Carlisle Barracks,Carlisle,PA ,USA,https://acukwik.com/Airport-Info/N95
,Carlisle Municipal,Carlisle,AR ,USA,https://acukwik.com/Airport-Info/4M3
,Nicholas County Hospital,Carlisle,KY ,USA,https://acukwik.com/Airport-Info/7KY1
,North Middlesex,Carlisle,PA ,USA,https://acukwik.com/Airport-Info/6PS6
,Ridgway Flying Service,Carlisle,IN ,USA,https://acukwik.com/Airport-Info/II30
,Upmc Carlisle,Carlisle,PA ,USA,https://acukwik.com/Airport-Info/21PN
,Careflight 25,Carlsbad,NM ,USA,https://acukwik.com/Airport-Info/NM95
KCRQ,Carlsbad/McClellan-Palomar,Carlsbad,CA ,USA,https://acukwik.com/Airport-Info/KCRQ
KCNM,Cavern City Air Terminal,Carlsbad,NM ,USA,https://acukwik.com/Airport-Info/KCNM
,Beaver Creek Lodge,Carlton,GA ,USA,https://acukwik.com/Airport-Info/25GE
,Clarion North Medical Center,Carmel,IN ,USA,https://acukwik.com/Airport-Info/IN73
,Massaro,Carmel,NY ,USA,https://acukwik.com/Airport-Info/96NY
,Flying Coyote Ranch,Carmen,ID ,USA,https://acukwik.com/Airport-Info/ID50
KCUL,Carmi Municipal,Carmi,IL ,USA,https://acukwik.com/Airport-Info/KCUL
,Mercy San Juan Hospital,Carmichael,CA ,USA,https://acukwik.com/Airport-Info/4CL5
,Blomster Field,Carmichaels,PA ,USA,https://acukwik.com/Airport-Info/5PA0
,Sands Hill,Carmine,TX ,USA,https://acukwik.com/Airport-Info/27TX
,Carnegie Municipal,Carnegie,OK ,USA,https://acukwik.com/Airport-Info/86F
,Carnegie Municipal Hospital,Carnegie,OK ,USA,https://acukwik.com/Airport-Info/OL07
,Broad River Air Park,Carnesville,GA ,USA,https://acukwik.com/Airport-Info/3GE3
,Hudson River Landing,Carnesville,GA ,USA,https://acukwik.com/Airport-Info/33GA
KCFS,Tuscola Area,Caro,MI ,USA,https://acukwik.com/Airport-Info/KCFS
,Twin Airpark,Caroleen,NC ,USA,https://acukwik.com/Airport-Info/8NC2
,Pilots Ridge,Carolina Beach,NC ,USA,https://acukwik.com/Airport-Info/03NC
,Morrison,Carpenter,WY ,USA,https://acukwik.com/Airport-Info/WY02
,Dcor Platform Habitat,Carpinteria,CA ,USA,https://acukwik.com/Airport-Info/49CA
,Platform Henry,Carpinteria,CA ,USA,https://acukwik.com/Airport-Info/8CA7
,Platform Hillhouse,Carpinteria,CA ,USA,https://acukwik.com/Airport-Info/33CN
,Big View,Carr,CO ,USA,https://acukwik.com/Airport-Info/CO67
,Black Hollow,Carr,CO ,USA,https://acukwik.com/Airport-Info/5CO5
,Sugarloaf Regional,Carrabassett,ME ,USA,https://acukwik.com/Airport-Info/B21
,Carrabelle-Thompson,Carrabelle,FL ,USA,https://acukwik.com/Airport-Info/X13
,Dog Island,Carrabelle,FL ,USA,https://acukwik.com/Airport-Info/FA43
,Black I Ranch,Carrier,OK ,USA,https://acukwik.com/Airport-Info/8OK4
,Tlc,Carrier,OK ,USA,https://acukwik.com/Airport-Info/OK71
,Greener Pastures Airpark,Carriere,MS ,USA,https://acukwik.com/Airport-Info/13MS
,Carrington Municipal,Carrington,ND ,USA,https://acukwik.com/Airport-Info/46D
,Chupadera Ranch,Carrizo Springs,TX ,USA,https://acukwik.com/Airport-Info/95TX
,Dentonio Ranch,Carrizo Springs,TX ,USA,https://acukwik.com/Airport-Info/1TS6
KCZT,Dimmit County,Carrizo Springs,TX ,USA,https://acukwik.com/Airport-Info/KCZT
,Faith Ranch,Carrizo Springs,TX ,USA,https://acukwik.com/Airport-Info/XA89
,Indio-Faith,Carrizo Springs,TX ,USA,https://acukwik.com/Airport-Info/2XS2
,San Pedro Ranch,Carrizo Springs,TX ,USA,https://acukwik.com/Airport-Info/97TX
,Carrizozo Municipal,Carrizozo,NM ,USA,https://acukwik.com/Airport-Info/F37
KCIN,Arthur N Neu,Carroll,IA ,USA,https://acukwik.com/Airport-Info/KCIN
,St Anthony Regional Hospital,Carroll,IA ,USA,https://acukwik.com/Airport-Info/0IA1
,Boyd Hospital,Carrollton,IL ,USA,https://acukwik.com/Airport-Info/5IS2
,C&r Farm,Carrollton,GA ,USA,https://acukwik.com/Airport-Info/78GA
,Carroll County Hospital,Carrollton,KY ,USA,https://acukwik.com/Airport-Info/3KY5
KTSO,Carroll County-Tolson,Carrollton,OH ,USA,https://acukwik.com/Airport-Info/KTSO
,Carrollton Memorial,Carrollton,MO ,USA,https://acukwik.com/Airport-Info/K26
,Carrollton Regional Medical Center,Carrollton,TX ,USA,https://acukwik.com/Airport-Info/4XS4
,Craw Daddy Landing,Carrollton,KY ,USA,https://acukwik.com/Airport-Info/3KY4
,Falcons Aerie,Carrollton,GA ,USA,https://acukwik.com/Airport-Info/8GA8
,Flying W Farms,Carrollton,GA ,USA,https://acukwik.com/Airport-Info/6GA8
,Hibbetts,Carrollton,OH ,USA,https://acukwik.com/Airport-Info/OI11
,Hig,Carrollton,TX ,USA,https://acukwik.com/Airport-Info/TE79
,Opela,Carrollton,TX ,USA,https://acukwik.com/Airport-Info/80TE
,Parsons,Carrollton,OH ,USA,https://acukwik.com/Airport-Info/5D6
,Pickens County Medical Center,Carrollton,AL ,USA,https://acukwik.com/Airport-Info/AL01
,Rayworth Landing,Carrollton,GA ,USA,https://acukwik.com/Airport-Info/5GA9
,Tanner Medical Center,Carrollton,GA ,USA,https://acukwik.com/Airport-Info/3GA2
KCTJ,West Georgia Regional - O V Gray Field,Carrollton,GA ,USA,https://acukwik.com/Airport-Info/KCTJ
,Wilson Airstrip,Carrollton,GA ,USA,https://acukwik.com/Airport-Info/27GA
,Carson Sheriff Station,Carson,CA ,USA,https://acukwik.com/Airport-Info/7L1
,Goodyear Blimp Base,Carson,CA ,USA,https://acukwik.com/Airport-Info/64CL
,Volkens Field,Carson,IA ,USA,https://acukwik.com/Airport-Info/97IA
KCXP,Carson City,Carson City,NV ,USA,https://acukwik.com/Airport-Info/KCXP
,Carson City Hospital,Carson City,MI ,USA,https://acukwik.com/Airport-Info/40MI
,Carson-Tahoe Hospital,Carson City,NV ,USA,https://acukwik.com/Airport-Info/NV60
,Carson-Tahoe Regional Medical Center,Carson City,NV ,USA,https://acukwik.com/Airport-Info/NV15
,Parker Carson,Carson City,NV ,USA,https://acukwik.com/Airport-Info/25NV
,Carsonville,Carsonville,PA ,USA,https://acukwik.com/Airport-Info/0PS3
,Mafrige Ranch Inc,Carta Valley,TX ,USA,https://acukwik.com/Airport-Info/2TA9
,Martin Ranch,Carta Valley,TX ,USA,https://acukwik.com/Airport-Info/65TS
KVPC,Cartersville,Cartersville,GA ,USA,https://acukwik.com/Airport-Info/KVPC
,Barlet's Base,Carthage,MO ,USA,https://acukwik.com/Airport-Info/MO33
,Carthage-Leake County,Carthage,MS ,USA,https://acukwik.com/Airport-Info/08M
,Countryman's Landing Strip,Carthage,NY ,USA,https://acukwik.com/Airport-Info/NK01
,Gilliam - Mc Connell Airfield,Carthage,NC ,USA,https://acukwik.com/Airport-Info/BQ1
,Jolly Field,Carthage,MS ,USA,https://acukwik.com/Airport-Info/27MS
,Lee's Flying Park,Carthage,MO ,USA,https://acukwik.com/Airport-Info/2MO6
,Mc Pherson,Carthage,IL ,USA,https://acukwik.com/Airport-Info/5IS9
,Memorial Hospital,Carthage,IL ,USA,https://acukwik.com/Airport-Info/IL50
,Mercy Carthage,Carthage,MO ,USA,https://acukwik.com/Airport-Info/38MU
,Nimsick,Carthage,MO ,USA,https://acukwik.com/Airport-Info/3MO5
,Panola County-Sharpe Field,Carthage,TX ,USA,https://acukwik.com/Airport-Info/4F2
,Route 66 Airfield,Carthage,MO ,USA,https://acukwik.com/Airport-Info/27MO
,Schilson Field,Carthage,IL ,USA,https://acukwik.com/Airport-Info/IS51
,Seiferd Field,Carthage,MO ,USA,https://acukwik.com/Airport-Info/80MO
,Small Field,Carthage,IN ,USA,https://acukwik.com/Airport-Info/IN81
,Tobacco Road,Carthage,NC ,USA,https://acukwik.com/Airport-Info/NR88
,UT Health East Texas Carthage Hospital,Carthage,TX ,USA,https://acukwik.com/Airport-Info/0TX3
,Williams,Carthage,IL ,USA,https://acukwik.com/Airport-Info/IL52
,Al Divine,Caruthers,CA ,USA,https://acukwik.com/Airport-Info/65CL
,Caruthersville Memorial,Caruthersville,MO ,USA,https://acukwik.com/Airport-Info/M05
,Double A,Carver,MA ,USA,https://acukwik.com/Airport-Info/5MA4
,Moore Dogs,Carver,MA ,USA,https://acukwik.com/Airport-Info/MA34
,Wayne West,Carver,MA ,USA,https://acukwik.com/Airport-Info/9MA8
,Damien,Carville,LA ,USA,https://acukwik.com/Airport-Info/03LA
,Wakemed Cary Hospital,Cary,NC ,USA,https://acukwik.com/Airport-Info/04NC
,Pate Lake,Caryville,FL ,USA,https://acukwik.com/Airport-Info/FL04
KCGZ,Casa Grande Municipal,Casa Grande,AZ ,USA,https://acukwik.com/Airport-Info/KCGZ
,Bens Ranch,Cascade,ID ,USA,https://acukwik.com/Airport-Info/ID31
,Cascade,Cascade,ID ,USA,https://acukwik.com/Airport-Info/U70
,Cascade Field,Cascade,MT ,USA,https://acukwik.com/Airport-Info/3MT7
,Cascade Medical Center,Cascade,ID ,USA,https://acukwik.com/Airport-Info/ID55
,Deadwood Dam Airstrip,Cascade,ID ,USA,https://acukwik.com/Airport-Info/ID86
,Hidden Lakes,Cascade,ID ,USA,https://acukwik.com/Airport-Info/ID44
,High Valley,Cascade,ID ,USA,https://acukwik.com/Airport-Info/ID35
,Morgan Ranch,Cascade,ID ,USA,https://acukwik.com/Airport-Info/02ID
,Sulphur Creek Ranch,Cascade,ID ,USA,https://acukwik.com/Airport-Info/ID74
KCZK,Cascade Locks State,Cascade Locks,OR ,USA,https://acukwik.com/Airport-Info/KCZK
,Casey Municipal,Casey,IL ,USA,https://acukwik.com/Airport-Info/1H8
,Over The Top Aviation,Cash,AR ,USA,https://acukwik.com/Airport-Info/9AR9
,Chinquapin,Cashiers,NC ,USA,https://acukwik.com/Airport-Info/3NC8
,Chuck's,Cashion,OK ,USA,https://acukwik.com/Airport-Info/4OK6
,Jirik Field,Cashion,OK ,USA,https://acukwik.com/Airport-Info/OL23
,Lockhart Field,Cashion,OK ,USA,https://acukwik.com/Airport-Info/85OK
,Winding Creek,Cashion,OK ,USA,https://acukwik.com/Airport-Info/56OK
,Cascade,Cashmere,WA ,USA,https://acukwik.com/Airport-Info/WA98
,Cashmere-Dryden,Cashmere,WA ,USA,https://acukwik.com/Airport-Info/8S2
,American Falconry,Casper,WY ,USA,https://acukwik.com/Airport-Info/45WY
KCPR,Casper/Natrona County International,Casper,WY ,USA,https://acukwik.com/Airport-Info/KCPR
KHAD,Irwins Sky Ranch,Casper,WY ,USA,https://acukwik.com/Airport-Info/KHAD
,Mountain View Regional Hospital,Casper,WY ,USA,https://acukwik.com/Airport-Info/00WY
,True,Casper,WY ,USA,https://acukwik.com/Airport-Info/WY47
,Wyoming Medical Center,Casper,WY ,USA,https://acukwik.com/Airport-Info/WY57
,Cass Lake Indian Health Services,Cass Lake,MN ,USA,https://acukwik.com/Airport-Info/8MN8
,Spaulding Aerodrome,Cassadaga,NY ,USA,https://acukwik.com/Airport-Info/28NY
,Casselton Robert Miller Regional,Casselton,ND ,USA,https://acukwik.com/Airport-Info/5N8
,Cassville Municipal,Cassville,WI ,USA,https://acukwik.com/Airport-Info/C74
,Cassville Municipal,Cassville,MO ,USA,https://acukwik.com/Airport-Info/94K
,Colliers Mills,Cassville,NJ ,USA,https://acukwik.com/Airport-Info/36NJ
,Mercy Health Cassville,Cassville,MO ,USA,https://acukwik.com/Airport-Info/MU28
,Schrenkel,Cassville,PA ,USA,https://acukwik.com/Airport-Info/PN30
,Castaic Dam,Castaic,CA ,USA,https://acukwik.com/Airport-Info/CL63
,Mather Field,Castalia,OH ,USA,https://acukwik.com/Airport-Info/1OH3
,210 Investors,Castle Hayne,NC ,USA,https://acukwik.com/Airport-Info/9NR9
,New Hanover County Sheriff's Office,Castle Hayne,NC ,USA,https://acukwik.com/Airport-Info/25NR
,Castle Rock Adventist Health Campus,Castle Rock,CO ,USA,https://acukwik.com/Airport-Info/50CO
,Kelgun,Castle Rock,CO ,USA,https://acukwik.com/Airport-Info/4CO8
,Rampart,Castle Rock,CO ,USA,https://acukwik.com/Airport-Info/84CO
,Red Canyon Ranch,Castle Rock,CO ,USA,https://acukwik.com/Airport-Info/CD24
,Mortimer Brown Landing,Castleton,VT ,USA,https://acukwik.com/Airport-Info/1VT8
,Sutter Medical Center Castro Valley,Castro Valley,CA ,USA,https://acukwik.com/Airport-Info/0CA1
KCVB,Castroville Municipal,Castroville,TX ,USA,https://acukwik.com/Airport-Info/KCVB
,T-Ranch,Castroville,TX ,USA,https://acukwik.com/Airport-Info/XS86
,Weiblen,Castroville,TX ,USA,https://acukwik.com/Airport-Info/TE13
,Bella Vista Ranch,Catarina,TX ,USA,https://acukwik.com/Airport-Info/9TS3
,Briggs Ranch,Catarina,TX ,USA,https://acukwik.com/Airport-Info/99TX
,Briscoes Catarina Ranch,Catarina,TX ,USA,https://acukwik.com/Airport-Info/1TE1
,Harrison Piloncillo Ranch,Catarina,TX ,USA,https://acukwik.com/Airport-Info/TE27
,San Ysidro Ranch,Catarina,TX ,USA,https://acukwik.com/Airport-Info/TS40
,Wildlife/Stroud,Catarina,TX ,USA,https://acukwik.com/Airport-Info/TS80
,Long Island Airpark,Catawba,NC ,USA,https://acukwik.com/Airport-Info/NC26
,Maciejewski Farm,Catawissa,PA ,USA,https://acukwik.com/Airport-Info/PN56
,Sce Palm Springs District,Cathedral City,CA ,USA,https://acukwik.com/Airport-Info/39CA
,Michair,Cathlamet,WA ,USA,https://acukwik.com/Airport-Info/WT44
,Rnr Farms,Cathlamet,WA ,USA,https://acukwik.com/Airport-Info/79WA
,Breeden,Catlett,VA ,USA,https://acukwik.com/Airport-Info/VA66
,Maples Field,Catlett,VA ,USA,https://acukwik.com/Airport-Info/VG57
,Port of Catoosa,Catoosa,OK ,USA,https://acukwik.com/Airport-Info/OL43
,Berdick Field,Cattaraugus,NY ,USA,https://acukwik.com/Airport-Info/0NK0
,Neverland,Cattaraugus,NY ,USA,https://acukwik.com/Airport-Info/NY76
,Cavalier Municipal,Cavalier,ND ,USA,https://acukwik.com/Airport-Info/2C8
,Grand Forks Par Site,Cavalier,ND ,USA,https://acukwik.com/Airport-Info/ND81
,Hinkle,Cavalier,ND ,USA,https://acukwik.com/Airport-Info/9ND8
,Tanglefoot,Cavanaugh Bay,ID ,USA,https://acukwik.com/Airport-Info/D28
,Illinois Valley,Cave Junction,OR ,USA,https://acukwik.com/Airport-Info/3S4
,Brownstone Airpark,Cave Spring,GA ,USA,https://acukwik.com/Airport-Info/GE61
,Dawson Field,Cave Spring,GA ,USA,https://acukwik.com/Airport-Info/53GA
,Elder Airstrip,Cave Springs,AR ,USA,https://acukwik.com/Airport-Info/6AR1
,Freeman Creek,Cavendish,ID ,USA,https://acukwik.com/Airport-Info/34ID
,Ingle,Cavour,SD ,USA,https://acukwik.com/Airport-Info/SD43
,Cayuse Creek Usfs,Cayuse Creek,ID ,USA,https://acukwik.com/Airport-Info/C64
,Deer Haven Ranch,Cecil,WI ,USA,https://acukwik.com/Airport-Info/WI60
,Strable Landing Strip,Cecil,OH ,USA,https://acukwik.com/Airport-Info/OH99
,Hexton Farms,Cecilton,MD ,USA,https://acukwik.com/Airport-Info/MD93
,Miller-Herrold,Cedar,MI ,USA,https://acukwik.com/Airport-Info/28MI
,Flying Bk Ranch,Cedar Bluff,AL ,USA,https://acukwik.com/Airport-Info/AL32
,Cedar City Hospital,Cedar City,UT ,USA,https://acukwik.com/Airport-Info/UT50
KCDC,Cedar City Regional,Cedar City,UT ,USA,https://acukwik.com/Airport-Info/KCDC
,Gdc,Cedar City,UT ,USA,https://acukwik.com/Airport-Info/UT59
,Gilbert Development Shop,Cedar City,UT ,USA,https://acukwik.com/Airport-Info/UT12
,Isley Field,Cedar Falls,IA ,USA,https://acukwik.com/Airport-Info/24IA
,Mercyone Cedar Falls Medical Center,Cedar Falls,IA ,USA,https://acukwik.com/Airport-Info/IA66
,Smies,Cedar Grove,WI ,USA,https://acukwik.com/Airport-Info/75WI
,Cedars Airfield,Cedar Key,FL ,USA,https://acukwik.com/Airport-Info/FA71
KCDK,George T Lewis,Cedar Key,FL ,USA,https://acukwik.com/Airport-Info/KCDK
,Bianchi,Cedar Lake,IN ,USA,https://acukwik.com/Airport-Info/IN13
,Cedar Lake,Cedar Lake,IN ,USA,https://acukwik.com/Airport-Info/IN7
,Cedar Park Regional Medical Center,Cedar Park,TX ,USA,https://acukwik.com/Airport-Info/XS19
,Hank Sasser/Breakaway,Cedar Park,TX ,USA,https://acukwik.com/Airport-Info/40XS
,Mercy Hospital,Cedar Rapids,IA ,USA,https://acukwik.com/Airport-Info/IA72
,St Lukes Hospital Emergency,Cedar Rapids,IA ,USA,https://acukwik.com/Airport-Info/IA73
KCID,The Eastern Iowa,Cedar Rapids,IA ,USA,https://acukwik.com/Airport-Info/KCID
,Doren Field,Cedar Springs,MI ,USA,https://acukwik.com/Airport-Info/77MI
,Wilds Field,Cedar Springs,MI ,USA,https://acukwik.com/Airport-Info/5MI1
,Sss Aerodrome,Cedarburg,WI ,USA,https://acukwik.com/Airport-Info/WI62
,Brass Lantern Airpark,Cedarcreek,MO ,USA,https://acukwik.com/Airport-Info/MU24
,Flying W Ranch,Cedaredge,CO ,USA,https://acukwik.com/Airport-Info/CO20
,Mesawood,Cedaredge,CO ,USA,https://acukwik.com/Airport-Info/6CO2
,Polk County/Cornelius Moore Field,Cedartown,GA ,USA,https://acukwik.com/Airport-Info/4A4
,Cedarville,Cedarville,CA ,USA,https://acukwik.com/Airport-Info/O59
,Dave's Aerodrome,Cedarville,NJ ,USA,https://acukwik.com/Airport-Info/7NJ9
,Williamson,Cedarville,OH ,USA,https://acukwik.com/Airport-Info/OI73
,Advent Health Celebration,Celebration,FL ,USA,https://acukwik.com/Airport-Info/77FL
,Bishop's Landing,Celina,TX ,USA,https://acukwik.com/Airport-Info/T80
,Four Winds,Celina,TX ,USA,https://acukwik.com/Airport-Info/9S1
KCQA,Lakefield,Celina,OH ,USA,https://acukwik.com/Airport-Info/KCQA
,Methodist Celina,Celina,TX ,USA,https://acukwik.com/Airport-Info/79TT
,Tallows Field,Celina,TX ,USA,https://acukwik.com/Airport-Info/79TS
,Center Municipal,Center,TX ,USA,https://acukwik.com/Airport-Info/F17
,Hawkeye Hunting Club,Center,TX ,USA,https://acukwik.com/Airport-Info/TX45
,Leach,Center,CO ,USA,https://acukwik.com/Airport-Info/1V8
,Center Island,Center Island,WA ,USA,https://acukwik.com/Airport-Info/78WA
,Chickville,Center Ossipee,NH ,USA,https://acukwik.com/Airport-Info/NH18
,Meader's,Center Ossipee,NH ,USA,https://acukwik.com/Airport-Info/NH73
,Hannen,Center Point,IA ,USA,https://acukwik.com/Airport-Info/0IA8
,Chapman Memorial Field,Centerburg,OH ,USA,https://acukwik.com/Airport-Info/6CM
,White Oak Field,Centerburg,OH ,USA,https://acukwik.com/Airport-Info/OH87
,Ashmore Field,Centerton,AR ,USA,https://acukwik.com/Airport-Info/2AR5
,American Legion-Village Of Centertown,Centertown,MO ,USA,https://acukwik.com/Airport-Info/MO19
,Fletcher Field,Centerview,MO ,USA,https://acukwik.com/Airport-Info/2MO0
,Centerville Airstrip,Centerville,AR ,USA,https://acukwik.com/Airport-Info/AR03
KTVK,Centerville Municipal,Centerville,IA ,USA,https://acukwik.com/Airport-Info/KTVK
KGHM,Centerville Municipal,Centerville,TN ,USA,https://acukwik.com/Airport-Info/KGHM
,Dillard Ranch,Centerville,TX ,USA,https://acukwik.com/Airport-Info/TE01
,Hickman County Health Services,Centerville,TN ,USA,https://acukwik.com/Airport-Info/TN22
,Mercy Medical Center - Centerville,Centerville,IA ,USA,https://acukwik.com/Airport-Info/IA25
,Moore Ranch,Centerville,TX ,USA,https://acukwik.com/Airport-Info/24TA
,Schubert Airstrip,Centerville,WI ,USA,https://acukwik.com/Airport-Info/40WI
,Wild Hair,Centerville,WA ,USA,https://acukwik.com/Airport-Info/5WA7
,Zoch,Centerville,TX ,USA,https://acukwik.com/Airport-Info/70TA
PACE,Central,Central,AK ,USA,https://acukwik.com/Airport-Info/PACE
,Central City Municipal/Larry Reineke Field,Central City,NE ,USA,https://acukwik.com/Airport-Info/07K
,Erickson Air-Crane Admin Offices,Central Point,OR ,USA,https://acukwik.com/Airport-Info/OG58
,Erickson Air-Crane Whetstone,Central Point,OR ,USA,https://acukwik.com/Airport-Info/2OG2
,Riveredge Airpark,Central Square,NY ,USA,https://acukwik.com/Airport-Info/19NK
,Sunset Strip,Centralhatchee,GA ,USA,https://acukwik.com/Airport-Info/7GE5
,Centralia Correctional Center,Centralia,IL ,USA,https://acukwik.com/Airport-Info/6IL8
KENL,Centralia Municipal,Centralia,IL ,USA,https://acukwik.com/Airport-Info/KENL
,Providence Centralia Hospital,Centralia,WA ,USA,https://acukwik.com/Airport-Info/2WA7
,St Mary's Good Samaritan Hospital,Centralia,IL ,USA,https://acukwik.com/Airport-Info/98IL
KPYP,Centre-Piedmont-Cherokee County Regional,Centre,AL ,USA,https://acukwik.com/Airport-Info/KPYP
,Headquarters,Centre,AL ,USA,https://acukwik.com/Airport-Info/AL27
,Centre Airpark,Centre Hall,PA ,USA,https://acukwik.com/Airport-Info/N16
,Penns Cave,Centre Hall,PA ,USA,https://acukwik.com/Airport-Info/N74
,Kleinman's,Centre Island,NY ,USA,https://acukwik.com/Airport-Info/35NY
,Ashland Landing Farm,Centreville,MD ,USA,https://acukwik.com/Airport-Info/MD21
,Bibb County,Centreville,AL ,USA,https://acukwik.com/Airport-Info/0A8
,Bibb Medical Center,Centreville,AL ,USA,https://acukwik.com/Airport-Info/81AL
,Conquest Field,Centreville,MD ,USA,https://acukwik.com/Airport-Info/94MD
,Touchette Regional Hospital,Centreville,IL ,USA,https://acukwik.com/Airport-Info/LL59
,Collier/Pine Barren Airpark,Century,FL ,USA,https://acukwik.com/Airport-Info/FD89
,Freefall Oz,Ceres,PA ,USA,https://acukwik.com/Airport-Info/06PA
,Gaitros Stol,Cerro Gordo,IL ,USA,https://acukwik.com/Airport-Info/88IL
,Rosenberg,Ceylon,MN ,USA,https://acukwik.com/Airport-Info/MY80
,Chadron Community Hospital,Chadron,NE ,USA,https://acukwik.com/Airport-Info/60NE
KCDR,Chadron Municipal,Chadron,NE ,USA,https://acukwik.com/Airport-Info/KCDR
,Ausk Strip,Chaffee,ND ,USA,https://acukwik.com/Airport-Info/8ND5
,J Vining,Chaffee,ND ,USA,https://acukwik.com/Airport-Info/8ND6
,Binder,Chagrin Falls,OH ,USA,https://acukwik.com/Airport-Info/0OH1
PACI,Chalkyitsik,Chalkyitsik,AK ,USA,https://acukwik.com/Airport-Info/PACI
,Cahc Emergency,Challis,ID ,USA,https://acukwik.com/Airport-Info/99ID
KLLJ,Challis,Challis,ID ,USA,https://acukwik.com/Airport-Info/KLLJ
,Cougar Ranch,Challis,ID ,USA,https://acukwik.com/Airport-Info/D47
,Flying Z Ranch,Challis,ID ,USA,https://acukwik.com/Airport-Info/24ID
,Lower Loon Creek,Challis,ID ,USA,https://acukwik.com/Airport-Info/C53
,Marble Creek,Challis,ID ,USA,https://acukwik.com/Airport-Info/ID8
,Upper Loon Creek Usfs,Challis,ID ,USA,https://acukwik.com/Airport-Info/U72
,Eastside,Chama,NM ,USA,https://acukwik.com/Airport-Info/NM24
,Chamberlain Municipal,Chamberlain,SD ,USA,https://acukwik.com/Airport-Info/9V9
,Cook Field,Chamberlain,SD ,USA,https://acukwik.com/Airport-Info/SD44
,Mid-Dakota Hospital,Chamberlain,SD ,USA,https://acukwik.com/Airport-Info/SD09
,Chamberlain Usfs,Chamberlain Guard Station,ID ,USA,https://acukwik.com/Airport-Info/U79
,Chambers Island,Chambers Island,WI ,USA,https://acukwik.com/Airport-Info/30WI
,Chambersburg Hospital,Chambersburg,PA ,USA,https://acukwik.com/Airport-Info/PA60
,Franklin County Regional,Chambersburg,PA ,USA,https://acukwik.com/Airport-Info/N68
,Letterkenny Army Depot Helipad,Chambersburg,PA ,USA,https://acukwik.com/Airport-Info/7PN5
,Rocktop,Chambersburg,PA ,USA,https://acukwik.com/Airport-Info/PA58
,Davis,Chambersville,PA ,USA,https://acukwik.com/Airport-Info/PN08
,Mc Culley,Champaign,IL ,USA,https://acukwik.com/Airport-Info/IL56
KCMI,University of Illinois/Willard,Champaign/Urbana,IL ,USA,https://acukwik.com/Airport-Info/KCMI
,Smith Field,Champion,NE ,USA,https://acukwik.com/Airport-Info/8NE3
,Leos Landing,Champlin,MN ,USA,https://acukwik.com/Airport-Info/83MY
,Chandalar Shelf,Chandalar Camp,AK ,USA,https://acukwik.com/Airport-Info/5CD
PALR,Chandalar Lake,Chandalar Lake,AK ,USA,https://acukwik.com/Airport-Info/PALR
,Banner Ocotillo Medical Center,Chandler,AZ ,USA,https://acukwik.com/Airport-Info/AZ77
,Chandler Armory,Chandler,OK ,USA,https://acukwik.com/Airport-Info/63OK
KCHD,Chandler Municipal,Chandler,AZ ,USA,https://acukwik.com/Airport-Info/KCHD
KCQB,Chandler Regional,Chandler,OK ,USA,https://acukwik.com/Airport-Info/KCQB
,Chandler Regional Medical Center,Chandler,AZ ,USA,https://acukwik.com/Airport-Info/AZ76
,Grass Strip,Chandler,OK ,USA,https://acukwik.com/Airport-Info/8OK6
,Jeppesen Ranch,Chandler,AZ ,USA,https://acukwik.com/Airport-Info/AZ87
,Raceway,Chandler,IN ,USA,https://acukwik.com/Airport-Info/II32
,Stellar Airpark,Chandler,AZ ,USA,https://acukwik.com/Airport-Info/P19
,Lyb,Channelview,TX ,USA,https://acukwik.com/Airport-Info/TA14
KCNU,Chanute Martin Johnson,Chanute,KS ,USA,https://acukwik.com/Airport-Info/KCNU
,Neosho Memorial Regional Hospital,Chanute,KS ,USA,https://acukwik.com/Airport-Info/89KS
,Schultz Field,Chanute,KS ,USA,https://acukwik.com/Airport-Info/19KS
,Miles,Chapel Hill,NC ,USA,https://acukwik.com/Airport-Info/NC34
,Racecar,Chapel Hill,TN ,USA,https://acukwik.com/Airport-Info/TN27
,The Duchy,Chapel Hill,NC ,USA,https://acukwik.com/Airport-Info/5NC5
,Womble Field,Chapel Hill,NC ,USA,https://acukwik.com/Airport-Info/3NC9
,Williams Airpark,Chapin,IL ,USA,https://acukwik.com/Airport-Info/30LL
,Prairie Cottage,Chapman,KS ,USA,https://acukwik.com/Airport-Info/8KS8
,Whifferdill,Chapmansboro,TN ,USA,https://acukwik.com/Airport-Info/TN77
KCNP,Billy G Ray Field,Chappell,NE ,USA,https://acukwik.com/Airport-Info/KCNP
,Eberly Ranch,Chappell Hill,TX ,USA,https://acukwik.com/Airport-Info/TX70
,Bass,Chardon,OH ,USA,https://acukwik.com/Airport-Info/65OI
,Curtis,Chardon,OH ,USA,https://acukwik.com/Airport-Info/7OH8
,University Hospitals Geauga Medical Center,Chardon,OH ,USA,https://acukwik.com/Airport-Info/93OH
KCNC,Chariton Municipal,Chariton,IA ,USA,https://acukwik.com/Airport-Info/KCNC
,Lucas County Health Center,Chariton,IA ,USA,https://acukwik.com/Airport-Info/IA19
,Floyd County Memorial Hospital,Charles City,IA ,USA,https://acukwik.com/Airport-Info/4IA3
KCCY,Northeast Iowa Regional,Charles City,IA ,USA,https://acukwik.com/Airport-Info/KCCY
,Browns,Charleston,MS ,USA,https://acukwik.com/Airport-Info/MS33
,CAMC-Memorial,Charleston,WV ,USA,https://acukwik.com/Airport-Info/WV56
KJZI,Charleston Executive,Charleston,SC ,USA,https://acukwik.com/Airport-Info/KJZI
KCHS,Charleston International/AFB,Charleston,SC ,USA,https://acukwik.com/Airport-Info/KCHS
,Charleston Municipal,Charleston,MS ,USA,https://acukwik.com/Airport-Info/09M
,Heartstone Farm,Charleston,ME ,USA,https://acukwik.com/Airport-Info/2ME3
,Hondarosa,Charleston,SC ,USA,https://acukwik.com/Airport-Info/SC42
,Medical University Of South Carolina,Charleston,SC ,USA,https://acukwik.com/Airport-Info/SC71
KCHQ,Mississippi County,Charleston,MO ,USA,https://acukwik.com/Airport-Info/KCHQ
,Musc Shawn Jenkins Childrens Hospital,Charleston,SC ,USA,https://acukwik.com/Airport-Info/SC80

